商品画像名_1,商品画像名_2,商品画像名_3,商品画像名_4,商品画像名_5,商品画像名_6,商品画像名_7,商品画像名_8,商品画像名_9,商品画像名_10,商品画像名_11,商品画像名_12,商品画像名_13,商品画像名_14,商品画像名_15,商品画像名_16,商品画像名_17,商品画像名_18,商品画像名_19,商品画像名_20,商品名,商品説明,SKU1_種類,SKU1_在庫数,SKU1_商品管理コード,SKU1_JANコード,SKU2_種類,SKU2_在庫数,SKU2_商品管理コード,SKU2_JANコード,SKU3_種類,SKU3_在庫数,SKU3_商品管理コード,SKU3_JANコード,SKU4_種類,SKU4_在庫数,SKU4_商品管理コード,SKU4_JANコード,SKU5_種類,SKU5_在庫数,SKU5_商品管理コード,SKU5_JANコード,SKU6_種類,SKU6_在庫数,SKU6_商品管理コード,SKU6_JANコード,SKU7_種類,SKU7_在庫数,SKU7_商品管理コード,SKU7_JANコード,SKU8_種類,SKU8_在庫数,SKU8_商品管理コード,SKU8_JANコード,SKU9_種類,SKU9_在庫数,SKU9_商品管理コード,SKU9_JANコード,SKU10_種類,SKU10_在庫数,SKU10_商品管理コード,SKU10_JANコード,ブランドID,販売価格,カテゴリID,商品の状態,配送方法,発送元の地域,発送までの日数,商品ステータス,配送料の負担,送料ID,メルカリBiz配送_クール区分,発売日,予約受付開始日,予約受付終了日,キャンセル期限,お届け予定
"https://b2bfiles1.gigab2b.cn/image/wkseller/301/0bd7f547244a0bae7acae7e3582c97f0.jpg?x-cc=20&x-cu=28909&x-ct=1784098800&x-cs=95ab6c7fd5dec79e86764c46898c3817""","https://b2bfiles1.gigab2b.cn/image/wkseller/301/5b662b7828aa10ae2709eb28a3963ec5.JPG?x-cc=20&x-cu=28909&x-ct=1784098800&x-cs=f04ec80f8700ea1714e9df9e28937e15""","https://b2bfiles1.gigab2b.cn/image/wkseller/301/c70880dfe0f031e1d02848fb538dff45.JPG?x-cc=20&x-cu=28909&x-ct=1784098800&x-cs=7b72d6bc63c23d4c40860884417c81c8""","https://b2bfiles1.gigab2b.cn/image/wkseller/301/3ea5802f1ff16a2206de8265ae44da6f.JPG?x-cc=20&x-cu=28909&x-ct=1784098800&x-cs=c470091f300cc6ae019db3fd355faf05""","https://b2bfiles1.gigab2b.cn/image/wkseller/301/42256ec212bca71e31d8867e64528da8.JPG?x-cc=20&x-cu=28909&x-ct=1784098800&x-cs=b23079edc3ede30778ab0c0437f8b246""","https://b2bfiles1.gigab2b.cn/image/wkseller/301/0b2029ddabbd0bed84521d4103993991.JPG?x-cc=20&x-cu=28909&x-ct=1784098800&x-cs=7ea40309a9ea4bdb6697a4e93a2c6f4d""","https://b2bfiles1.gigab2b.cn/image/wkseller/301/8aa1c61951ba8aa89895f8bc7f0a310f.jpg?x-cc=20&x-cu=28909&x-ct=1784098800&x-cs=a96e91fa3e7baabd9664bf2d6cb5e11c""","https://b2bfiles1.gigab2b.cn/image/wkseller/301/97079abceec3b2ddae71b054e4a1bc7d.jpg?x-cc=20&x-cu=28909&x-ct=1784098800&x-cs=a84d1980a394ec86307932ccfbac29d7""","https://b2bfiles1.gigab2b.cn/image/wkseller/301/ded0349a2d1206d44703f44b3e6b9a36.jpg?x-cc=20&x-cu=28909&x-ct=1784098800&x-cs=b9eee0964ea392c396a9efbfa24519c8""","https://b2bfiles1.gigab2b.cn/image/wkseller/301/88b3b547d8bb3ec8da5639e309f5df2e.jpg?x-cc=20&x-cu=28909&x-ct=1784098800&x-cs=af7dbf16f4222e975ac2495dcbeaa135""","https://b2bfiles1.gigab2b.cn/image/wkseller/301/99f84643db08ddbfbf03d98722c5bf97.jpg?x-cc=20&x-cu=28909&x-ct=1784098800&x-cs=6deb944b1d1c48d1eec1c2bc628ec1ba""","https://b2bfiles1.gigab2b.cn/image/wkseller/301/411a3864dc311a921561a11d304a0964.jpg?x-cc=20&x-cu=28909&x-ct=1784098800&x-cs=d360db437da20f395e06ba720f16fbcf""","https://b2bfiles1.gigab2b.cn/image/wkseller/301/957ef508bc389cfd8989f5e225e02430.jpg?x-cc=20&x-cu=28909&x-ct=1784098800&x-cs=0528026f1ac10ab8569aa57982777abf""","https://b2bfiles1.gigab2b.cn/image/wkseller/301/24b47c65e61ef699571957af01bcda55.jpg?x-cc=20&x-cu=28909&x-ct=1784098800&x-cs=c29ddb85cc89d7bf9fc79f4936feb03c""","https://b2bfiles1.gigab2b.cn/image/wkseller/301/02c2139151fb91d32915163db376a1b6.jpg?x-cc=20&x-cu=28909&x-ct=1784098800&x-cs=727735cf6e99e878a419f00a7e340977""","https://b2bfiles1.gigab2b.cn/image/wkseller/301/8a9f99a7289955a296f6aa66854dbf07.jpg?x-cc=20&x-cu=28909&x-ct=1784098800&x-cs=57e2449a20fdd63b70507d5d90ee513a""","https://b2bfiles1.gigab2b.cn/image/wkseller/301/7eaf8cd1a3f63777f57a0bea883c7b4a.jpg?x-cc=20&x-cu=28909&x-ct=1784098800&x-cs=6ac18ccd1159df5fc6ed92faf14e0242""","https://b2bfiles1.gigab2b.cn/image/wkseller/301/3bd6b93be5bfa4f1398e1857a002d526.jpg?x-cc=20&x-cu=28909&x-ct=1784098800&x-cs=fd2b259645d71351512fcc466f49cdbc""","https://b2bfiles1.gigab2b.cn/image/wkseller/301/c9bddb647f8bd93eed2d8c18b80dbc5d.jpg?x-cc=20&x-cu=28909&x-ct=1784098800&x-cs=23a649a69d6fa1425984241e6119286d""",https://pub-606bcd6c031442e4959f73b5435fefd1.r2.dev/shipping-guide.png,【2個】【ベージュ】【防災対策用にも!】エアーベッド電動 ワイドダブルサイズ 196*150*47cm 空気ベッド キャンプマット インフレーターマット 自動膨張式 快適な寝心地 折り畳み 超軽量 コンパクト 来客用 予備ベッド 家庭用 電動式ポンプ 収納袋付,"ホムブリスショップへようこそ
♪すべての商品は未開封の新品です
♪フォロー割あり
♪まとめ買い割あり：2点で2%OFF、3点で3%OFF、最大5%（一部商品適用外）
♪発送と送料：在庫品は1～2営業日以内に発送、再入荷商品は入荷後1～2営業日以内に発送いたします。北海道は基本的に追加送料不要です。沖縄への送料は別途お見積りが必須です。

【商品説明】

組立時重量: Not Applicable
組立時長さ: Not Applicable
組立時幅: Not Applicable
組立時高さ: Not Applicable
主要素材: PVC
主要カラー: Beige,Brown",,0,2N512P241248A,,,,,,,,,,,,,,,,,,,,,,,,,,,,,,,,,,,,,,,21402,pACXAgkow3q7TJUqqm7xt3,1,1,jp13,1,1,1,,,,,,,
"https://b2bfiles1.gigab2b.cn/image/wkseller/301/5db7f69a292c2ce649f9758fa4104c93.jpg?x-cc=20&x-cu=28909&x-ct=1784098800&x-cs=79955287d3432d288a30410e465f32c5""","https://b2bfiles1.gigab2b.cn/image/wkseller/301/214a78fe8e4448ebd93dd30447434b76.JPG?x-cc=20&x-cu=28909&x-ct=1784098800&x-cs=aca865f297ddd9457393528620cd3118""","https://b2bfiles1.gigab2b.cn/image/wkseller/301/a424dd2deca6fbbf8bb21789373c3526.JPG?x-cc=20&x-cu=28909&x-ct=1784098800&x-cs=bc1405f7f32871942bbb4a962eaae489""","https://b2bfiles1.gigab2b.cn/image/wkseller/301/15b57dc655f5aa84e1e65f2132527847.JPG?x-cc=20&x-cu=28909&x-ct=1784098800&x-cs=76e1cd771ab306c80370157502da3226""","https://b2bfiles1.gigab2b.cn/image/wkseller/301/3c60221b4bbf582288b92db811ae90d5.JPG?x-cc=20&x-cu=28909&x-ct=1784098800&x-cs=4c14a377fb513531b5cafcbf02f2d4c8""","https://b2bfiles1.gigab2b.cn/image/wkseller/301/0aa9a41d00e56935d683b787835d5bb3.JPG?x-cc=20&x-cu=28909&x-ct=1784098800&x-cs=24af057be9040acfff4b867aef8336e0""","https://b2bfiles1.gigab2b.cn/image/wkseller/301/e0f8fda5e0302e207f996e397f2bfec1.JPG?x-cc=20&x-cu=28909&x-ct=1784098800&x-cs=a03df7e459bd83f5ae94058d3fae74ec""","https://b2bfiles1.gigab2b.cn/image/wkseller/301/7eb6498dcaacf18eb47bb2aec0c11ec3.jpg?x-cc=20&x-cu=28909&x-ct=1784098800&x-cs=bf822d3d865578fb5fe7ed1af034901a""","https://b2bfiles1.gigab2b.cn/image/wkseller/301/81056b33f3a0d729a16ad588fcdac7bf.jpg?x-cc=20&x-cu=28909&x-ct=1784098800&x-cs=ff3aacc0ec7e392cd711dea97433ffcd""","https://b2bfiles1.gigab2b.cn/image/wkseller/301/3d86085af284bc2227fd39aa26414ae8.jpg?x-cc=20&x-cu=28909&x-ct=1784098800&x-cs=cb835815a08cbfdc8418c2e704086a16""","https://b2bfiles1.gigab2b.cn/image/wkseller/301/977aeb2f32906ed8b175a07adbfef0a7.jpg?x-cc=20&x-cu=28909&x-ct=1784098800&x-cs=a088bb35f8fb7327f4752c8f3c50909a""","https://b2bfiles1.gigab2b.cn/image/wkseller/301/6336a63277179e87933867832f143359.jpg?x-cc=20&x-cu=28909&x-ct=1784098800&x-cs=9392e3fc169f63f3137c6e5b379f0c7e""","https://b2bfiles1.gigab2b.cn/image/wkseller/301/7debbafe5f96fbaabf95419aa3a5bdf3.jpg?x-cc=20&x-cu=28909&x-ct=1784098800&x-cs=bf46779e49f394ea99752939d8c96863""","https://b2bfiles1.gigab2b.cn/image/wkseller/301/afe9b8dac5b1b1d8c392e1b3818d20fa.jpg?x-cc=20&x-cu=28909&x-ct=1784098800&x-cs=350d3da94c7c889636b84b9ff1c79241""","https://b2bfiles1.gigab2b.cn/image/wkseller/301/1946f557b581c740badaec8ff087a797.jpg?x-cc=20&x-cu=28909&x-ct=1784098800&x-cs=5a36eb6ab3c6d74506a52f5125a5c0b2""","https://b2bfiles1.gigab2b.cn/image/wkseller/301/9e0ffbec634caf93a4c555f878d07369.jpg?x-cc=20&x-cu=28909&x-ct=1784098800&x-cs=2027c7adbeb17a8b7d91f22a5db3818d""","https://b2bfiles1.gigab2b.cn/image/wkseller/301/ff1642f4883442c05516df34afcf1fb7.jpg?x-cc=20&x-cu=28909&x-ct=1784098800&x-cs=9322af4e0d51a51c3db5809f8b087633""","https://b2bfiles1.gigab2b.cn/image/wkseller/301/2307649b926a5e1d730511302e308475.jpg?x-cc=20&x-cu=28909&x-ct=1784098800&x-cs=1329dd17529a47d7af1f391dd5a1fabc""","https://b2bfiles1.gigab2b.cn/image/wkseller/301/afdd83d66cc36ab7d2e0f15990552328.jpg?x-cc=20&x-cu=28909&x-ct=1784098800&x-cs=b9852b2eeee0f01c0d09289f22399479""",https://pub-606bcd6c031442e4959f73b5435fefd1.r2.dev/shipping-guide.png,【2個】【グレー】【防災対策用にも!】エアーベッド電動 ワイドダブルサイズ 196*150*47cm 空気ベッド キャンプマット インフレーターマット 自動膨張式 快適な寝心地 折り畳み 超軽量 コンパクト 来客用 予備ベッド 家庭用 電動式ポンプ 収納袋付き,"ホムブリスショップへようこそ
♪すべての商品は未開封の新品です
♪フォロー割あり
♪まとめ買い割あり：2点で2%OFF、3点で3%OFF、最大5%（一部商品適用外）
♪発送と送料：在庫品は1～2営業日以内に発送、再入荷商品は入荷後1～2営業日以内に発送いたします。北海道は基本的に追加送料不要です。沖縄への送料は別途お見積りが必須です。

【商品説明】

組立時重量: Not Applicable
組立時長さ: Not Applicable
組立時幅: Not Applicable
組立時高さ: Not Applicable
主要素材: PVC
主要カラー: Grey",グレー,0,2N512P241250B,,,,,,,,,,,,,,,,,,,,,,,,,,,,,,,,,,,,,,,21402,pACXAgkow3q7TJUqqm7xt3,1,1,jp13,1,1,1,,,,,,,
"https://b2bfiles1.gigab2b.cn/image/wkseller/301/9ac0bd4208482dd8fd635a2183989ec0.jpg?x-cc=20&x-cu=28909&x-ct=1784098800&x-cs=2944ef4b33e2c3f7eb1fd38e813eea50""","https://b2bfiles1.gigab2b.cn/image/wkseller/301/c496e6968420bb435846a5a6863c5fee.jpg?x-cc=20&x-cu=28909&x-ct=1784098800&x-cs=a9ca1ae2e84b6f951aeb80f9c4a5828a""","https://b2bfiles1.gigab2b.cn/image/wkseller/301/b9016b44decb6c7bb53e3f76374166b9.jpg?x-cc=20&x-cu=28909&x-ct=1784098800&x-cs=7e42735629fd68b7691d279e8cef5309""","https://b2bfiles1.gigab2b.cn/image/wkseller/301/f5c45bbde56ea1b2940b1f5340390457.jpg?x-cc=20&x-cu=28909&x-ct=1784098800&x-cs=f144a884e09d4c4401a03d5cee2ba5b0""","https://b2bfiles1.gigab2b.cn/image/wkseller/301/797782a8a0fd1a83acd81122153af0ca.jpg?x-cc=20&x-cu=28909&x-ct=1784098800&x-cs=08aa3eca513f9dd520e3e70166138f40""","https://b2bfiles1.gigab2b.cn/image/wkseller/301/1984705c56d9bce6c5c63942c22f43e1.jpg?x-cc=20&x-cu=28909&x-ct=1784098800&x-cs=9905a3927bd434aedaa4e1ae7c4882e2""","https://b2bfiles1.gigab2b.cn/image/wkseller/301/e02947304d8a1cdfe167d13988b0b693.jpg?x-cc=20&x-cu=28909&x-ct=1784098800&x-cs=d0dd32f80036acc5174f828ecda5e892""","https://b2bfiles1.gigab2b.cn/image/wkseller/301/db5e67314575a70cfc886ad76a33a522.jpg?x-cc=20&x-cu=28909&x-ct=1784098800&x-cs=123a86a45dd96fd5a61149b06f17984f""","https://b2bfiles1.gigab2b.cn/image/wkseller/301/43a8ff01cc49a00550b1cd75477abe13.jpg?x-cc=20&x-cu=28909&x-ct=1784098800&x-cs=2d5371adb901553b61440c9fcb2d9763""","https://b2bfiles1.gigab2b.cn/image/wkseller/301/0eb1fcd9def6651c94c0af5f74410fad.jpg?x-cc=20&x-cu=28909&x-ct=1784098800&x-cs=77ca61a530e158bc9065e527fb877107""","https://b2bfiles1.gigab2b.cn/image/wkseller/301/2a2ed5180da39b3997f5ea0d31b4e838.jpg?x-cc=20&x-cu=28909&x-ct=1784098800&x-cs=4193ed0446a14d0d010531582ad61614""","https://b2bfiles1.gigab2b.cn/image/wkseller/301/6e13e07e439dcec97508871df50705b9.jpg?x-cc=20&x-cu=28909&x-ct=1784098800&x-cs=1f91935b335cce280910b890be08d026""","https://b2bfiles1.gigab2b.cn/image/wkseller/301/d164e7ed7bc42e79745a7e4520a2ee48.jpg?x-cc=20&x-cu=28909&x-ct=1784098800&x-cs=368c2fb7a8a7b2b2fea80db90e0af693""","https://b2bfiles1.gigab2b.cn/image/wkseller/301/d8e7f7858b950f91708c6e39d5716502.jpg?x-cc=20&x-cu=28909&x-ct=1784098800&x-cs=4c2e38316298bfa99a72ca1a5d0ff48a""","https://b2bfiles1.gigab2b.cn/image/wkseller/301/53699cc4df541c67969bcdf94cde23b0.jpg?x-cc=20&x-cu=28909&x-ct=1784098800&x-cs=5403cc93a9e15f1270f3c2c95f7a3647""","https://b2bfiles1.gigab2b.cn/image/wkseller/301/ecd9a38833504e9847d2786b744a1afb.jpg?x-cc=20&x-cu=28909&x-ct=1784098800&x-cs=70fd5b572aac2e1b6526507472ef602c""","https://b2bfiles1.gigab2b.cn/image/wkseller/301/2d7ea1d17241ef011446d9b485d718a2.jpg?x-cc=20&x-cu=28909&x-ct=1784098800&x-cs=c85c8d11467a030d8950bbebef6cd44f""","https://b2bfiles1.gigab2b.cn/image/wkseller/301/c0ee40e92962476aef807aa40fc85f3e.jpg?x-cc=20&x-cu=28909&x-ct=1784098800&x-cs=d887e314c37b56f259a93dadc7a71156""","https://b2bfiles1.gigab2b.cn/image/wkseller/301/f6f13b9c99c98d4fe6a4e39b5641edc6.jpg?x-cc=20&x-cu=28909&x-ct=1784098800&x-cs=69da3fb702ee8745184d0bccb921d867""",https://pub-606bcd6c031442e4959f73b5435fefd1.r2.dev/shipping-guide.png,set  D  ダブル ベッドフレーム ステージベッド ベッド下収納  ローベッド フロアベッド ロータイプ ヘッドレス ベットフレーム  ヘッドボードなし すのこ,"ホムブリスショップへようこそ
♪すべての商品は未開封の新品です
♪フォロー割あり
♪まとめ買い割あり：2点で2%OFF、3点で3%OFF、最大5%（一部商品適用外）
♪発送と送料：在庫品は1～2営業日以内に発送、再入荷商品は入荷後1～2営業日以内に発送いたします。北海道は基本的に追加送料不要です。沖縄への送料は別途お見積りが必須です。

【商品説明】

組立時重量: Not Applicable
組立時長さ: Not Applicable
組立時幅: Not Applicable
組立時高さ: Not Applicable
主要素材: Solid Wood
主要カラー: Natural",ナチュラル,0,2N512P419549A,,,,,,,,,,,,,,,,,,,,,,,,,,,,,,,,,,,,,,,29410,inKxUfKiUt2WEcGg3eBhKU,1,1,jp13,1,1,1,,,,,,,
"https://b2bfiles1.gigab2b.cn/image/wkseller/301/wf189982/20200330_5554c9b43f2b9c38e508355d3761cff6.jpg?x-cc=20&x-cu=28909&x-ct=1784098800&x-cs=3941fa35d6dd3e09735d2d661c442c23""","https://b2bfiles1.gigab2b.cn/image/wkseller/301/84aa1f61e1a61ad7c73d223b468d9b0f.jpg?x-cc=20&x-cu=28909&x-ct=1784098800&x-cs=1379038cdae6912623597608809aa054""","https://b2bfiles1.gigab2b.cn/image/wkseller/301/wf189982/20200330_c5f8fa01ef996e50171b402fa575cfe9.jpg?x-cc=20&x-cu=28909&x-ct=1784098800&x-cs=3d984a553a275d2e74031c8446ac713b""","https://b2bfiles1.gigab2b.cn/image/wkseller/301/wf189982/20200330_584851f92d41c22d87ce69302c9f16cb.jpg?x-cc=20&x-cu=28909&x-ct=1784098800&x-cs=6e048452adb78cfcf9f0fcd978ff4070""","https://b2bfiles1.gigab2b.cn/image/wkseller/301/wf189982/20200330_7e82946e72223609b2581e5c312611e6.jpg?x-cc=20&x-cu=28909&x-ct=1784098800&x-cs=e62f6f37deb26149b583ae94247d0876""","https://b2bfiles1.gigab2b.cn/image/wkseller/301/wf189982/20200330_a43b5aa0fd8164e10883dad01c8f5a73.jpg?x-cc=20&x-cu=28909&x-ct=1784098800&x-cs=3625e93cefd28ed0a38cb0c7ffc15f6b""","https://b2bfiles1.gigab2b.cn/image/wkseller/301/wf189982/20200330_52e7ab4ff11c99364fa1763fa08ab570.jpg?x-cc=20&x-cu=28909&x-ct=1784098800&x-cs=a89dd9228c5329e4e9b06b4f2b7c81af""","https://b2bfiles1.gigab2b.cn/image/wkseller/301/wf189982/20210218_65aa6fae6feb1e101fb8daf782eb1825.jpg?x-cc=20&x-cu=28909&x-ct=1784098800&x-cs=0b4129b0a235bfe6693cbcd5be72170d""]",https://pub-606bcd6c031442e4959f73b5435fefd1.r2.dev/shipping-guide.png,,,,,,,,,,,,【WF301556DAA   3set オフィスチェア+パソコンデスク セット】【ナチュラル】シンプルデスク　簡易デスク 木製　机　ワークデスク,"ホムブリスショップへようこそ
♪すべての商品は未開封の新品です
♪フォロー割あり
♪まとめ買い割あり：2点で2%OFF、3点で3%OFF、最大5%（一部商品適用外）
♪発送と送料：在庫品は1～2営業日以内に発送、再入荷商品は入荷後1～2営業日以内に発送いたします。北海道は基本的に追加送料不要です。沖縄への送料は別途お見積りが必須です。

【商品説明】

組立時重量: Not Applicable
組立時長さ: Not Applicable
組立時幅: Not Applicable
組立時高さ: Not Applicable
主要素材: Particle Board
主要カラー: Natural",ナチュラル,0,2ST295684DDA,,,,,,,,,,,,,,,,,,,,,,,,,,,,,,,,,,,,,,,23504,gRD8jKpyRewmy6DmW57T66,1,1,jp13,1,1,1,,,,,,,
"https://b2bfiles1.gigab2b.cn/image/wkseller/301/2be157d374881c27a86c437ea0081f89.jpg?x-cc=20&x-cu=28909&x-ct=1784098800&x-cs=3a7c826465fc7a2d2a43185c0afa8d8e""","https://b2bfiles1.gigab2b.cn/image/wkseller/301/1e15e6fd664f8e6fb25aeb4c65e1d76e.jpg?x-cc=20&x-cu=28909&x-ct=1784098800&x-cs=6890b1ad8061dac2b88a6b5e93299203""","https://b2bfiles1.gigab2b.cn/image/wkseller/301/e1d03b125a7d7a66a9d83e6a29d99670.jpg?x-cc=20&x-cu=28909&x-ct=1784098800&x-cs=0255e7a6cab192bd903ea5245c5489a8""","https://b2bfiles1.gigab2b.cn/image/wkseller/301/88a72d73f82080e8f3d05c1c91519b09.jpg?x-cc=20&x-cu=28909&x-ct=1784098800&x-cs=ec074a94f19f500939e4cffbd5d38397""","https://b2bfiles1.gigab2b.cn/image/wkseller/301/4c5e1972fcd660b57fc8424220632369.jpg?x-cc=20&x-cu=28909&x-ct=1784098800&x-cs=e9ee1fda1185477e8b479f0fff8ab652""","https://b2bfiles1.gigab2b.cn/image/wkseller/301/2c0865fd591738ecf6afa41a518474a7.jpg?x-cc=20&x-cu=28909&x-ct=1784098800&x-cs=0dd9a4f4f7d70e31424f57777584cb6c""","https://b2bfiles1.gigab2b.cn/image/wkseller/301/9d43fe3932bca8c67e0b6cfa4e514da7.jpg?x-cc=20&x-cu=28909&x-ct=1784098800&x-cs=40f445cde7640d60e92bfad34b728dd8""","https://b2bfiles1.gigab2b.cn/image/wkseller/301/ffcc7487ca4e2b96ffc48b96b4ef86b3.jpg?x-cc=20&x-cu=28909&x-ct=1784098800&x-cs=3aa00c4424b7f3dff3b6e801c460c8d2""","https://b2bfiles1.gigab2b.cn/image/wkseller/301/6a678394286392a468846a8250ca8169.jpg?x-cc=20&x-cu=28909&x-ct=1784098800&x-cs=f3955b37c6293e764bed0146262a709b""","https://b2bfiles1.gigab2b.cn/image/wkseller/301/3b830a9e4f1378e4bdf630180f0e54ed.jpg?x-cc=20&x-cu=28909&x-ct=1784098800&x-cs=5cfc1043a0d47acaca5dce2cb3ba366b""","https://b2bfiles1.gigab2b.cn/image/wkseller/301/c9c2703f438380e76b183a3763fbc458.jpg?x-cc=20&x-cu=28909&x-ct=1784098800&x-cs=b23f9b0fb55b6643df85373f159a2b84""","https://b2bfiles1.gigab2b.cn/image/wkseller/301/a1132d0fceaf54c6bbee3fafd7d5fe00.jpg?x-cc=20&x-cu=28909&x-ct=1784098800&x-cs=46d356cbda1b825de8fee8a7c251be67""","https://b2bfiles1.gigab2b.cn/image/wkseller/301/0f31c7f485cd37f0fd9f746ee96fbaeb.jpg?x-cc=20&x-cu=28909&x-ct=1784098800&x-cs=d6f69bdbd0fe1d0df38fe249415460b6""","https://b2bfiles1.gigab2b.cn/image/wkseller/301/00c0855ed3b6c4053ce051b98066706a.jpg?x-cc=20&x-cu=28909&x-ct=1784098800&x-cs=90caad3d935acf03eba7db133cf59e55""]",https://pub-606bcd6c031442e4959f73b5435fefd1.r2.dev/shipping-guide.png,,,,,,脚【鋼鉄タイプ】 オフィスチェア メッシュ パソコンチェア デスクチェア オフィスチェアー PCチェア OAチェア 疲れにくい　肘付き,"ホムブリスショップへようこそ
♪すべての商品は未開封の新品です
♪フォロー割あり
♪まとめ買い割あり：2点で2%OFF、3点で3%OFF、最大5%（一部商品適用外）
♪発送と送料：在庫品は1～2営業日以内に発送、再入荷商品は入荷後1～2営業日以内に発送いたします。北海道は基本的に追加送料不要です。沖縄への送料は別途お見積りが必須です。

【商品説明】

組立時重量: Not Applicable
組立時長さ: Not Applicable
組立時幅: Not Applicable
組立時高さ: Not Applicable
主要素材: Metal
主要カラー: Light Brown",ライトブラウン,6,3512P291703J,,,,,,,,,,,,,,,,,,,,,,,,,,,,,,,,,,,,,,,15503,gRD8jKpyRewmy6DmW57T66,1,1,jp13,1,1,1,,,,,,,
"https://b2bfiles1.gigab2b.cn/image/wkseller/301/9d39cf2a62227f184becfc79b2f704c1.jpg?x-cc=20&x-cu=28909&x-ct=1784098800&x-cs=969e72e24716d3ea0d17ba6c0618f88b""","https://b2bfiles1.gigab2b.cn/image/wkseller/301/f63ce0265600a7f9068e8bec845bbccb.jpg?x-cc=20&x-cu=28909&x-ct=1784098800&x-cs=7365456f1dd150a6e219a7a51de42d24""","https://b2bfiles1.gigab2b.cn/image/wkseller/301/2f52bd3fd17a04488bb9c5b851af268d.jpg?x-cc=20&x-cu=28909&x-ct=1784098800&x-cs=d3031107fa57580e6df56bdc86dd7b2c""","https://b2bfiles1.gigab2b.cn/image/wkseller/301/d6bdb9fadbb66c101094815e19fdd009.jpg?x-cc=20&x-cu=28909&x-ct=1784098800&x-cs=9f402dfbd78875caee532d28b082758a""","https://b2bfiles1.gigab2b.cn/image/wkseller/301/3a87f56dbec894e4473dda5624e65954.jpg?x-cc=20&x-cu=28909&x-ct=1784098800&x-cs=f33fba5735ee89b0745851926eb12566""","https://b2bfiles1.gigab2b.cn/image/wkseller/301/pp003632/20200330_c58df5c9412068c5cd7001ec0f6b577a.jpg?x-cc=20&x-cu=28909&x-ct=1784098800&x-cs=3b4282ca415229dc8d5e43ea55ac0638""","https://b2bfiles1.gigab2b.cn/image/wkseller/301/pp003632/20200330_a96f3584cbf5a8d5562ac9db1531ae7a.jpg?x-cc=20&x-cu=28909&x-ct=1784098800&x-cs=5495160f8f955d44a3c277dfca252b3a""","https://b2bfiles1.gigab2b.cn/image/wkseller/301/20220508_35b62c2dda62993e1aacf205c65aca93.png?x-cc=20&x-cu=28909&x-ct=1784098800&x-cs=67062cd9413df19aa0f8055ee43fe505""]",https://pub-606bcd6c031442e4959f73b5435fefd1.r2.dev/shipping-guide.png,,,,,,,,,,,,脚  PVC 座面    ベージュ 世界検査機関SGS規格最高ランク オフィスチェア メッシュ パソコンチェア デスクチェア オフィスチェアー PCチェア OAチェア 疲れにくい 肘無,"ホムブリスショップへようこそ
♪すべての商品は未開封の新品です
♪フォロー割あり
♪まとめ買い割あり：2点で2%OFF、3点で3%OFF、最大5%（一部商品適用外）
♪発送と送料：在庫品は1～2営業日以内に発送、再入荷商品は入荷後1～2営業日以内に発送いたします。北海道は基本的に追加送料不要です。沖縄への送料は別途お見積りが必須です。

【商品説明】

組立時重量: Not Applicable
組立時長さ: Not Applicable
組立時幅: Not Applicable
組立時高さ: Not Applicable
主要素材: Metal,PVC
主要カラー: White",ホワイト,0,3512P317060D,,,,,,,,,,,,,,,,,,,,,,,,,,,,,,,,,,,,,,,13503,gRD8jKpyRewmy6DmW57T66,1,1,jp13,1,1,1,,,,,,,
"https://b2bfiles1.gigab2b.cn/image/wkseller/301/0bd7f547244a0bae7acae7e3582c97f0.jpg?x-cc=20&x-cu=28909&x-ct=1784098800&x-cs=95ab6c7fd5dec79e86764c46898c3817""","https://b2bfiles1.gigab2b.cn/image/wkseller/301/5b662b7828aa10ae2709eb28a3963ec5.JPG?x-cc=20&x-cu=28909&x-ct=1784098800&x-cs=f04ec80f8700ea1714e9df9e28937e15""","https://b2bfiles1.gigab2b.cn/image/wkseller/301/c70880dfe0f031e1d02848fb538dff45.JPG?x-cc=20&x-cu=28909&x-ct=1784098800&x-cs=7b72d6bc63c23d4c40860884417c81c8""","https://b2bfiles1.gigab2b.cn/image/wkseller/301/3ea5802f1ff16a2206de8265ae44da6f.JPG?x-cc=20&x-cu=28909&x-ct=1784098800&x-cs=c470091f300cc6ae019db3fd355faf05""","https://b2bfiles1.gigab2b.cn/image/wkseller/301/42256ec212bca71e31d8867e64528da8.JPG?x-cc=20&x-cu=28909&x-ct=1784098800&x-cs=b23079edc3ede30778ab0c0437f8b246""","https://b2bfiles1.gigab2b.cn/image/wkseller/301/0b2029ddabbd0bed84521d4103993991.JPG?x-cc=20&x-cu=28909&x-ct=1784098800&x-cs=7ea40309a9ea4bdb6697a4e93a2c6f4d""","https://b2bfiles1.gigab2b.cn/image/wkseller/301/8aa1c61951ba8aa89895f8bc7f0a310f.jpg?x-cc=20&x-cu=28909&x-ct=1784098800&x-cs=a96e91fa3e7baabd9664bf2d6cb5e11c""","https://b2bfiles1.gigab2b.cn/image/wkseller/301/97079abceec3b2ddae71b054e4a1bc7d.jpg?x-cc=20&x-cu=28909&x-ct=1784098800&x-cs=a84d1980a394ec86307932ccfbac29d7""","https://b2bfiles1.gigab2b.cn/image/wkseller/301/ded0349a2d1206d44703f44b3e6b9a36.jpg?x-cc=20&x-cu=28909&x-ct=1784098800&x-cs=b9eee0964ea392c396a9efbfa24519c8""","https://b2bfiles1.gigab2b.cn/image/wkseller/301/88b3b547d8bb3ec8da5639e309f5df2e.jpg?x-cc=20&x-cu=28909&x-ct=1784098800&x-cs=af7dbf16f4222e975ac2495dcbeaa135""","https://b2bfiles1.gigab2b.cn/image/wkseller/301/99f84643db08ddbfbf03d98722c5bf97.jpg?x-cc=20&x-cu=28909&x-ct=1784098800&x-cs=6deb944b1d1c48d1eec1c2bc628ec1ba""","https://b2bfiles1.gigab2b.cn/image/wkseller/301/411a3864dc311a921561a11d304a0964.jpg?x-cc=20&x-cu=28909&x-ct=1784098800&x-cs=d360db437da20f395e06ba720f16fbcf""","https://b2bfiles1.gigab2b.cn/image/wkseller/301/957ef508bc389cfd8989f5e225e02430.jpg?x-cc=20&x-cu=28909&x-ct=1784098800&x-cs=0528026f1ac10ab8569aa57982777abf""","https://b2bfiles1.gigab2b.cn/image/wkseller/301/24b47c65e61ef699571957af01bcda55.jpg?x-cc=20&x-cu=28909&x-ct=1784098800&x-cs=c29ddb85cc89d7bf9fc79f4936feb03c""","https://b2bfiles1.gigab2b.cn/image/wkseller/301/02c2139151fb91d32915163db376a1b6.jpg?x-cc=20&x-cu=28909&x-ct=1784098800&x-cs=727735cf6e99e878a419f00a7e340977""","https://b2bfiles1.gigab2b.cn/image/wkseller/301/8a9f99a7289955a296f6aa66854dbf07.jpg?x-cc=20&x-cu=28909&x-ct=1784098800&x-cs=57e2449a20fdd63b70507d5d90ee513a""","https://b2bfiles1.gigab2b.cn/image/wkseller/301/7eaf8cd1a3f63777f57a0bea883c7b4a.jpg?x-cc=20&x-cu=28909&x-ct=1784098800&x-cs=6ac18ccd1159df5fc6ed92faf14e0242""","https://b2bfiles1.gigab2b.cn/image/wkseller/301/3bd6b93be5bfa4f1398e1857a002d526.jpg?x-cc=20&x-cu=28909&x-ct=1784098800&x-cs=fd2b259645d71351512fcc466f49cdbc""","https://b2bfiles1.gigab2b.cn/image/wkseller/301/c9bddb647f8bd93eed2d8c18b80dbc5d.jpg?x-cc=20&x-cu=28909&x-ct=1784098800&x-cs=23a649a69d6fa1425984241e6119286d""",https://pub-606bcd6c031442e4959f73b5435fefd1.r2.dev/shipping-guide.png,【3個】【ベージュ】【防災対策用にも!】エアーベッド電動 ワイドダブルサイズ 196*150*47cm 空気ベッド キャンプマット インフレーターマット 自動膨張式 快適な寝心地 折り畳み 超軽量 コンパクト 来客用 予備ベッド 家庭用 電動式ポンプ 収納袋付,"ホムブリスショップへようこそ
♪すべての商品は未開封の新品です
♪フォロー割あり
♪まとめ買い割あり：2点で2%OFF、3点で3%OFF、最大5%（一部商品適用外）
♪発送と送料：在庫品は1～2営業日以内に発送、再入荷商品は入荷後1～2営業日以内に発送いたします。北海道は基本的に追加送料不要です。沖縄への送料は別途お見積りが必須です。

【商品説明】

組立時重量: Not Applicable
組立時長さ: Not Applicable
組立時幅: Not Applicable
組立時高さ: Not Applicable
主要素材: PVC
主要カラー: Beige,Brown",,0,3N512P241248A,,,,,,,,,,,,,,,,,,,,,,,,,,,,,,,,,,,,,,,31503,pACXAgkow3q7TJUqqm7xt3,1,1,jp13,1,1,1,,,,,,,
"https://b2bfiles1.gigab2b.cn/image/wkseller/301/5db7f69a292c2ce649f9758fa4104c93.jpg?x-cc=20&x-cu=28909&x-ct=1784098800&x-cs=79955287d3432d288a30410e465f32c5""","https://b2bfiles1.gigab2b.cn/image/wkseller/301/214a78fe8e4448ebd93dd30447434b76.JPG?x-cc=20&x-cu=28909&x-ct=1784098800&x-cs=aca865f297ddd9457393528620cd3118""","https://b2bfiles1.gigab2b.cn/image/wkseller/301/a424dd2deca6fbbf8bb21789373c3526.JPG?x-cc=20&x-cu=28909&x-ct=1784098800&x-cs=bc1405f7f32871942bbb4a962eaae489""","https://b2bfiles1.gigab2b.cn/image/wkseller/301/15b57dc655f5aa84e1e65f2132527847.JPG?x-cc=20&x-cu=28909&x-ct=1784098800&x-cs=76e1cd771ab306c80370157502da3226""","https://b2bfiles1.gigab2b.cn/image/wkseller/301/3c60221b4bbf582288b92db811ae90d5.JPG?x-cc=20&x-cu=28909&x-ct=1784098800&x-cs=4c14a377fb513531b5cafcbf02f2d4c8""","https://b2bfiles1.gigab2b.cn/image/wkseller/301/0aa9a41d00e56935d683b787835d5bb3.JPG?x-cc=20&x-cu=28909&x-ct=1784098800&x-cs=24af057be9040acfff4b867aef8336e0""","https://b2bfiles1.gigab2b.cn/image/wkseller/301/e0f8fda5e0302e207f996e397f2bfec1.JPG?x-cc=20&x-cu=28909&x-ct=1784098800&x-cs=a03df7e459bd83f5ae94058d3fae74ec""","https://b2bfiles1.gigab2b.cn/image/wkseller/301/7eb6498dcaacf18eb47bb2aec0c11ec3.jpg?x-cc=20&x-cu=28909&x-ct=1784098800&x-cs=bf822d3d865578fb5fe7ed1af034901a""","https://b2bfiles1.gigab2b.cn/image/wkseller/301/81056b33f3a0d729a16ad588fcdac7bf.jpg?x-cc=20&x-cu=28909&x-ct=1784098800&x-cs=ff3aacc0ec7e392cd711dea97433ffcd""","https://b2bfiles1.gigab2b.cn/image/wkseller/301/3d86085af284bc2227fd39aa26414ae8.jpg?x-cc=20&x-cu=28909&x-ct=1784098800&x-cs=cb835815a08cbfdc8418c2e704086a16""","https://b2bfiles1.gigab2b.cn/image/wkseller/301/977aeb2f32906ed8b175a07adbfef0a7.jpg?x-cc=20&x-cu=28909&x-ct=1784098800&x-cs=a088bb35f8fb7327f4752c8f3c50909a""","https://b2bfiles1.gigab2b.cn/image/wkseller/301/6336a63277179e87933867832f143359.jpg?x-cc=20&x-cu=28909&x-ct=1784098800&x-cs=9392e3fc169f63f3137c6e5b379f0c7e""","https://b2bfiles1.gigab2b.cn/image/wkseller/301/7debbafe5f96fbaabf95419aa3a5bdf3.jpg?x-cc=20&x-cu=28909&x-ct=1784098800&x-cs=bf46779e49f394ea99752939d8c96863""","https://b2bfiles1.gigab2b.cn/image/wkseller/301/afe9b8dac5b1b1d8c392e1b3818d20fa.jpg?x-cc=20&x-cu=28909&x-ct=1784098800&x-cs=350d3da94c7c889636b84b9ff1c79241""","https://b2bfiles1.gigab2b.cn/image/wkseller/301/1946f557b581c740badaec8ff087a797.jpg?x-cc=20&x-cu=28909&x-ct=1784098800&x-cs=5a36eb6ab3c6d74506a52f5125a5c0b2""","https://b2bfiles1.gigab2b.cn/image/wkseller/301/9e0ffbec634caf93a4c555f878d07369.jpg?x-cc=20&x-cu=28909&x-ct=1784098800&x-cs=2027c7adbeb17a8b7d91f22a5db3818d""","https://b2bfiles1.gigab2b.cn/image/wkseller/301/ff1642f4883442c05516df34afcf1fb7.jpg?x-cc=20&x-cu=28909&x-ct=1784098800&x-cs=9322af4e0d51a51c3db5809f8b087633""","https://b2bfiles1.gigab2b.cn/image/wkseller/301/2307649b926a5e1d730511302e308475.jpg?x-cc=20&x-cu=28909&x-ct=1784098800&x-cs=1329dd17529a47d7af1f391dd5a1fabc""","https://b2bfiles1.gigab2b.cn/image/wkseller/301/afdd83d66cc36ab7d2e0f15990552328.jpg?x-cc=20&x-cu=28909&x-ct=1784098800&x-cs=b9852b2eeee0f01c0d09289f22399479""",https://pub-606bcd6c031442e4959f73b5435fefd1.r2.dev/shipping-guide.png,【3個】【グレー】【防災対策用にも!】エアーベッド電動 ワイドダブルサイズ 196*150*47cm 空気ベッド キャンプマット インフレーターマット 自動膨張式 快適な寝心地 折り畳み 超軽量 コンパクト 来客用 予備ベッド 家庭用 電動式ポンプ 収納袋付き,"ホムブリスショップへようこそ
♪すべての商品は未開封の新品です
♪フォロー割あり
♪まとめ買い割あり：2点で2%OFF、3点で3%OFF、最大5%（一部商品適用外）
♪発送と送料：在庫品は1～2営業日以内に発送、再入荷商品は入荷後1～2営業日以内に発送いたします。北海道は基本的に追加送料不要です。沖縄への送料は別途お見積りが必須です。

【商品説明】

組立時重量: Not Applicable
組立時長さ: Not Applicable
組立時幅: Not Applicable
組立時高さ: Not Applicable
主要素材: PVC
主要カラー: Grey",グレー,0,3N512P241250B,,,,,,,,,,,,,,,,,,,,,,,,,,,,,,,,,,,,,,,31503,pACXAgkow3q7TJUqqm7xt3,1,1,jp13,1,1,1,,,,,,,
"https://b2bfiles1.gigab2b.cn/image/wkseller/301/12cd59978a1734acf97cf20e9b4c1751.jpg?x-cc=20&x-cu=28909&x-ct=1784098800&x-cs=2e45d22eeb3b7ead37b670784f9cce41""","https://b2bfiles1.gigab2b.cn/image/wkseller/301/eb328870cc098be249ec6b64a7b13a8a.jpg?x-cc=20&x-cu=28909&x-ct=1784098800&x-cs=0b9576233ccbbec089a80417520c0b86""","https://b2bfiles1.gigab2b.cn/image/wkseller/301/f0b0c2f6f7daf095e5b9242ff6833667.jpg?x-cc=20&x-cu=28909&x-ct=1784098800&x-cs=c262c0ffba4b05f676f0b137b46c55be""","https://b2bfiles1.gigab2b.cn/image/wkseller/301/1ed764dd4631e5bfeb219965bf3c4b96.jpg?x-cc=20&x-cu=28909&x-ct=1784098800&x-cs=e63b429daa7ea52b74b8af8f653f5415""","https://b2bfiles1.gigab2b.cn/image/wkseller/301/07389846ece9d16cc3e82b4ba62442c2.JPG?x-cc=20&x-cu=28909&x-ct=1784098800&x-cs=0ad6946804619cecf44083bc3d4d8394""","https://b2bfiles1.gigab2b.cn/image/wkseller/301/389d72c63e41bdaa86d00e0e82d23b9a.JPG?x-cc=20&x-cu=28909&x-ct=1784098800&x-cs=a12ac59fb68eaa1d79f7336327022882""]",https://pub-606bcd6c031442e4959f73b5435fefd1.r2.dev/shipping-guide.png,,,,,,,,,,,,,,白脚 3脚	オフィスチェア メッシュ パソコンチェア デスクチェア オフィスチェアー PCチェア OAチェア 疲れにくい　肘付き,"ホムブリスショップへようこそ
♪すべての商品は未開封の新品です
♪フォロー割あり
♪まとめ買い割あり：2点で2%OFF、3点で3%OFF、最大5%（一部商品適用外）
♪発送と送料：在庫品は1～2営業日以内に発送、再入荷商品は入荷後1～2営業日以内に発送いたします。北海道は基本的に追加送料不要です。沖縄への送料は別途お見積りが必須です。

【商品説明】

組立時重量: Not Applicable
組立時長さ: Not Applicable
組立時幅: Not Applicable
組立時高さ: Not Applicable
主要素材: Metal
主要カラー: Beige",ベージュ,18,3N512P347227W,,,,,,,,,,,,,,,,,,,,,,,,,,,,,,,,,,,,,,,15003,gRD8jKpyRewmy6DmW57T66,1,1,jp13,1,1,1,,,,,,,
"https://b2bfiles1.gigab2b.cn/image/wkseller/301/pp003632/20200330_9bb202b2dfd42b1749bc635ba0958f67.jpg?x-cc=20&x-cu=28909&x-ct=1784098800&x-cs=02dc58471586609c31df7607b11d3c08""","https://b2bfiles1.gigab2b.cn/image/wkseller/301/pp003632/20200330_4ab3ba9fe91ab1706dec9a96c54ab42e.jpg?x-cc=20&x-cu=28909&x-ct=1784098800&x-cs=5609818e0a9e6d824b06405523182127""","https://b2bfiles1.gigab2b.cn/image/wkseller/301/pp003632/20200330_c58df5c9412068c5cd7001ec0f6b577a.jpg?x-cc=20&x-cu=28909&x-ct=1784098800&x-cs=3b4282ca415229dc8d5e43ea55ac0638""","https://b2bfiles1.gigab2b.cn/image/wkseller/301/pp003632/20200330_a96f3584cbf5a8d5562ac9db1531ae7a.jpg?x-cc=20&x-cu=28909&x-ct=1784098800&x-cs=5495160f8f955d44a3c277dfca252b3a""","https://b2bfiles1.gigab2b.cn/image/wkseller/301/20220508_cabbfac36b399c87ab7d33e4fe1d1947.png?x-cc=20&x-cu=28909&x-ct=1784098800&x-cs=1d49ba522dec57dea6e176f2ac52efba""","https://b2bfiles1.gigab2b.cn/image/wkseller/301/20220508_35b62c2dda62993e1aacf205c65aca93.png?x-cc=20&x-cu=28909&x-ct=1784098800&x-cs=67062cd9413df19aa0f8055ee43fe505""]",https://pub-606bcd6c031442e4959f73b5435fefd1.r2.dev/shipping-guide.png,,,,,,,,,,,,,,脚set オフィスチェア メッシュ パソコンチェア デスクチェア オフィスチェアー PCチェア OAチェア 疲れにくい 肘無,"ホムブリスショップへようこそ
♪すべての商品は未開封の新品です
♪フォロー割あり
♪まとめ買い割あり：2点で2%OFF、3点で3%OFF、最大5%（一部商品適用外）
♪発送と送料：在庫品は1～2営業日以内に発送、再入荷商品は入荷後1～2営業日以内に発送いたします。北海道は基本的に追加送料不要です。沖縄への送料は別途お見積りが必須です。

【商品説明】

組立時重量: Not Applicable
組立時長さ: Not Applicable
組立時幅: Not Applicable
組立時高さ: Not Applicable
主要素材: Metal
主要カラー: Black",ブラック,131,3N512P455095A,,,,,,,,,,,,,,,,,,,,,,,,,,,,,,,,,,,,,,,12903,gRD8jKpyRewmy6DmW57T66,1,1,jp13,1,1,1,,,,,,,
"https://b2bfiles1.gigab2b.cn/image/wkseller/301/7d11264f9c0b98f502cffc182ff46a6a.jpg?x-cc=20&x-cu=28909&x-ct=1784098800&x-cs=a72099df83f3d413f0443ab97f28946e""","https://b2bfiles1.gigab2b.cn/image/wkseller/301/e691a01acb680ae82f6af778d90efe21.jpg?x-cc=20&x-cu=28909&x-ct=1784098800&x-cs=4f363585ea2070bc1f551019bbdce303""","https://b2bfiles1.gigab2b.cn/image/wkseller/301/94e1ca047c4b7d0b5830bee144b7e958.jpg?x-cc=20&x-cu=28909&x-ct=1784098800&x-cs=69b6ea228ef9e221bbc5acffc544783f""","https://b2bfiles1.gigab2b.cn/image/wkseller/301/pp003815/20200331_c48abaddc5fbb2e1a6a6f9e54921f216.jpg?x-cc=20&x-cu=28909&x-ct=1784098800&x-cs=fd907e60b8dfaf8a9af657c23c6e5ec9""","https://b2bfiles1.gigab2b.cn/image/wkseller/301/pp003815/20200331_0b213422878b2dfb4a6c010aa3c1c43b.jpg?x-cc=20&x-cu=28909&x-ct=1784098800&x-cs=4c84dd17a084b9a091545d74cd00ca2c""","https://b2bfiles1.gigab2b.cn/image/wkseller/301/pp003815/20200331_88212e24260e7f446cbe95ce8cdce822.jpg?x-cc=20&x-cu=28909&x-ct=1784098800&x-cs=0b697efc7495ab57f37c7047d8903ff0""","https://b2bfiles1.gigab2b.cn/image/wkseller/301/pp003815/20200331_fe40c21c7b4a178f38337d0ec41003e3.jpg?x-cc=20&x-cu=28909&x-ct=1784098800&x-cs=63f32caf135da8e6a3c0340d688aa9c1""","https://b2bfiles1.gigab2b.cn/image/wkseller/301/d90a19f3dfbfd5ac67a6cdc7e56994f9.jpg?x-cc=20&x-cu=28909&x-ct=1784098800&x-cs=f50b4cf8afd1b75a1c80bb8311881a58""","https://b2bfiles1.gigab2b.cn/image/wkseller/301/643c1e20982a20f8bcbec8b024279b61.jpg?x-cc=20&x-cu=28909&x-ct=1784098800&x-cs=f4f74490bc8dec0f8e7ce59d9220bde6""","https://b2bfiles1.gigab2b.cn/image/wkseller/301/87e8745088a99fe4c49abd882a0a00f8.jpg?x-cc=20&x-cu=28909&x-ct=1784098800&x-cs=8c1e705a07107fe3c6c79fe8e5219f06""","https://b2bfiles1.gigab2b.cn/image/wkseller/301/9b98a93becaf24f2bc0321f12e9bb3cb.jpg?x-cc=20&x-cu=28909&x-ct=1784098800&x-cs=cd11de8fe17f67225f4a7a125ea031fc""","https://b2bfiles1.gigab2b.cn/image/wkseller/301/b258d4a7bb25bf7b756d3bfd12e8c5da.jpg?x-cc=20&x-cu=28909&x-ct=1784098800&x-cs=503486a97ae8d617abe289747615ecd6""]",https://pub-606bcd6c031442e4959f73b5435fefd1.r2.dev/shipping-guide.png,,,,,,,,脚 オフィスチェア メッシュ パソコンチェア デスクチェア オフィスチェアー PCチェア OAチェア 疲れにくい　肘付き,"ホムブリスショップへようこそ
♪すべての商品は未開封の新品です
♪フォロー割あり
♪まとめ買い割あり：2点で2%OFF、3点で3%OFF、最大5%（一部商品適用外）
♪発送と送料：在庫品は1～2営業日以内に発送、再入荷商品は入荷後1～2営業日以内に発送いたします。北海道は基本的に追加送料不要です。沖縄への送料は別途お見積りが必須です。

【商品説明】

組立時重量: Not Applicable
組立時長さ: Not Applicable
組立時幅: Not Applicable
組立時高さ: Not Applicable
主要素材: Metal
主要カラー: Black",ブラック,0,3N512P455096A,,,,,,,,,,,,,,,,,,,,,,,,,,,,,,,,,,,,,,,13503,gRD8jKpyRewmy6DmW57T66,1,1,jp13,1,1,1,,,,,,,
"https://b2bfiles1.gigab2b.cn/image/wkseller/301/1406dc2447d0580a4ead30de113cf654.png?x-cc=20&x-cu=28909&x-ct=1784098800&x-cs=763b1f0323b4953a8157d571cc81c5a0""","https://b2bfiles1.gigab2b.cn/image/wkseller/301/ac94c4873c3f1320a6f7484c640771cb.jpg?x-cc=20&x-cu=28909&x-ct=1784098800&x-cs=1c9342526b346d93e8e0d815f6c689ab""","https://b2bfiles1.gigab2b.cn/image/wkseller/301/8be732d9565342a28fc8d6d3d00717d1.jpg?x-cc=20&x-cu=28909&x-ct=1784098800&x-cs=7f7f676872370de3fc5028526d1f3b25""","https://b2bfiles1.gigab2b.cn/image/wkseller/301/16f41c5ce86c960d3de3f3b65c565e51.jpg?x-cc=20&x-cu=28909&x-ct=1784098800&x-cs=ff82153907957de21f3751c539e11e82""","https://b2bfiles1.gigab2b.cn/image/wkseller/301/PP004264/20200416_e8b0452139a80e0806f6be5169efa2b3.jpg?x-cc=20&x-cu=28909&x-ct=1784098800&x-cs=a08248ef298baf1e6edbf69ff5808584""","https://b2bfiles1.gigab2b.cn/image/wkseller/301/PP004264/20200416_98a44f06a672e3124edba48582ca8fa2.jpg?x-cc=20&x-cu=28909&x-ct=1784098800&x-cs=8b44d493a491fdd4dc0e65b8d741c478""","https://b2bfiles1.gigab2b.cn/image/wkseller/301/PP004264/20200416_f72331b35b20112689bab2dad33afdb6.jpg?x-cc=20&x-cu=28909&x-ct=1784098800&x-cs=47effd86752f8d07389fb9c634bd0e33""","https://b2bfiles1.gigab2b.cn/image/wkseller/301/PP004264/20200416_03d6e501e0e335a890282a1f2603f6e1.jpg?x-cc=20&x-cu=28909&x-ct=1784098800&x-cs=b7b6d9f025afda2b167634050607f17b""]",https://pub-606bcd6c031442e4959f73b5435fefd1.r2.dev/shipping-guide.png,,,,,,,,,,,,脚 【マスタード座面＆スチール脚】イームズチェア リプロダクト ダイニングチェア ダイニングチェアー イームズチェア DSW eames イームズ チェアー DSW イームズ椅子 チェア イームズチェアー 木脚 椅子,"ホムブリスショップへようこそ
♪すべての商品は未開封の新品です
♪フォロー割あり
♪まとめ買い割あり：2点で2%OFF、3点で3%OFF、最大5%（一部商品適用外）
♪発送と送料：在庫品は1～2営業日以内に発送、再入荷商品は入荷後1～2営業日以内に発送いたします。北海道は基本的に追加送料不要です。沖縄への送料は別途お見積りが必須です。

【商品説明】

組立時重量: Not Applicable
組立時長さ: 46.00
組立時幅: Not Applicable
組立時高さ: Not Applicable
主要素材: Plastic
主要カラー: Mustard yellow",マスタードイエロー,0,4I291166ISA,,,,,,,,,,,,,,,,,,,,,,,,,,,,,,,,,,,,,,,12308,uCmnfJGdXF7HAhN2A9Ab7L,1,1,jp13,1,1,1,,,,,,,
"https://b2bfiles1.gigab2b.cn/image/wkseller/301/a7e488c667c660b16a486d4ccf004911.jpg?x-cc=20&x-cu=28909&x-ct=1784098800&x-cs=6d0910da704196f1d51f3aa12829af4a""","https://b2bfiles1.gigab2b.cn/image/wkseller/301/ac94c4873c3f1320a6f7484c640771cb.jpg?x-cc=20&x-cu=28909&x-ct=1784098800&x-cs=1c9342526b346d93e8e0d815f6c689ab""","https://b2bfiles1.gigab2b.cn/image/wkseller/301/ab6b0d92b2d4236b1e25ddd5a4acaeec.jpg?x-cc=20&x-cu=28909&x-ct=1784098800&x-cs=466bdfbe1fd23813fe6e2e8c1eb13813""","https://b2bfiles1.gigab2b.cn/image/wkseller/301/6f5f9be78ed34f3625aa3fa30a652116.jpg?x-cc=20&x-cu=28909&x-ct=1784098800&x-cs=1a3b6a8e9da2e2ca4e1b904f1d3bbacf""","https://b2bfiles1.gigab2b.cn/image/wkseller/301/PP004264/20200416_44b7a04552571c58f58b0bbe66c919be.jpg?x-cc=20&x-cu=28909&x-ct=1784098800&x-cs=1106546ef1b05057bb5c825978a70f64""","https://b2bfiles1.gigab2b.cn/image/wkseller/301/PP004264/20200416_198a9079c500bbd4d6e6aa857bc5c5dc.jpg?x-cc=20&x-cu=28909&x-ct=1784098800&x-cs=3d70145ba327c42140fb3530d9a0e6c8""","https://b2bfiles1.gigab2b.cn/image/wkseller/301/PP004264/20200416_4e25701434439b40709a76059a03e021.jpg?x-cc=20&x-cu=28909&x-ct=1784098800&x-cs=400f0a4553f756536b6bbbdda86c57de""","https://b2bfiles1.gigab2b.cn/image/wkseller/301/PP004264/20200416_7233b3844b1c36d90d420bdc0901a5b8.jpg?x-cc=20&x-cu=28909&x-ct=1784098800&x-cs=18e197eb021643e1ed1b4667aaf8baa5""","https://b2bfiles1.gigab2b.cn/image/wkseller/301/PP004264/20200416_c7e9ba8a3bf9a4b9a9ddbea12c1a55e2.jpg?x-cc=20&x-cu=28909&x-ct=1784098800&x-cs=6750cbc67ef0a17fbd2be135fa45eae4""]",https://pub-606bcd6c031442e4959f73b5435fefd1.r2.dev/shipping-guide.png,,,,,,,,,,,脚【ブラウン座面＆スチール脚】イームズチェア リプロダクト ダイニングチェア ダイニングチェアー イームズチェア DSW eames イームズ チェアー DSW イームズ椅子 チェア イームズチェアー 木脚 椅子,"ホムブリスショップへようこそ
♪すべての商品は未開封の新品です
♪フォロー割あり
♪まとめ買い割あり：2点で2%OFF、3点で3%OFF、最大5%（一部商品適用外）
♪発送と送料：在庫品は1～2営業日以内に発送、再入荷商品は入荷後1～2営業日以内に発送いたします。北海道は基本的に追加送料不要です。沖縄への送料は別途お見積りが必須です。

【商品説明】

組立時重量: Not Applicable
組立時長さ: Not Applicable
組立時幅: Not Applicable
組立時高さ: Not Applicable
主要素材: Plastic
主要カラー: Brown",ブラウン,0,4I291166JSA,,,,,,,,,,,,,,,,,,,,,,,,,,,,,,,,,,,,,,,12308,uCmnfJGdXF7HAhN2A9Ab7L,1,1,jp13,1,1,1,,,,,,,
"https://b2bfiles1.gigab2b.cn/image/wkseller/302/c39438877e92dfa15ef5c1b03e312d81.png?x-cc=20&x-cu=28909&x-ct=1784098800&x-cs=0b22ca373add93b378dca20d57c99cf5""","https://b2bfiles1.gigab2b.cn/image/wkseller/302/b2a6919b88009ec610805e8b86f9ccae.jpg?x-cc=20&x-cu=28909&x-ct=1784098800&x-cs=0552505da9085caf91f10c9b0d1cfae9""","https://b2bfiles1.gigab2b.cn/image/wkseller/302/631ba59fc017a837e312ab272d29802d.jpg?x-cc=20&x-cu=28909&x-ct=1784098800&x-cs=5104445ba21da7f2292016a86979ec64""","https://b2bfiles1.gigab2b.cn/image/wkseller/302/a9afdafb2574bffc8b97c1803477d1f9.jpg?x-cc=20&x-cu=28909&x-ct=1784098800&x-cs=e2c153e5a68f1cee28bdd962193a3c91""","https://b2bfiles1.gigab2b.cn/image/wkseller/302/189dd6ce1fabaedbf7dfeb454d3ea7e0.jpg?x-cc=20&x-cu=28909&x-ct=1784098800&x-cs=18c4d3946eef05e8681f5edab3404217""","https://b2bfiles1.gigab2b.cn/image/wkseller/302/0953f5d6c84ab7ca3526a283f8511f17.jpg?x-cc=20&x-cu=28909&x-ct=1784098800&x-cs=d0af7d6f6a6e675ca76d158436d017f2""","https://b2bfiles1.gigab2b.cn/image/wkseller/302/adc9d3ac1ec104442b605c94f1116af7.jpg?x-cc=20&x-cu=28909&x-ct=1784098800&x-cs=ede2cf88ce74857403d443f8fd70eb6d""","https://b2bfiles1.gigab2b.cn/image/wkseller/302/9b54aea139daa5442d9533e887f3b1ec.jpg?x-cc=20&x-cu=28909&x-ct=1784098800&x-cs=ca8b40d38264a0589f8f0ed8c2e06e3b""","https://b2bfiles1.gigab2b.cn/image/wkseller/302/4c952cf2804c44d0f6c6a276453763dc.jpg?x-cc=20&x-cu=28909&x-ct=1784098800&x-cs=a5e17aa9d696aa7a585225b044c5f6f8""","https://b2bfiles1.gigab2b.cn/image/wkseller/302/2347f286d9e36f8a6ec83efa36481c18.jpg?x-cc=20&x-cu=28909&x-ct=1784098800&x-cs=ecb956f03a99e6a7e4749eeb93a6fc3c""","https://b2bfiles1.gigab2b.cn/image/wkseller/302/3c02f3d99fe6f677c398d904c5ea88b5.jpg?x-cc=20&x-cu=28909&x-ct=1784098800&x-cs=b92a2c7003816cb505da9a10d30f7fa6""","https://b2bfiles1.gigab2b.cn/image/wkseller/302/55259c44ecf8e08ce2c43aa67de71453.jpg?x-cc=20&x-cu=28909&x-ct=1784098800&x-cs=ec720f53a458473f647f0222ab71cf9e""","https://b2bfiles1.gigab2b.cn/image/wkseller/302/c2262486fefd0da30f8ea3b5fd535937.jpg?x-cc=20&x-cu=28909&x-ct=1784098800&x-cs=e9b9dadfe2632712eb66135bbd69a535""","https://b2bfiles1.gigab2b.cn/image/wkseller/302/6a55d79e64d564d02eead686336c4b25.jpg?x-cc=20&x-cu=28909&x-ct=1784098800&x-cs=cde01f6e63b1897cf9ab0bbfb69d58ef""","https://b2bfiles1.gigab2b.cn/image/wkseller/302/eb3b9a2cf5c0173ad9b8358f60ded5b4.jpg?x-cc=20&x-cu=28909&x-ct=1784098800&x-cs=d1be2bc72c9b980490be79da01d8eda0""","https://b2bfiles1.gigab2b.cn/image/wkseller/302/94289c65b05afa2523f97cc854f517a6.jpg?x-cc=20&x-cu=28909&x-ct=1784098800&x-cs=4d8c13adaa2b99a08c322ff3fa30cd7f""","https://b2bfiles1.gigab2b.cn/image/wkseller/302/fd17cdfb9509e4e76f0b18ea017eca50.jpg?x-cc=20&x-cu=28909&x-ct=1784098800&x-cs=25f4263cadb38b1df32695cd0ffb2dc7""]",https://pub-606bcd6c031442e4959f73b5435fefd1.r2.dev/shipping-guide.png,,,スーツケース Sサイズ キャリーケース 機内持ち込み 軽量 ストッパー付き USBポート TSAロック ダブルキャスター 修学旅行 かわいい 小型 1~3日 中学生 大容量 海外旅行 トートバッグ ハンドバッグ レディース バッグ 手提げ 軽量 ファスナーで閉,"ホムブリスショップへようこそ
♪すべての商品は未開封の新品です
♪フォロー割あり
♪まとめ買い割あり：2点で2%OFF、3点で3%OFF、最大5%（一部商品適用外）
♪発送と送料：在庫品は1～2営業日以内に発送、再入荷商品は入荷後1～2営業日以内に発送いたします。北海道は基本的に追加送料不要です。沖縄への送料は別途お見積りが必須です。

【商品説明】

組立時重量: 2.60
組立時長さ: 33.50
組立時幅: 23.20
組立時高さ: 54.00
主要素材: oxford fabric,Polypropylene
主要カラー: Light Blue",ライトブルー,0,BA412743C207236C,,,,,,,,,,,,,,,,,,,,,,,,,,,,,,,,,,,,,,,6452,vQuSuG5WNXXFHKEZ5n3oMH,1,1,jp13,1,1,1,,,,,,,
"https://b2bfiles1.gigab2b.cn/image/wkseller/302/d20bc003f4b74283bd1ca2accd0b36e7.png?x-cc=20&x-cu=28909&x-ct=1784098800&x-cs=13c5890827ff6d45ce2d495a25252ff4""","https://b2bfiles1.gigab2b.cn/image/wkseller/302/b2a6919b88009ec610805e8b86f9ccae.jpg?x-cc=20&x-cu=28909&x-ct=1784098800&x-cs=0552505da9085caf91f10c9b0d1cfae9""","https://b2bfiles1.gigab2b.cn/image/wkseller/302/631ba59fc017a837e312ab272d29802d.jpg?x-cc=20&x-cu=28909&x-ct=1784098800&x-cs=5104445ba21da7f2292016a86979ec64""","https://b2bfiles1.gigab2b.cn/image/wkseller/302/a9afdafb2574bffc8b97c1803477d1f9.jpg?x-cc=20&x-cu=28909&x-ct=1784098800&x-cs=e2c153e5a68f1cee28bdd962193a3c91""","https://b2bfiles1.gigab2b.cn/image/wkseller/302/189dd6ce1fabaedbf7dfeb454d3ea7e0.jpg?x-cc=20&x-cu=28909&x-ct=1784098800&x-cs=18c4d3946eef05e8681f5edab3404217""","https://b2bfiles1.gigab2b.cn/image/wkseller/302/0953f5d6c84ab7ca3526a283f8511f17.jpg?x-cc=20&x-cu=28909&x-ct=1784098800&x-cs=d0af7d6f6a6e675ca76d158436d017f2""","https://b2bfiles1.gigab2b.cn/image/wkseller/302/adc9d3ac1ec104442b605c94f1116af7.jpg?x-cc=20&x-cu=28909&x-ct=1784098800&x-cs=ede2cf88ce74857403d443f8fd70eb6d""","https://b2bfiles1.gigab2b.cn/image/wkseller/302/9b54aea139daa5442d9533e887f3b1ec.jpg?x-cc=20&x-cu=28909&x-ct=1784098800&x-cs=ca8b40d38264a0589f8f0ed8c2e06e3b""","https://b2bfiles1.gigab2b.cn/image/wkseller/302/4c952cf2804c44d0f6c6a276453763dc.jpg?x-cc=20&x-cu=28909&x-ct=1784098800&x-cs=a5e17aa9d696aa7a585225b044c5f6f8""","https://b2bfiles1.gigab2b.cn/image/wkseller/302/2347f286d9e36f8a6ec83efa36481c18.jpg?x-cc=20&x-cu=28909&x-ct=1784098800&x-cs=ecb956f03a99e6a7e4749eeb93a6fc3c""","https://b2bfiles1.gigab2b.cn/image/wkseller/302/3c02f3d99fe6f677c398d904c5ea88b5.jpg?x-cc=20&x-cu=28909&x-ct=1784098800&x-cs=b92a2c7003816cb505da9a10d30f7fa6""","https://b2bfiles1.gigab2b.cn/image/wkseller/302/55259c44ecf8e08ce2c43aa67de71453.jpg?x-cc=20&x-cu=28909&x-ct=1784098800&x-cs=ec720f53a458473f647f0222ab71cf9e""","https://b2bfiles1.gigab2b.cn/image/wkseller/302/c2262486fefd0da30f8ea3b5fd535937.jpg?x-cc=20&x-cu=28909&x-ct=1784098800&x-cs=e9b9dadfe2632712eb66135bbd69a535""","https://b2bfiles1.gigab2b.cn/image/wkseller/302/6a55d79e64d564d02eead686336c4b25.jpg?x-cc=20&x-cu=28909&x-ct=1784098800&x-cs=cde01f6e63b1897cf9ab0bbfb69d58ef""","https://b2bfiles1.gigab2b.cn/image/wkseller/302/eb3b9a2cf5c0173ad9b8358f60ded5b4.jpg?x-cc=20&x-cu=28909&x-ct=1784098800&x-cs=d1be2bc72c9b980490be79da01d8eda0""","https://b2bfiles1.gigab2b.cn/image/wkseller/302/0950b2309b94f2733351466a9034187f.jpg?x-cc=20&x-cu=28909&x-ct=1784098800&x-cs=4b05f5648d16cc9a92d4df3f65494fd1""","https://b2bfiles1.gigab2b.cn/image/wkseller/302/cd76943ccaee1c2c320d0b8e4c4dffbd.jpg?x-cc=20&x-cu=28909&x-ct=1784098800&x-cs=a987ccd93d5826e38f65c3e0c78aae6c""","https://b2bfiles1.gigab2b.cn/image/wkseller/302/c1dd5a47caf01e7d28bab9fb08c71b66.jpg?x-cc=20&x-cu=28909&x-ct=1784098800&x-cs=9065f6ca43633907cbbee968c63916be""","https://b2bfiles1.gigab2b.cn/image/wkseller/302/cc1c8fd5b00fe71c36b88c4a65c3cf10.jpg?x-cc=20&x-cu=28909&x-ct=1784098800&x-cs=3b72a446b3afda2f03f23e7a30e6342d""]",https://pub-606bcd6c031442e4959f73b5435fefd1.r2.dev/shipping-guide.png,スーツケース Sサイズ キャリーケース 機内持ち込み 軽量 ストッパー付き USBポート TSAロック ダブルキャスター 修学旅行 かわいい 小型 1~3日 中学生 大容量 海外旅行 トートバッグ ハンドバッグ レディース バッグ 手提げ 軽量 ファスナーで閉,"ホムブリスショップへようこそ
♪すべての商品は未開封の新品です
♪フォロー割あり
♪まとめ買い割あり：2点で2%OFF、3点で3%OFF、最大5%（一部商品適用外）
♪発送と送料：在庫品は1～2営業日以内に発送、再入荷商品は入荷後1～2営業日以内に発送いたします。北海道は基本的に追加送料不要です。沖縄への送料は別途お見積りが必須です。

【商品説明】

組立時重量: 2.60
組立時長さ: 33.50
組立時幅: 23.20
組立時高さ: 54.00
主要素材: oxford fabric,Polypropylene
主要カラー: Beige",ベージュ,0,BA412743O207236N,,,,,,,,,,,,,,,,,,,,,,,,,,,,,,,,,,,,,,,6452,vQuSuG5WNXXFHKEZ5n3oMH,1,1,jp13,1,1,1,,,,,,,
"https://b2bfiles1.gigab2b.cn/image/wkseller/302/7e1f4f01bf357a5093ca0c183906df26.png?x-cc=20&x-cu=28909&x-ct=1784098800&x-cs=810b903ad77f23e6d5017f39b9481807""","https://b2bfiles1.gigab2b.cn/image/wkseller/302/b2a6919b88009ec610805e8b86f9ccae.jpg?x-cc=20&x-cu=28909&x-ct=1784098800&x-cs=0552505da9085caf91f10c9b0d1cfae9""","https://b2bfiles1.gigab2b.cn/image/wkseller/302/631ba59fc017a837e312ab272d29802d.jpg?x-cc=20&x-cu=28909&x-ct=1784098800&x-cs=5104445ba21da7f2292016a86979ec64""","https://b2bfiles1.gigab2b.cn/image/wkseller/302/a9afdafb2574bffc8b97c1803477d1f9.jpg?x-cc=20&x-cu=28909&x-ct=1784098800&x-cs=e2c153e5a68f1cee28bdd962193a3c91""","https://b2bfiles1.gigab2b.cn/image/wkseller/302/189dd6ce1fabaedbf7dfeb454d3ea7e0.jpg?x-cc=20&x-cu=28909&x-ct=1784098800&x-cs=18c4d3946eef05e8681f5edab3404217""","https://b2bfiles1.gigab2b.cn/image/wkseller/302/0953f5d6c84ab7ca3526a283f8511f17.jpg?x-cc=20&x-cu=28909&x-ct=1784098800&x-cs=d0af7d6f6a6e675ca76d158436d017f2""","https://b2bfiles1.gigab2b.cn/image/wkseller/302/adc9d3ac1ec104442b605c94f1116af7.jpg?x-cc=20&x-cu=28909&x-ct=1784098800&x-cs=ede2cf88ce74857403d443f8fd70eb6d""","https://b2bfiles1.gigab2b.cn/image/wkseller/302/9b54aea139daa5442d9533e887f3b1ec.jpg?x-cc=20&x-cu=28909&x-ct=1784098800&x-cs=ca8b40d38264a0589f8f0ed8c2e06e3b""","https://b2bfiles1.gigab2b.cn/image/wkseller/302/4c952cf2804c44d0f6c6a276453763dc.jpg?x-cc=20&x-cu=28909&x-ct=1784098800&x-cs=a5e17aa9d696aa7a585225b044c5f6f8""","https://b2bfiles1.gigab2b.cn/image/wkseller/302/2347f286d9e36f8a6ec83efa36481c18.jpg?x-cc=20&x-cu=28909&x-ct=1784098800&x-cs=ecb956f03a99e6a7e4749eeb93a6fc3c""","https://b2bfiles1.gigab2b.cn/image/wkseller/302/3c02f3d99fe6f677c398d904c5ea88b5.jpg?x-cc=20&x-cu=28909&x-ct=1784098800&x-cs=b92a2c7003816cb505da9a10d30f7fa6""","https://b2bfiles1.gigab2b.cn/image/wkseller/302/55259c44ecf8e08ce2c43aa67de71453.jpg?x-cc=20&x-cu=28909&x-ct=1784098800&x-cs=ec720f53a458473f647f0222ab71cf9e""","https://b2bfiles1.gigab2b.cn/image/wkseller/302/c2262486fefd0da30f8ea3b5fd535937.jpg?x-cc=20&x-cu=28909&x-ct=1784098800&x-cs=e9b9dadfe2632712eb66135bbd69a535""","https://b2bfiles1.gigab2b.cn/image/wkseller/302/6a55d79e64d564d02eead686336c4b25.jpg?x-cc=20&x-cu=28909&x-ct=1784098800&x-cs=cde01f6e63b1897cf9ab0bbfb69d58ef""","https://b2bfiles1.gigab2b.cn/image/wkseller/302/eb3b9a2cf5c0173ad9b8358f60ded5b4.jpg?x-cc=20&x-cu=28909&x-ct=1784098800&x-cs=d1be2bc72c9b980490be79da01d8eda0""","https://b2bfiles1.gigab2b.cn/image/wkseller/302/0950b2309b94f2733351466a9034187f.jpg?x-cc=20&x-cu=28909&x-ct=1784098800&x-cs=4b05f5648d16cc9a92d4df3f65494fd1""","https://b2bfiles1.gigab2b.cn/image/wkseller/302/cd76943ccaee1c2c320d0b8e4c4dffbd.jpg?x-cc=20&x-cu=28909&x-ct=1784098800&x-cs=a987ccd93d5826e38f65c3e0c78aae6c""","https://b2bfiles1.gigab2b.cn/image/wkseller/302/c1dd5a47caf01e7d28bab9fb08c71b66.jpg?x-cc=20&x-cu=28909&x-ct=1784098800&x-cs=9065f6ca43633907cbbee968c63916be""","https://b2bfiles1.gigab2b.cn/image/wkseller/302/cc1c8fd5b00fe71c36b88c4a65c3cf10.jpg?x-cc=20&x-cu=28909&x-ct=1784098800&x-cs=3b72a446b3afda2f03f23e7a30e6342d""]",https://pub-606bcd6c031442e4959f73b5435fefd1.r2.dev/shipping-guide.png,スーツケース Sサイズ キャリーケース 機内持ち込み 軽量 ストッパー付き USBポート TSAロック ダブルキャスター 修学旅行 かわいい 小型 1~3日 中学生 大容量 海外旅行 トートバッグ ハンドバッグ レディース バッグ 手提げ 軽量 ファスナーで閉,"ホムブリスショップへようこそ
♪すべての商品は未開封の新品です
♪フォロー割あり
♪まとめ買い割あり：2点で2%OFF、3点で3%OFF、最大5%（一部商品適用外）
♪発送と送料：在庫品は1～2営業日以内に発送、再入荷商品は入荷後1～2営業日以内に発送いたします。北海道は基本的に追加送料不要です。沖縄への送料は別途お見積りが必須です。

【商品説明】

組立時重量: 2.60
組立時長さ: 33.50
組立時幅: 23.20
組立時高さ: 54.00
主要素材: oxford fabric,Polypropylene
主要カラー: Pink",ピンク,0,BA412743P207236N,,,,,,,,,,,,,,,,,,,,,,,,,,,,,,,,,,,,,,,6452,vQuSuG5WNXXFHKEZ5n3oMH,1,1,jp13,1,1,1,,,,,,,
"https://b2bfiles1.gigab2b.cn/image/wkseller/302/c39438877e92dfa15ef5c1b03e312d81.png?x-cc=20&x-cu=28909&x-ct=1784098800&x-cs=0b22ca373add93b378dca20d57c99cf5""","https://b2bfiles1.gigab2b.cn/image/wkseller/302/b2a6919b88009ec610805e8b86f9ccae.jpg?x-cc=20&x-cu=28909&x-ct=1784098800&x-cs=0552505da9085caf91f10c9b0d1cfae9""","https://b2bfiles1.gigab2b.cn/image/wkseller/302/631ba59fc017a837e312ab272d29802d.jpg?x-cc=20&x-cu=28909&x-ct=1784098800&x-cs=5104445ba21da7f2292016a86979ec64""","https://b2bfiles1.gigab2b.cn/image/wkseller/302/a9afdafb2574bffc8b97c1803477d1f9.jpg?x-cc=20&x-cu=28909&x-ct=1784098800&x-cs=e2c153e5a68f1cee28bdd962193a3c91""","https://b2bfiles1.gigab2b.cn/image/wkseller/302/189dd6ce1fabaedbf7dfeb454d3ea7e0.jpg?x-cc=20&x-cu=28909&x-ct=1784098800&x-cs=18c4d3946eef05e8681f5edab3404217""","https://b2bfiles1.gigab2b.cn/image/wkseller/302/0953f5d6c84ab7ca3526a283f8511f17.jpg?x-cc=20&x-cu=28909&x-ct=1784098800&x-cs=d0af7d6f6a6e675ca76d158436d017f2""","https://b2bfiles1.gigab2b.cn/image/wkseller/302/adc9d3ac1ec104442b605c94f1116af7.jpg?x-cc=20&x-cu=28909&x-ct=1784098800&x-cs=ede2cf88ce74857403d443f8fd70eb6d""","https://b2bfiles1.gigab2b.cn/image/wkseller/302/9b54aea139daa5442d9533e887f3b1ec.jpg?x-cc=20&x-cu=28909&x-ct=1784098800&x-cs=ca8b40d38264a0589f8f0ed8c2e06e3b""","https://b2bfiles1.gigab2b.cn/image/wkseller/302/4c952cf2804c44d0f6c6a276453763dc.jpg?x-cc=20&x-cu=28909&x-ct=1784098800&x-cs=a5e17aa9d696aa7a585225b044c5f6f8""","https://b2bfiles1.gigab2b.cn/image/wkseller/302/2347f286d9e36f8a6ec83efa36481c18.jpg?x-cc=20&x-cu=28909&x-ct=1784098800&x-cs=ecb956f03a99e6a7e4749eeb93a6fc3c""","https://b2bfiles1.gigab2b.cn/image/wkseller/302/3c02f3d99fe6f677c398d904c5ea88b5.jpg?x-cc=20&x-cu=28909&x-ct=1784098800&x-cs=b92a2c7003816cb505da9a10d30f7fa6""","https://b2bfiles1.gigab2b.cn/image/wkseller/302/55259c44ecf8e08ce2c43aa67de71453.jpg?x-cc=20&x-cu=28909&x-ct=1784098800&x-cs=ec720f53a458473f647f0222ab71cf9e""","https://b2bfiles1.gigab2b.cn/image/wkseller/302/c2262486fefd0da30f8ea3b5fd535937.jpg?x-cc=20&x-cu=28909&x-ct=1784098800&x-cs=e9b9dadfe2632712eb66135bbd69a535""","https://b2bfiles1.gigab2b.cn/image/wkseller/302/6a55d79e64d564d02eead686336c4b25.jpg?x-cc=20&x-cu=28909&x-ct=1784098800&x-cs=cde01f6e63b1897cf9ab0bbfb69d58ef""","https://b2bfiles1.gigab2b.cn/image/wkseller/302/eb3b9a2cf5c0173ad9b8358f60ded5b4.jpg?x-cc=20&x-cu=28909&x-ct=1784098800&x-cs=d1be2bc72c9b980490be79da01d8eda0""","https://b2bfiles1.gigab2b.cn/image/wkseller/302/94289c65b05afa2523f97cc854f517a6.jpg?x-cc=20&x-cu=28909&x-ct=1784098800&x-cs=4d8c13adaa2b99a08c322ff3fa30cd7f""","https://b2bfiles1.gigab2b.cn/image/wkseller/302/fd17cdfb9509e4e76f0b18ea017eca50.jpg?x-cc=20&x-cu=28909&x-ct=1784098800&x-cs=25f4263cadb38b1df32695cd0ffb2dc7""]",https://pub-606bcd6c031442e4959f73b5435fefd1.r2.dev/shipping-guide.png,,,スーツケース Mサイズ キャリーケース 機内持ち込み 軽量 ストッパー付き USBポート TSAロック ダブルキャスター 修学旅行 かわいい 中型 4~7日 中学生 大容量 海外旅行 トートバッグ ハンドバッグ レディース バッグ 手提げ 軽量 ファスナーで閉,"ホムブリスショップへようこそ
♪すべての商品は未開封の新品です
♪フォロー割あり
♪まとめ買い割あり：2点で2%OFF、3点で3%OFF、最大5%（一部商品適用外）
♪発送と送料：在庫品は1～2営業日以内に発送、再入荷商品は入荷後1～2営業日以内に発送いたします。北海道は基本的に追加送料不要です。沖縄への送料は別途お見積りが必須です。

【商品説明】

組立時重量: 3.30
組立時長さ: 39.20
組立時幅: 31.80
組立時高さ: 64.30
主要素材: oxford fabric,Polypropylene
主要カラー: Light Blue",ライトブルー,0,BA412744C207236C,,,,,,,,,,,,,,,,,,,,,,,,,,,,,,,,,,,,,,,6802,vQuSuG5WNXXFHKEZ5n3oMH,1,1,jp13,1,1,1,,,,,,,
"https://b2bfiles1.gigab2b.cn/image/wkseller/302/d20bc003f4b74283bd1ca2accd0b36e7.png?x-cc=20&x-cu=28909&x-ct=1784098800&x-cs=13c5890827ff6d45ce2d495a25252ff4""","https://b2bfiles1.gigab2b.cn/image/wkseller/302/b2a6919b88009ec610805e8b86f9ccae.jpg?x-cc=20&x-cu=28909&x-ct=1784098800&x-cs=0552505da9085caf91f10c9b0d1cfae9""","https://b2bfiles1.gigab2b.cn/image/wkseller/302/631ba59fc017a837e312ab272d29802d.jpg?x-cc=20&x-cu=28909&x-ct=1784098800&x-cs=5104445ba21da7f2292016a86979ec64""","https://b2bfiles1.gigab2b.cn/image/wkseller/302/a9afdafb2574bffc8b97c1803477d1f9.jpg?x-cc=20&x-cu=28909&x-ct=1784098800&x-cs=e2c153e5a68f1cee28bdd962193a3c91""","https://b2bfiles1.gigab2b.cn/image/wkseller/302/189dd6ce1fabaedbf7dfeb454d3ea7e0.jpg?x-cc=20&x-cu=28909&x-ct=1784098800&x-cs=18c4d3946eef05e8681f5edab3404217""","https://b2bfiles1.gigab2b.cn/image/wkseller/302/0953f5d6c84ab7ca3526a283f8511f17.jpg?x-cc=20&x-cu=28909&x-ct=1784098800&x-cs=d0af7d6f6a6e675ca76d158436d017f2""","https://b2bfiles1.gigab2b.cn/image/wkseller/302/adc9d3ac1ec104442b605c94f1116af7.jpg?x-cc=20&x-cu=28909&x-ct=1784098800&x-cs=ede2cf88ce74857403d443f8fd70eb6d""","https://b2bfiles1.gigab2b.cn/image/wkseller/302/9b54aea139daa5442d9533e887f3b1ec.jpg?x-cc=20&x-cu=28909&x-ct=1784098800&x-cs=ca8b40d38264a0589f8f0ed8c2e06e3b""","https://b2bfiles1.gigab2b.cn/image/wkseller/302/4c952cf2804c44d0f6c6a276453763dc.jpg?x-cc=20&x-cu=28909&x-ct=1784098800&x-cs=a5e17aa9d696aa7a585225b044c5f6f8""","https://b2bfiles1.gigab2b.cn/image/wkseller/302/2347f286d9e36f8a6ec83efa36481c18.jpg?x-cc=20&x-cu=28909&x-ct=1784098800&x-cs=ecb956f03a99e6a7e4749eeb93a6fc3c""","https://b2bfiles1.gigab2b.cn/image/wkseller/302/3c02f3d99fe6f677c398d904c5ea88b5.jpg?x-cc=20&x-cu=28909&x-ct=1784098800&x-cs=b92a2c7003816cb505da9a10d30f7fa6""","https://b2bfiles1.gigab2b.cn/image/wkseller/302/55259c44ecf8e08ce2c43aa67de71453.jpg?x-cc=20&x-cu=28909&x-ct=1784098800&x-cs=ec720f53a458473f647f0222ab71cf9e""","https://b2bfiles1.gigab2b.cn/image/wkseller/302/c2262486fefd0da30f8ea3b5fd535937.jpg?x-cc=20&x-cu=28909&x-ct=1784098800&x-cs=e9b9dadfe2632712eb66135bbd69a535""","https://b2bfiles1.gigab2b.cn/image/wkseller/302/6a55d79e64d564d02eead686336c4b25.jpg?x-cc=20&x-cu=28909&x-ct=1784098800&x-cs=cde01f6e63b1897cf9ab0bbfb69d58ef""","https://b2bfiles1.gigab2b.cn/image/wkseller/302/eb3b9a2cf5c0173ad9b8358f60ded5b4.jpg?x-cc=20&x-cu=28909&x-ct=1784098800&x-cs=d1be2bc72c9b980490be79da01d8eda0""","https://b2bfiles1.gigab2b.cn/image/wkseller/302/0950b2309b94f2733351466a9034187f.jpg?x-cc=20&x-cu=28909&x-ct=1784098800&x-cs=4b05f5648d16cc9a92d4df3f65494fd1""","https://b2bfiles1.gigab2b.cn/image/wkseller/302/cd76943ccaee1c2c320d0b8e4c4dffbd.jpg?x-cc=20&x-cu=28909&x-ct=1784098800&x-cs=a987ccd93d5826e38f65c3e0c78aae6c""","https://b2bfiles1.gigab2b.cn/image/wkseller/302/c1dd5a47caf01e7d28bab9fb08c71b66.jpg?x-cc=20&x-cu=28909&x-ct=1784098800&x-cs=9065f6ca43633907cbbee968c63916be""","https://b2bfiles1.gigab2b.cn/image/wkseller/302/cc1c8fd5b00fe71c36b88c4a65c3cf10.jpg?x-cc=20&x-cu=28909&x-ct=1784098800&x-cs=3b72a446b3afda2f03f23e7a30e6342d""]",https://pub-606bcd6c031442e4959f73b5435fefd1.r2.dev/shipping-guide.png,スーツケース Mサイズ キャリーケース 機内持ち込み 軽量 ストッパー付き USBポート TSAロック ダブルキャスター 修学旅行 かわいい 中型 4~7日 中学生 大容量 海外旅行 トートバッグ ハンドバッグ レディース バッグ 手提げ 軽量 ファスナーで閉,"ホムブリスショップへようこそ
♪すべての商品は未開封の新品です
♪フォロー割あり
♪まとめ買い割あり：2点で2%OFF、3点で3%OFF、最大5%（一部商品適用外）
♪発送と送料：在庫品は1～2営業日以内に発送、再入荷商品は入荷後1～2営業日以内に発送いたします。北海道は基本的に追加送料不要です。沖縄への送料は別途お見積りが必須です。

【商品説明】

組立時重量: 3.30
組立時長さ: 39.20
組立時幅: 31.80
組立時高さ: 64.30
主要素材: oxford fabric,Polypropylene
主要カラー: Beige",ベージュ,0,BA412744O207236N,,,,,,,,,,,,,,,,,,,,,,,,,,,,,,,,,,,,,,,6802,vQuSuG5WNXXFHKEZ5n3oMH,1,1,jp13,1,1,1,,,,,,,
"https://b2bfiles1.gigab2b.cn/image/wkseller/302/7e1f4f01bf357a5093ca0c183906df26.png?x-cc=20&x-cu=28909&x-ct=1784098800&x-cs=810b903ad77f23e6d5017f39b9481807""","https://b2bfiles1.gigab2b.cn/image/wkseller/302/b2a6919b88009ec610805e8b86f9ccae.jpg?x-cc=20&x-cu=28909&x-ct=1784098800&x-cs=0552505da9085caf91f10c9b0d1cfae9""","https://b2bfiles1.gigab2b.cn/image/wkseller/302/631ba59fc017a837e312ab272d29802d.jpg?x-cc=20&x-cu=28909&x-ct=1784098800&x-cs=5104445ba21da7f2292016a86979ec64""","https://b2bfiles1.gigab2b.cn/image/wkseller/302/a9afdafb2574bffc8b97c1803477d1f9.jpg?x-cc=20&x-cu=28909&x-ct=1784098800&x-cs=e2c153e5a68f1cee28bdd962193a3c91""","https://b2bfiles1.gigab2b.cn/image/wkseller/302/189dd6ce1fabaedbf7dfeb454d3ea7e0.jpg?x-cc=20&x-cu=28909&x-ct=1784098800&x-cs=18c4d3946eef05e8681f5edab3404217""","https://b2bfiles1.gigab2b.cn/image/wkseller/302/0953f5d6c84ab7ca3526a283f8511f17.jpg?x-cc=20&x-cu=28909&x-ct=1784098800&x-cs=d0af7d6f6a6e675ca76d158436d017f2""","https://b2bfiles1.gigab2b.cn/image/wkseller/302/adc9d3ac1ec104442b605c94f1116af7.jpg?x-cc=20&x-cu=28909&x-ct=1784098800&x-cs=ede2cf88ce74857403d443f8fd70eb6d""","https://b2bfiles1.gigab2b.cn/image/wkseller/302/9b54aea139daa5442d9533e887f3b1ec.jpg?x-cc=20&x-cu=28909&x-ct=1784098800&x-cs=ca8b40d38264a0589f8f0ed8c2e06e3b""","https://b2bfiles1.gigab2b.cn/image/wkseller/302/4c952cf2804c44d0f6c6a276453763dc.jpg?x-cc=20&x-cu=28909&x-ct=1784098800&x-cs=a5e17aa9d696aa7a585225b044c5f6f8""","https://b2bfiles1.gigab2b.cn/image/wkseller/302/2347f286d9e36f8a6ec83efa36481c18.jpg?x-cc=20&x-cu=28909&x-ct=1784098800&x-cs=ecb956f03a99e6a7e4749eeb93a6fc3c""","https://b2bfiles1.gigab2b.cn/image/wkseller/302/3c02f3d99fe6f677c398d904c5ea88b5.jpg?x-cc=20&x-cu=28909&x-ct=1784098800&x-cs=b92a2c7003816cb505da9a10d30f7fa6""","https://b2bfiles1.gigab2b.cn/image/wkseller/302/55259c44ecf8e08ce2c43aa67de71453.jpg?x-cc=20&x-cu=28909&x-ct=1784098800&x-cs=ec720f53a458473f647f0222ab71cf9e""","https://b2bfiles1.gigab2b.cn/image/wkseller/302/c2262486fefd0da30f8ea3b5fd535937.jpg?x-cc=20&x-cu=28909&x-ct=1784098800&x-cs=e9b9dadfe2632712eb66135bbd69a535""","https://b2bfiles1.gigab2b.cn/image/wkseller/302/6a55d79e64d564d02eead686336c4b25.jpg?x-cc=20&x-cu=28909&x-ct=1784098800&x-cs=cde01f6e63b1897cf9ab0bbfb69d58ef""","https://b2bfiles1.gigab2b.cn/image/wkseller/302/eb3b9a2cf5c0173ad9b8358f60ded5b4.jpg?x-cc=20&x-cu=28909&x-ct=1784098800&x-cs=d1be2bc72c9b980490be79da01d8eda0""","https://b2bfiles1.gigab2b.cn/image/wkseller/302/0950b2309b94f2733351466a9034187f.jpg?x-cc=20&x-cu=28909&x-ct=1784098800&x-cs=4b05f5648d16cc9a92d4df3f65494fd1""","https://b2bfiles1.gigab2b.cn/image/wkseller/302/cd76943ccaee1c2c320d0b8e4c4dffbd.jpg?x-cc=20&x-cu=28909&x-ct=1784098800&x-cs=a987ccd93d5826e38f65c3e0c78aae6c""","https://b2bfiles1.gigab2b.cn/image/wkseller/302/c1dd5a47caf01e7d28bab9fb08c71b66.jpg?x-cc=20&x-cu=28909&x-ct=1784098800&x-cs=9065f6ca43633907cbbee968c63916be""","https://b2bfiles1.gigab2b.cn/image/wkseller/302/cc1c8fd5b00fe71c36b88c4a65c3cf10.jpg?x-cc=20&x-cu=28909&x-ct=1784098800&x-cs=3b72a446b3afda2f03f23e7a30e6342d""]",https://pub-606bcd6c031442e4959f73b5435fefd1.r2.dev/shipping-guide.png,スーツケース Mサイズ キャリーケース 機内持ち込み 軽量 ストッパー付き USBポート TSAロック ダブルキャスター 修学旅行 かわいい 中型 4~7日 中学生 大容量 海外旅行 トートバッグ ハンドバッグ レディース バッグ 手提げ 軽量 ファスナーで閉,"ホムブリスショップへようこそ
♪すべての商品は未開封の新品です
♪フォロー割あり
♪まとめ買い割あり：2点で2%OFF、3点で3%OFF、最大5%（一部商品適用外）
♪発送と送料：在庫品は1～2営業日以内に発送、再入荷商品は入荷後1～2営業日以内に発送いたします。北海道は基本的に追加送料不要です。沖縄への送料は別途お見積りが必須です。

【商品説明】

組立時重量: 3.30
組立時長さ: 39.20
組立時幅: 31.80
組立時高さ: 64.30
主要素材: oxford fabric,Polypropylene
主要カラー: Pink",ピンク,0,BA412744P207236N,,,,,,,,,,,,,,,,,,,,,,,,,,,,,,,,,,,,,,,6802,vQuSuG5WNXXFHKEZ5n3oMH,1,1,jp13,1,1,1,,,,,,,
"https://b2bfiles1.gigab2b.cn/image/wkseller/302/c39438877e92dfa15ef5c1b03e312d81.png?x-cc=20&x-cu=28909&x-ct=1784098800&x-cs=0b22ca373add93b378dca20d57c99cf5""","https://b2bfiles1.gigab2b.cn/image/wkseller/302/b2a6919b88009ec610805e8b86f9ccae.jpg?x-cc=20&x-cu=28909&x-ct=1784098800&x-cs=0552505da9085caf91f10c9b0d1cfae9""","https://b2bfiles1.gigab2b.cn/image/wkseller/302/631ba59fc017a837e312ab272d29802d.jpg?x-cc=20&x-cu=28909&x-ct=1784098800&x-cs=5104445ba21da7f2292016a86979ec64""","https://b2bfiles1.gigab2b.cn/image/wkseller/302/a9afdafb2574bffc8b97c1803477d1f9.jpg?x-cc=20&x-cu=28909&x-ct=1784098800&x-cs=e2c153e5a68f1cee28bdd962193a3c91""","https://b2bfiles1.gigab2b.cn/image/wkseller/302/189dd6ce1fabaedbf7dfeb454d3ea7e0.jpg?x-cc=20&x-cu=28909&x-ct=1784098800&x-cs=18c4d3946eef05e8681f5edab3404217""","https://b2bfiles1.gigab2b.cn/image/wkseller/302/0953f5d6c84ab7ca3526a283f8511f17.jpg?x-cc=20&x-cu=28909&x-ct=1784098800&x-cs=d0af7d6f6a6e675ca76d158436d017f2""","https://b2bfiles1.gigab2b.cn/image/wkseller/302/adc9d3ac1ec104442b605c94f1116af7.jpg?x-cc=20&x-cu=28909&x-ct=1784098800&x-cs=ede2cf88ce74857403d443f8fd70eb6d""","https://b2bfiles1.gigab2b.cn/image/wkseller/302/9b54aea139daa5442d9533e887f3b1ec.jpg?x-cc=20&x-cu=28909&x-ct=1784098800&x-cs=ca8b40d38264a0589f8f0ed8c2e06e3b""","https://b2bfiles1.gigab2b.cn/image/wkseller/302/4c952cf2804c44d0f6c6a276453763dc.jpg?x-cc=20&x-cu=28909&x-ct=1784098800&x-cs=a5e17aa9d696aa7a585225b044c5f6f8""","https://b2bfiles1.gigab2b.cn/image/wkseller/302/2347f286d9e36f8a6ec83efa36481c18.jpg?x-cc=20&x-cu=28909&x-ct=1784098800&x-cs=ecb956f03a99e6a7e4749eeb93a6fc3c""","https://b2bfiles1.gigab2b.cn/image/wkseller/302/3c02f3d99fe6f677c398d904c5ea88b5.jpg?x-cc=20&x-cu=28909&x-ct=1784098800&x-cs=b92a2c7003816cb505da9a10d30f7fa6""","https://b2bfiles1.gigab2b.cn/image/wkseller/302/55259c44ecf8e08ce2c43aa67de71453.jpg?x-cc=20&x-cu=28909&x-ct=1784098800&x-cs=ec720f53a458473f647f0222ab71cf9e""","https://b2bfiles1.gigab2b.cn/image/wkseller/302/c2262486fefd0da30f8ea3b5fd535937.jpg?x-cc=20&x-cu=28909&x-ct=1784098800&x-cs=e9b9dadfe2632712eb66135bbd69a535""","https://b2bfiles1.gigab2b.cn/image/wkseller/302/6a55d79e64d564d02eead686336c4b25.jpg?x-cc=20&x-cu=28909&x-ct=1784098800&x-cs=cde01f6e63b1897cf9ab0bbfb69d58ef""","https://b2bfiles1.gigab2b.cn/image/wkseller/302/eb3b9a2cf5c0173ad9b8358f60ded5b4.jpg?x-cc=20&x-cu=28909&x-ct=1784098800&x-cs=d1be2bc72c9b980490be79da01d8eda0""","https://b2bfiles1.gigab2b.cn/image/wkseller/302/94289c65b05afa2523f97cc854f517a6.jpg?x-cc=20&x-cu=28909&x-ct=1784098800&x-cs=4d8c13adaa2b99a08c322ff3fa30cd7f""","https://b2bfiles1.gigab2b.cn/image/wkseller/302/fd17cdfb9509e4e76f0b18ea017eca50.jpg?x-cc=20&x-cu=28909&x-ct=1784098800&x-cs=25f4263cadb38b1df32695cd0ffb2dc7""]",https://pub-606bcd6c031442e4959f73b5435fefd1.r2.dev/shipping-guide.png,,,スーツケース Lサイズ キャリーケース 機内持ち込み 軽量 ストッパー付き USBポート TSAロック ダブルキャスター 修学旅行 かわいい 大型 7~14日 中学生 大容量 海外旅行 トートバッグ ハンドバッグ レディース バッグ 手提げ 軽量 ファスナーで,"ホムブリスショップへようこそ
♪すべての商品は未開封の新品です
♪フォロー割あり
♪まとめ買い割あり：2点で2%OFF、3点で3%OFF、最大5%（一部商品適用外）
♪発送と送料：在庫品は1～2営業日以内に発送、再入荷商品は入荷後1～2営業日以内に発送いたします。北海道は基本的に追加送料不要です。沖縄への送料は別途お見積りが必須です。

【商品説明】

組立時重量: 4.20
組立時長さ: 45.80
組立時幅: 37.70
組立時高さ: 74.50
主要素材: oxford fabric,Polypropylene
主要カラー: Light Blue",ライトブルー,0,BA412745C207236C,,,,,,,,,,,,,,,,,,,,,,,,,,,,,,,,,,,,,,,7252,vQuSuG5WNXXFHKEZ5n3oMH,1,1,jp13,1,1,1,,,,,,,
"https://b2bfiles1.gigab2b.cn/image/wkseller/302/d20bc003f4b74283bd1ca2accd0b36e7.png?x-cc=20&x-cu=28909&x-ct=1784098800&x-cs=13c5890827ff6d45ce2d495a25252ff4""","https://b2bfiles1.gigab2b.cn/image/wkseller/302/b2a6919b88009ec610805e8b86f9ccae.jpg?x-cc=20&x-cu=28909&x-ct=1784098800&x-cs=0552505da9085caf91f10c9b0d1cfae9""","https://b2bfiles1.gigab2b.cn/image/wkseller/302/631ba59fc017a837e312ab272d29802d.jpg?x-cc=20&x-cu=28909&x-ct=1784098800&x-cs=5104445ba21da7f2292016a86979ec64""","https://b2bfiles1.gigab2b.cn/image/wkseller/302/a9afdafb2574bffc8b97c1803477d1f9.jpg?x-cc=20&x-cu=28909&x-ct=1784098800&x-cs=e2c153e5a68f1cee28bdd962193a3c91""","https://b2bfiles1.gigab2b.cn/image/wkseller/302/189dd6ce1fabaedbf7dfeb454d3ea7e0.jpg?x-cc=20&x-cu=28909&x-ct=1784098800&x-cs=18c4d3946eef05e8681f5edab3404217""","https://b2bfiles1.gigab2b.cn/image/wkseller/302/0953f5d6c84ab7ca3526a283f8511f17.jpg?x-cc=20&x-cu=28909&x-ct=1784098800&x-cs=d0af7d6f6a6e675ca76d158436d017f2""","https://b2bfiles1.gigab2b.cn/image/wkseller/302/adc9d3ac1ec104442b605c94f1116af7.jpg?x-cc=20&x-cu=28909&x-ct=1784098800&x-cs=ede2cf88ce74857403d443f8fd70eb6d""","https://b2bfiles1.gigab2b.cn/image/wkseller/302/9b54aea139daa5442d9533e887f3b1ec.jpg?x-cc=20&x-cu=28909&x-ct=1784098800&x-cs=ca8b40d38264a0589f8f0ed8c2e06e3b""","https://b2bfiles1.gigab2b.cn/image/wkseller/302/4c952cf2804c44d0f6c6a276453763dc.jpg?x-cc=20&x-cu=28909&x-ct=1784098800&x-cs=a5e17aa9d696aa7a585225b044c5f6f8""","https://b2bfiles1.gigab2b.cn/image/wkseller/302/2347f286d9e36f8a6ec83efa36481c18.jpg?x-cc=20&x-cu=28909&x-ct=1784098800&x-cs=ecb956f03a99e6a7e4749eeb93a6fc3c""","https://b2bfiles1.gigab2b.cn/image/wkseller/302/3c02f3d99fe6f677c398d904c5ea88b5.jpg?x-cc=20&x-cu=28909&x-ct=1784098800&x-cs=b92a2c7003816cb505da9a10d30f7fa6""","https://b2bfiles1.gigab2b.cn/image/wkseller/302/55259c44ecf8e08ce2c43aa67de71453.jpg?x-cc=20&x-cu=28909&x-ct=1784098800&x-cs=ec720f53a458473f647f0222ab71cf9e""","https://b2bfiles1.gigab2b.cn/image/wkseller/302/c2262486fefd0da30f8ea3b5fd535937.jpg?x-cc=20&x-cu=28909&x-ct=1784098800&x-cs=e9b9dadfe2632712eb66135bbd69a535""","https://b2bfiles1.gigab2b.cn/image/wkseller/302/6a55d79e64d564d02eead686336c4b25.jpg?x-cc=20&x-cu=28909&x-ct=1784098800&x-cs=cde01f6e63b1897cf9ab0bbfb69d58ef""","https://b2bfiles1.gigab2b.cn/image/wkseller/302/eb3b9a2cf5c0173ad9b8358f60ded5b4.jpg?x-cc=20&x-cu=28909&x-ct=1784098800&x-cs=d1be2bc72c9b980490be79da01d8eda0""","https://b2bfiles1.gigab2b.cn/image/wkseller/302/0950b2309b94f2733351466a9034187f.jpg?x-cc=20&x-cu=28909&x-ct=1784098800&x-cs=4b05f5648d16cc9a92d4df3f65494fd1""","https://b2bfiles1.gigab2b.cn/image/wkseller/302/cd76943ccaee1c2c320d0b8e4c4dffbd.jpg?x-cc=20&x-cu=28909&x-ct=1784098800&x-cs=a987ccd93d5826e38f65c3e0c78aae6c""","https://b2bfiles1.gigab2b.cn/image/wkseller/302/c1dd5a47caf01e7d28bab9fb08c71b66.jpg?x-cc=20&x-cu=28909&x-ct=1784098800&x-cs=9065f6ca43633907cbbee968c63916be""","https://b2bfiles1.gigab2b.cn/image/wkseller/302/cc1c8fd5b00fe71c36b88c4a65c3cf10.jpg?x-cc=20&x-cu=28909&x-ct=1784098800&x-cs=3b72a446b3afda2f03f23e7a30e6342d""]",https://pub-606bcd6c031442e4959f73b5435fefd1.r2.dev/shipping-guide.png,スーツケース Lサイズ キャリーケース 機内持ち込み 軽量 ストッパー付き USBポート TSAロック ダブルキャスター 修学旅行 かわいい 大型 7~14日 中学生 大容量 海外旅行 トートバッグ ハンドバッグ レディース バッグ 手提げ 軽量 ファスナーで,"ホムブリスショップへようこそ
♪すべての商品は未開封の新品です
♪フォロー割あり
♪まとめ買い割あり：2点で2%OFF、3点で3%OFF、最大5%（一部商品適用外）
♪発送と送料：在庫品は1～2営業日以内に発送、再入荷商品は入荷後1～2営業日以内に発送いたします。北海道は基本的に追加送料不要です。沖縄への送料は別途お見積りが必須です。

【商品説明】

組立時重量: 4.20
組立時長さ: 45.80
組立時幅: 37.70
組立時高さ: 74.50
主要素材: oxford fabric,Polypropylene
主要カラー: Beige",ベージュ,0,BA412745O207236N,,,,,,,,,,,,,,,,,,,,,,,,,,,,,,,,,,,,,,,7252,vQuSuG5WNXXFHKEZ5n3oMH,1,1,jp13,1,1,1,,,,,,,
"https://b2bfiles1.gigab2b.cn/image/wkseller/302/7e1f4f01bf357a5093ca0c183906df26.png?x-cc=20&x-cu=28909&x-ct=1784098800&x-cs=810b903ad77f23e6d5017f39b9481807""","https://b2bfiles1.gigab2b.cn/image/wkseller/302/b2a6919b88009ec610805e8b86f9ccae.jpg?x-cc=20&x-cu=28909&x-ct=1784098800&x-cs=0552505da9085caf91f10c9b0d1cfae9""","https://b2bfiles1.gigab2b.cn/image/wkseller/302/631ba59fc017a837e312ab272d29802d.jpg?x-cc=20&x-cu=28909&x-ct=1784098800&x-cs=5104445ba21da7f2292016a86979ec64""","https://b2bfiles1.gigab2b.cn/image/wkseller/302/a9afdafb2574bffc8b97c1803477d1f9.jpg?x-cc=20&x-cu=28909&x-ct=1784098800&x-cs=e2c153e5a68f1cee28bdd962193a3c91""","https://b2bfiles1.gigab2b.cn/image/wkseller/302/189dd6ce1fabaedbf7dfeb454d3ea7e0.jpg?x-cc=20&x-cu=28909&x-ct=1784098800&x-cs=18c4d3946eef05e8681f5edab3404217""","https://b2bfiles1.gigab2b.cn/image/wkseller/302/0953f5d6c84ab7ca3526a283f8511f17.jpg?x-cc=20&x-cu=28909&x-ct=1784098800&x-cs=d0af7d6f6a6e675ca76d158436d017f2""","https://b2bfiles1.gigab2b.cn/image/wkseller/302/adc9d3ac1ec104442b605c94f1116af7.jpg?x-cc=20&x-cu=28909&x-ct=1784098800&x-cs=ede2cf88ce74857403d443f8fd70eb6d""","https://b2bfiles1.gigab2b.cn/image/wkseller/302/9b54aea139daa5442d9533e887f3b1ec.jpg?x-cc=20&x-cu=28909&x-ct=1784098800&x-cs=ca8b40d38264a0589f8f0ed8c2e06e3b""","https://b2bfiles1.gigab2b.cn/image/wkseller/302/4c952cf2804c44d0f6c6a276453763dc.jpg?x-cc=20&x-cu=28909&x-ct=1784098800&x-cs=a5e17aa9d696aa7a585225b044c5f6f8""","https://b2bfiles1.gigab2b.cn/image/wkseller/302/2347f286d9e36f8a6ec83efa36481c18.jpg?x-cc=20&x-cu=28909&x-ct=1784098800&x-cs=ecb956f03a99e6a7e4749eeb93a6fc3c""","https://b2bfiles1.gigab2b.cn/image/wkseller/302/3c02f3d99fe6f677c398d904c5ea88b5.jpg?x-cc=20&x-cu=28909&x-ct=1784098800&x-cs=b92a2c7003816cb505da9a10d30f7fa6""","https://b2bfiles1.gigab2b.cn/image/wkseller/302/55259c44ecf8e08ce2c43aa67de71453.jpg?x-cc=20&x-cu=28909&x-ct=1784098800&x-cs=ec720f53a458473f647f0222ab71cf9e""","https://b2bfiles1.gigab2b.cn/image/wkseller/302/c2262486fefd0da30f8ea3b5fd535937.jpg?x-cc=20&x-cu=28909&x-ct=1784098800&x-cs=e9b9dadfe2632712eb66135bbd69a535""","https://b2bfiles1.gigab2b.cn/image/wkseller/302/6a55d79e64d564d02eead686336c4b25.jpg?x-cc=20&x-cu=28909&x-ct=1784098800&x-cs=cde01f6e63b1897cf9ab0bbfb69d58ef""","https://b2bfiles1.gigab2b.cn/image/wkseller/302/eb3b9a2cf5c0173ad9b8358f60ded5b4.jpg?x-cc=20&x-cu=28909&x-ct=1784098800&x-cs=d1be2bc72c9b980490be79da01d8eda0""","https://b2bfiles1.gigab2b.cn/image/wkseller/302/0950b2309b94f2733351466a9034187f.jpg?x-cc=20&x-cu=28909&x-ct=1784098800&x-cs=4b05f5648d16cc9a92d4df3f65494fd1""","https://b2bfiles1.gigab2b.cn/image/wkseller/302/cd76943ccaee1c2c320d0b8e4c4dffbd.jpg?x-cc=20&x-cu=28909&x-ct=1784098800&x-cs=a987ccd93d5826e38f65c3e0c78aae6c""","https://b2bfiles1.gigab2b.cn/image/wkseller/302/c1dd5a47caf01e7d28bab9fb08c71b66.jpg?x-cc=20&x-cu=28909&x-ct=1784098800&x-cs=9065f6ca43633907cbbee968c63916be""","https://b2bfiles1.gigab2b.cn/image/wkseller/302/cc1c8fd5b00fe71c36b88c4a65c3cf10.jpg?x-cc=20&x-cu=28909&x-ct=1784098800&x-cs=3b72a446b3afda2f03f23e7a30e6342d""]",https://pub-606bcd6c031442e4959f73b5435fefd1.r2.dev/shipping-guide.png,スーツケース Lサイズ キャリーケース 機内持ち込み 軽量 ストッパー付き USBポート TSAロック ダブルキャスター 修学旅行 かわいい 大型 7~14日 中学生 大容量 海外旅行 トートバッグ ハンドバッグ レディース バッグ 手提げ 軽量 ファスナーで,"ホムブリスショップへようこそ
♪すべての商品は未開封の新品です
♪フォロー割あり
♪まとめ買い割あり：2点で2%OFF、3点で3%OFF、最大5%（一部商品適用外）
♪発送と送料：在庫品は1～2営業日以内に発送、再入荷商品は入荷後1～2営業日以内に発送いたします。北海道は基本的に追加送料不要です。沖縄への送料は別途お見積りが必須です。

【商品説明】

組立時重量: 4.20
組立時長さ: 45.80
組立時幅: 37.70
組立時高さ: 74.50
主要素材: oxford fabric,Polypropylene
主要カラー: Pink",ピンク,0,BA412745P207236N,,,,,,,,,,,,,,,,,,,,,,,,,,,,,,,,,,,,,,,7252,vQuSuG5WNXXFHKEZ5n3oMH,1,1,jp13,1,1,1,,,,,,,
"https://b2bfiles1.gigab2b.cn/image/wkseller/302/95a9d96dbc9e2508536371c1ce0495a4.jpg?x-cc=20&x-cu=28909&x-ct=1784098800&x-cs=6f9d2611f3627e6122eb228f2a005dd3""","https://b2bfiles1.gigab2b.cn/image/wkseller/302/b2a6919b88009ec610805e8b86f9ccae.jpg?x-cc=20&x-cu=28909&x-ct=1784098800&x-cs=0552505da9085caf91f10c9b0d1cfae9""","https://b2bfiles1.gigab2b.cn/image/wkseller/302/631ba59fc017a837e312ab272d29802d.jpg?x-cc=20&x-cu=28909&x-ct=1784098800&x-cs=5104445ba21da7f2292016a86979ec64""","https://b2bfiles1.gigab2b.cn/image/wkseller/302/83ede1e7a62eb8326eba112c7f13dd3e.jpg?x-cc=20&x-cu=28909&x-ct=1784098800&x-cs=62b19764117785ab39ee9626047cb851""","https://b2bfiles1.gigab2b.cn/image/wkseller/302/489fadebaf24576d152acbffca3d7fe5.jpg?x-cc=20&x-cu=28909&x-ct=1784098800&x-cs=fed22ca6c5e4e4ab432e9b671523c9f6""","https://b2bfiles1.gigab2b.cn/image/wkseller/302/695ff20625e64a2563ef538440dcf83e.jpg?x-cc=20&x-cu=28909&x-ct=1784098800&x-cs=0a8696757abc0f19c1259782b19f245f""","https://b2bfiles1.gigab2b.cn/image/wkseller/302/694ca03c9fb7d95499a5c01c1d0a258f.jpg?x-cc=20&x-cu=28909&x-ct=1784098800&x-cs=a833682096f1276552f8432cb9351cbe""","https://b2bfiles1.gigab2b.cn/image/wkseller/302/a3ddea85272cd892a8e8d45e0dc540a3.jpg?x-cc=20&x-cu=28909&x-ct=1784098800&x-cs=f9edcad49d4ccd7dcc011e3388bec74f""","https://b2bfiles1.gigab2b.cn/image/wkseller/302/547bb7bb2130a92d3510ed9a65e639e6.jpg?x-cc=20&x-cu=28909&x-ct=1784098800&x-cs=b17496ffa4f9b8a28bf7ebe9736a42c4""","https://b2bfiles1.gigab2b.cn/image/wkseller/302/56aced21ac460cae149b4d477defd183.jpg?x-cc=20&x-cu=28909&x-ct=1784098800&x-cs=289033f722dbad61dc6d93bd4e59dea3""","https://b2bfiles1.gigab2b.cn/image/wkseller/302/2daf3d8b8bd32c3f307fd4c05fa26104.jpg?x-cc=20&x-cu=28909&x-ct=1784098800&x-cs=d2ab2e754092185f438100fe2591ef38""","https://b2bfiles1.gigab2b.cn/image/wkseller/302/13a26a5b30c8911b3e3f5d973edb5965.jpg?x-cc=20&x-cu=28909&x-ct=1784098800&x-cs=94e56f95e5b63804c13b6de803ede5fd""","https://b2bfiles1.gigab2b.cn/image/wkseller/302/ce98358a09bd1d2150d4edf0f44ded99.jpg?x-cc=20&x-cu=28909&x-ct=1784098800&x-cs=8f0c89d357fa2fc39a2e207ba948b013""","https://b2bfiles1.gigab2b.cn/image/wkseller/302/55b8972decdb58dea446230dfa56800b.jpg?x-cc=20&x-cu=28909&x-ct=1784098800&x-cs=092299d827579ecf46f8ef85521c3dcf""","https://b2bfiles1.gigab2b.cn/image/wkseller/302/38a981796cef5b59565a677e9fcfd37b.jpg?x-cc=20&x-cu=28909&x-ct=1784098800&x-cs=87fa7b2b5824d387ad9e9e60f63a57b0""","https://b2bfiles1.gigab2b.cn/image/wkseller/302/f0a23ad5b16c5bc6e692da2bc6251b0f.jpg?x-cc=20&x-cu=28909&x-ct=1784098800&x-cs=1c9cd25d5429452f51426c57d95bcaf5""","https://b2bfiles1.gigab2b.cn/image/wkseller/302/a4282015e261a7bfb1cbab83c6c9b12c.jpg?x-cc=20&x-cu=28909&x-ct=1784098800&x-cs=f404550b9e1d27fba53535c29f65b438""","https://b2bfiles1.gigab2b.cn/image/wkseller/302/e6c7f478bac9fe24c9e8389d6c5d6e67.jpg?x-cc=20&x-cu=28909&x-ct=1784098800&x-cs=0cc98f58c8695156b3b0941c0a070053""","https://b2bfiles1.gigab2b.cn/image/wkseller/302/94289c65b05afa2523f97cc854f517a6.jpg?x-cc=20&x-cu=28909&x-ct=1784098800&x-cs=4d8c13adaa2b99a08c322ff3fa30cd7f""",https://pub-606bcd6c031442e4959f73b5435fefd1.r2.dev/shipping-guide.png,キャリーケース スーツケース Sサイズ 大容量 容量拡張 ビジネス かわいい 軽量 おしゃれ ストッパー付き TSAロック搭載 suitcase 旅行 海外 人気 おすすめ 女性 静音 静か 小型 トートバッグ ハンドバッグ レディース バッグ 手提げ 軽量 ,"ホムブリスショップへようこそ
♪すべての商品は未開封の新品です
♪フォロー割あり
♪まとめ買い割あり：2点で2%OFF、3点で3%OFF、最大5%（一部商品適用外）
♪発送と送料：在庫品は1～2営業日以内に発送、再入荷商品は入荷後1～2営業日以内に発送いたします。北海道は基本的に追加送料不要です。沖縄への送料は別途お見積りが必須です。

【商品説明】

組立時重量: 3.11
組立時長さ: 35.70
組立時幅: 24.80
組立時高さ: 56.00
主要素材: ABS,oxford fabric
主要カラー: Blue",ブルー,0,BA419599C207236C,,,,,,,,,,,,,,,,,,,,,,,,,,,,,,,,,,,,,,,5952,vQuSuG5WNXXFHKEZ5n3oMH,1,1,jp13,1,1,1,,,,,,,
"https://b2bfiles1.gigab2b.cn/image/wkseller/302/86f4eb3c79962622126379838f91bd2b.jpg?x-cc=20&x-cu=28909&x-ct=1784098800&x-cs=54cd2c9bc70113a2c7212081dcfe8e0a""","https://b2bfiles1.gigab2b.cn/image/wkseller/302/b2a6919b88009ec610805e8b86f9ccae.jpg?x-cc=20&x-cu=28909&x-ct=1784098800&x-cs=0552505da9085caf91f10c9b0d1cfae9""","https://b2bfiles1.gigab2b.cn/image/wkseller/302/631ba59fc017a837e312ab272d29802d.jpg?x-cc=20&x-cu=28909&x-ct=1784098800&x-cs=5104445ba21da7f2292016a86979ec64""","https://b2bfiles1.gigab2b.cn/image/wkseller/302/83ede1e7a62eb8326eba112c7f13dd3e.jpg?x-cc=20&x-cu=28909&x-ct=1784098800&x-cs=62b19764117785ab39ee9626047cb851""","https://b2bfiles1.gigab2b.cn/image/wkseller/302/489fadebaf24576d152acbffca3d7fe5.jpg?x-cc=20&x-cu=28909&x-ct=1784098800&x-cs=fed22ca6c5e4e4ab432e9b671523c9f6""","https://b2bfiles1.gigab2b.cn/image/wkseller/302/695ff20625e64a2563ef538440dcf83e.jpg?x-cc=20&x-cu=28909&x-ct=1784098800&x-cs=0a8696757abc0f19c1259782b19f245f""","https://b2bfiles1.gigab2b.cn/image/wkseller/302/694ca03c9fb7d95499a5c01c1d0a258f.jpg?x-cc=20&x-cu=28909&x-ct=1784098800&x-cs=a833682096f1276552f8432cb9351cbe""","https://b2bfiles1.gigab2b.cn/image/wkseller/302/56aced21ac460cae149b4d477defd183.jpg?x-cc=20&x-cu=28909&x-ct=1784098800&x-cs=289033f722dbad61dc6d93bd4e59dea3""","https://b2bfiles1.gigab2b.cn/image/wkseller/302/2daf3d8b8bd32c3f307fd4c05fa26104.jpg?x-cc=20&x-cu=28909&x-ct=1784098800&x-cs=d2ab2e754092185f438100fe2591ef38""","https://b2bfiles1.gigab2b.cn/image/wkseller/302/a3ddea85272cd892a8e8d45e0dc540a3.jpg?x-cc=20&x-cu=28909&x-ct=1784098800&x-cs=f9edcad49d4ccd7dcc011e3388bec74f""","https://b2bfiles1.gigab2b.cn/image/wkseller/302/547bb7bb2130a92d3510ed9a65e639e6.jpg?x-cc=20&x-cu=28909&x-ct=1784098800&x-cs=b17496ffa4f9b8a28bf7ebe9736a42c4""","https://b2bfiles1.gigab2b.cn/image/wkseller/302/13a26a5b30c8911b3e3f5d973edb5965.jpg?x-cc=20&x-cu=28909&x-ct=1784098800&x-cs=94e56f95e5b63804c13b6de803ede5fd""","https://b2bfiles1.gigab2b.cn/image/wkseller/302/ce98358a09bd1d2150d4edf0f44ded99.jpg?x-cc=20&x-cu=28909&x-ct=1784098800&x-cs=8f0c89d357fa2fc39a2e207ba948b013""","https://b2bfiles1.gigab2b.cn/image/wkseller/302/38a981796cef5b59565a677e9fcfd37b.jpg?x-cc=20&x-cu=28909&x-ct=1784098800&x-cs=87fa7b2b5824d387ad9e9e60f63a57b0""","https://b2bfiles1.gigab2b.cn/image/wkseller/302/55b8972decdb58dea446230dfa56800b.jpg?x-cc=20&x-cu=28909&x-ct=1784098800&x-cs=092299d827579ecf46f8ef85521c3dcf""","https://b2bfiles1.gigab2b.cn/image/wkseller/302/a4282015e261a7bfb1cbab83c6c9b12c.jpg?x-cc=20&x-cu=28909&x-ct=1784098800&x-cs=f404550b9e1d27fba53535c29f65b438""","https://b2bfiles1.gigab2b.cn/image/wkseller/302/43c232460c90ae4c232a9263df1bc38d.jpg?x-cc=20&x-cu=28909&x-ct=1784098800&x-cs=ed06ced11fc84dc06c98b9613862be97""","https://b2bfiles1.gigab2b.cn/image/wkseller/302/d2dd630459ad2ca9bf3218cf09c77a86.jpg?x-cc=20&x-cu=28909&x-ct=1784098800&x-cs=b37dcd6211c1690bd16e1fa61442f889""","https://b2bfiles1.gigab2b.cn/image/wkseller/302/3b4f5bd95f7b98d1cdd335dc357ae2f0.jpg?x-cc=20&x-cu=28909&x-ct=1784098800&x-cs=8269a98a8b9b1167403ec9ee5039abb8""",https://pub-606bcd6c031442e4959f73b5435fefd1.r2.dev/shipping-guide.png,キャリーケース スーツケース Mサイズ 大容量 容量拡張 大型 ビジネス かわいい 軽量 おしゃれ ストッパー付き TSAロック搭載 suitcase 旅行 海外 人気 おすすめ 女性 静音 静か 中型 トートバッグ ハンドバッグ レディース バッグ 手提げ ,"ホムブリスショップへようこそ
♪すべての商品は未開封の新品です
♪フォロー割あり
♪まとめ買い割あり：2点で2%OFF、3点で3%OFF、最大5%（一部商品適用外）
♪発送と送料：在庫品は1～2営業日以内に発送、再入荷商品は入荷後1～2営業日以内に発送いたします。北海道は基本的に追加送料不要です。沖縄への送料は別途お見積りが必須です。

【商品説明】

組立時重量: 3.94
組立時長さ: 43.50
組立時幅: 28.50
組立時高さ: 66.50
主要素材: ABS,oxford fabric
主要カラー: Blue",ブルー,0,BA419600C207236C,,,,,,,,,,,,,,,,,,,,,,,,,,,,,,,,,,,,,,,6402,vQuSuG5WNXXFHKEZ5n3oMH,1,1,jp13,1,1,1,,,,,,,
"https://b2bfiles1.gigab2b.cn/image/wkseller/302/0acc05ca19af032e3ffdb9e6b1167802.jpg?x-cc=20&x-cu=28909&x-ct=1784098800&x-cs=fd9a291d92c8d421ae5df085674bdea3""","https://b2bfiles1.gigab2b.cn/image/wkseller/302/b2a6919b88009ec610805e8b86f9ccae.jpg?x-cc=20&x-cu=28909&x-ct=1784098800&x-cs=0552505da9085caf91f10c9b0d1cfae9""","https://b2bfiles1.gigab2b.cn/image/wkseller/302/631ba59fc017a837e312ab272d29802d.jpg?x-cc=20&x-cu=28909&x-ct=1784098800&x-cs=5104445ba21da7f2292016a86979ec64""","https://b2bfiles1.gigab2b.cn/image/wkseller/302/982bfcd5526a33ff437f27c8ce59127b.jpg?x-cc=20&x-cu=28909&x-ct=1784098800&x-cs=f4d3cf5206ebe43166a22b7b8856b69f""","https://b2bfiles1.gigab2b.cn/image/wkseller/302/21a87fc8ec9224fdd47176995dbcfebd.jpg?x-cc=20&x-cu=28909&x-ct=1784098800&x-cs=74ceea0dbdb0a90e39c9dfee8ac33cdf""","https://b2bfiles1.gigab2b.cn/image/wkseller/302/0d99760e0e214517cd9f7950312d4534.jpg?x-cc=20&x-cu=28909&x-ct=1784098800&x-cs=84871c9e44828adaf8e61eca535e51cb""","https://b2bfiles1.gigab2b.cn/image/wkseller/302/b6e137d173eaeb40b5c4698d6ac78715.jpg?x-cc=20&x-cu=28909&x-ct=1784098800&x-cs=f5f773a00605138154bb68922466edee""","https://b2bfiles1.gigab2b.cn/image/wkseller/302/12e3183647e2d4f25c230f8949b70572.jpg?x-cc=20&x-cu=28909&x-ct=1784098800&x-cs=4dd7f03a6e4db7dee23f658fd68aa191""","https://b2bfiles1.gigab2b.cn/image/wkseller/302/2320487407389c709744e13c2d4c7c54.jpg?x-cc=20&x-cu=28909&x-ct=1784098800&x-cs=fb2906de4f6076e535195a612321a730""","https://b2bfiles1.gigab2b.cn/image/wkseller/302/96765c5b30cae52f63ea877f8484f2b2.jpg?x-cc=20&x-cu=28909&x-ct=1784098800&x-cs=612194aa863020a3bd74cfe2efdb0d0b""","https://b2bfiles1.gigab2b.cn/image/wkseller/302/f1736f6d76429b96cc7d9ee81a3deee0.jpg?x-cc=20&x-cu=28909&x-ct=1784098800&x-cs=87e4b78df4622ca08dc1701d20f82ac7""","https://b2bfiles1.gigab2b.cn/image/wkseller/302/36cb6ca8ad9ef8a6d5ed56cf77e86b86.jpg?x-cc=20&x-cu=28909&x-ct=1784098800&x-cs=c44c373a884588e77e49de401299c0ce""","https://b2bfiles1.gigab2b.cn/image/wkseller/302/5351420da88a6cb4883bff959f812fb3.jpg?x-cc=20&x-cu=28909&x-ct=1784098800&x-cs=220ada99526fed40380d68c443ce0b0e""","https://b2bfiles1.gigab2b.cn/image/wkseller/302/a51fc11fd2670fbe362e5bf62498a1e9.jpg?x-cc=20&x-cu=28909&x-ct=1784098800&x-cs=b305bf6cee05fe5970215f6cad3e6164""]",https://pub-606bcd6c031442e4959f73b5435fefd1.r2.dev/shipping-guide.png,,,,,,スーツケース Sサイズ 軽量 キャリーバッグ USBポート付き TSAロック ストッパー付き ダブルキャスター スムーズ 静音 静か 頑丈 トートバッグ ハンドバッグ レディース バッグ 手提げ 大容量 超軽量 軽い おしゃれ かわいい suitcase ba,"ホムブリスショップへようこそ
♪すべての商品は未開封の新品です
♪フォロー割あり
♪まとめ買い割あり：2点で2%OFF、3点で3%OFF、最大5%（一部商品適用外）
♪発送と送料：在庫品は1～2営業日以内に発送、再入荷商品は入荷後1～2営業日以内に発送いたします。北海道は基本的に追加送料不要です。沖縄への送料は別途お見積りが必須です。

【商品説明】

組立時重量: 2.85
組立時長さ: 39.30
組立時幅: 23.50
組立時高さ: 56.50
主要素材: ABS
主要カラー: Pink",ピンク,72,BA419617P207236N,,,,,,,,,,,,,,,,,,,,,,,,,,,,,,,,,,,,,,,5702,vQuSuG5WNXXFHKEZ5n3oMH,1,1,jp13,1,1,1,,,,,,,
"https://b2bfiles1.gigab2b.cn/image/wkseller/302/bd0e91336629f05da8c95a6be410b8b3.jpg?x-cc=20&x-cu=28909&x-ct=1784098800&x-cs=ec13e3a83b7a5d088abb9e641ec39888""","https://b2bfiles1.gigab2b.cn/image/wkseller/302/b2a6919b88009ec610805e8b86f9ccae.jpg?x-cc=20&x-cu=28909&x-ct=1784098800&x-cs=0552505da9085caf91f10c9b0d1cfae9""","https://b2bfiles1.gigab2b.cn/image/wkseller/302/631ba59fc017a837e312ab272d29802d.jpg?x-cc=20&x-cu=28909&x-ct=1784098800&x-cs=5104445ba21da7f2292016a86979ec64""","https://b2bfiles1.gigab2b.cn/image/wkseller/302/982bfcd5526a33ff437f27c8ce59127b.jpg?x-cc=20&x-cu=28909&x-ct=1784098800&x-cs=f4d3cf5206ebe43166a22b7b8856b69f""","https://b2bfiles1.gigab2b.cn/image/wkseller/302/21a87fc8ec9224fdd47176995dbcfebd.jpg?x-cc=20&x-cu=28909&x-ct=1784098800&x-cs=74ceea0dbdb0a90e39c9dfee8ac33cdf""","https://b2bfiles1.gigab2b.cn/image/wkseller/302/b6e137d173eaeb40b5c4698d6ac78715.jpg?x-cc=20&x-cu=28909&x-ct=1784098800&x-cs=f5f773a00605138154bb68922466edee""","https://b2bfiles1.gigab2b.cn/image/wkseller/302/0d99760e0e214517cd9f7950312d4534.jpg?x-cc=20&x-cu=28909&x-ct=1784098800&x-cs=84871c9e44828adaf8e61eca535e51cb""","https://b2bfiles1.gigab2b.cn/image/wkseller/302/12e3183647e2d4f25c230f8949b70572.jpg?x-cc=20&x-cu=28909&x-ct=1784098800&x-cs=4dd7f03a6e4db7dee23f658fd68aa191""","https://b2bfiles1.gigab2b.cn/image/wkseller/302/2320487407389c709744e13c2d4c7c54.jpg?x-cc=20&x-cu=28909&x-ct=1784098800&x-cs=fb2906de4f6076e535195a612321a730""","https://b2bfiles1.gigab2b.cn/image/wkseller/302/96765c5b30cae52f63ea877f8484f2b2.jpg?x-cc=20&x-cu=28909&x-ct=1784098800&x-cs=612194aa863020a3bd74cfe2efdb0d0b""","https://b2bfiles1.gigab2b.cn/image/wkseller/302/f1736f6d76429b96cc7d9ee81a3deee0.jpg?x-cc=20&x-cu=28909&x-ct=1784098800&x-cs=87e4b78df4622ca08dc1701d20f82ac7""","https://b2bfiles1.gigab2b.cn/image/wkseller/302/a51fc11fd2670fbe362e5bf62498a1e9.jpg?x-cc=20&x-cu=28909&x-ct=1784098800&x-cs=b305bf6cee05fe5970215f6cad3e6164""]",https://pub-606bcd6c031442e4959f73b5435fefd1.r2.dev/shipping-guide.png,,,,,,,,スーツケース Sサイズ 軽量 キャリーバッグ USBポート付き TSAロック ストッパー付き ダブルキャスター スムーズ 静音 静か 頑丈 トートバッグ ハンドバッグ レディース バッグ 手提げ 大容量 超軽量 軽い おしゃれ かわいい suitcase ba,"ホムブリスショップへようこそ
♪すべての商品は未開封の新品です
♪フォロー割あり
♪まとめ買い割あり：2点で2%OFF、3点で3%OFF、最大5%（一部商品適用外）
♪発送と送料：在庫品は1～2営業日以内に発送、再入荷商品は入荷後1～2営業日以内に発送いたします。北海道は基本的に追加送料不要です。沖縄への送料は別途お見積りが必須です。

【商品説明】

組立時重量: 2.85
組立時長さ: 39.30
組立時幅: 23.50
組立時高さ: 56.50
主要素材: ABS
主要カラー: Green",グリーン,0,BA419617Z207236N,,,,,,,,,,,,,,,,,,,,,,,,,,,,,,,,,,,,,,,5702,vQuSuG5WNXXFHKEZ5n3oMH,1,1,jp13,1,1,1,,,,,,,
"https://b2bfiles1.gigab2b.cn/image/wkseller/302/a059269f8cb80fb1d61efabcb9eb8360.jpg?x-cc=20&x-cu=28909&x-ct=1784098800&x-cs=4b45d23340b42553feff84e46a63037c""","https://b2bfiles1.gigab2b.cn/image/wkseller/302/b2a6919b88009ec610805e8b86f9ccae.jpg?x-cc=20&x-cu=28909&x-ct=1784098800&x-cs=0552505da9085caf91f10c9b0d1cfae9""","https://b2bfiles1.gigab2b.cn/image/wkseller/302/982bfcd5526a33ff437f27c8ce59127b.jpg?x-cc=20&x-cu=28909&x-ct=1784098800&x-cs=f4d3cf5206ebe43166a22b7b8856b69f""","https://b2bfiles1.gigab2b.cn/image/wkseller/302/631ba59fc017a837e312ab272d29802d.jpg?x-cc=20&x-cu=28909&x-ct=1784098800&x-cs=5104445ba21da7f2292016a86979ec64""","https://b2bfiles1.gigab2b.cn/image/wkseller/302/21a87fc8ec9224fdd47176995dbcfebd.jpg?x-cc=20&x-cu=28909&x-ct=1784098800&x-cs=74ceea0dbdb0a90e39c9dfee8ac33cdf""","https://b2bfiles1.gigab2b.cn/image/wkseller/302/b6e137d173eaeb40b5c4698d6ac78715.jpg?x-cc=20&x-cu=28909&x-ct=1784098800&x-cs=f5f773a00605138154bb68922466edee""","https://b2bfiles1.gigab2b.cn/image/wkseller/302/0d99760e0e214517cd9f7950312d4534.jpg?x-cc=20&x-cu=28909&x-ct=1784098800&x-cs=84871c9e44828adaf8e61eca535e51cb""","https://b2bfiles1.gigab2b.cn/image/wkseller/302/12e3183647e2d4f25c230f8949b70572.jpg?x-cc=20&x-cu=28909&x-ct=1784098800&x-cs=4dd7f03a6e4db7dee23f658fd68aa191""","https://b2bfiles1.gigab2b.cn/image/wkseller/302/2320487407389c709744e13c2d4c7c54.jpg?x-cc=20&x-cu=28909&x-ct=1784098800&x-cs=fb2906de4f6076e535195a612321a730""","https://b2bfiles1.gigab2b.cn/image/wkseller/302/96765c5b30cae52f63ea877f8484f2b2.jpg?x-cc=20&x-cu=28909&x-ct=1784098800&x-cs=612194aa863020a3bd74cfe2efdb0d0b""","https://b2bfiles1.gigab2b.cn/image/wkseller/302/f1736f6d76429b96cc7d9ee81a3deee0.jpg?x-cc=20&x-cu=28909&x-ct=1784098800&x-cs=87e4b78df4622ca08dc1701d20f82ac7""","https://b2bfiles1.gigab2b.cn/image/wkseller/302/36cb6ca8ad9ef8a6d5ed56cf77e86b86.jpg?x-cc=20&x-cu=28909&x-ct=1784098800&x-cs=c44c373a884588e77e49de401299c0ce""","https://b2bfiles1.gigab2b.cn/image/wkseller/302/5351420da88a6cb4883bff959f812fb3.jpg?x-cc=20&x-cu=28909&x-ct=1784098800&x-cs=220ada99526fed40380d68c443ce0b0e""","https://b2bfiles1.gigab2b.cn/image/wkseller/302/a51fc11fd2670fbe362e5bf62498a1e9.jpg?x-cc=20&x-cu=28909&x-ct=1784098800&x-cs=b305bf6cee05fe5970215f6cad3e6164""]",https://pub-606bcd6c031442e4959f73b5435fefd1.r2.dev/shipping-guide.png,,,,,,スーツケース Mサイズ 軽量 キャリーバッグ USBポート付き TSAロック フック ストッパー付き ダブルキャスター スムーズ 静音 静か 頑丈 海外 修学旅行 トートバッグ ハンドバッグ レディース バッグ 手提げ 大容量 超軽量 軽い おしゃれ かわいい,"ホムブリスショップへようこそ
♪すべての商品は未開封の新品です
♪フォロー割あり
♪まとめ買い割あり：2点で2%OFF、3点で3%OFF、最大5%（一部商品適用外）
♪発送と送料：在庫品は1～2営業日以内に発送、再入荷商品は入荷後1～2営業日以内に発送いたします。北海道は基本的に追加送料不要です。沖縄への送料は別途お見積りが必須です。

【商品説明】

組立時重量: 3.47
組立時長さ: 47.00
組立時幅: 65.90
組立時高さ: 27.50
主要素材: ABS
主要カラー: Ivory",アイボリー,0,BA419618O207236N,,,,,,,,,,,,,,,,,,,,,,,,,,,,,,,,,,,,,,,6152,vQuSuG5WNXXFHKEZ5n3oMH,1,1,jp13,1,1,1,,,,,,,
"https://b2bfiles1.gigab2b.cn/image/wkseller/302/8188803888bd4b30c0341cc8f1882794.jpg?x-cc=20&x-cu=28909&x-ct=1784098800&x-cs=69e774d787060c84a77443ad07f73c0a""","https://b2bfiles1.gigab2b.cn/image/wkseller/302/b2a6919b88009ec610805e8b86f9ccae.jpg?x-cc=20&x-cu=28909&x-ct=1784098800&x-cs=0552505da9085caf91f10c9b0d1cfae9""","https://b2bfiles1.gigab2b.cn/image/wkseller/302/631ba59fc017a837e312ab272d29802d.jpg?x-cc=20&x-cu=28909&x-ct=1784098800&x-cs=5104445ba21da7f2292016a86979ec64""","https://b2bfiles1.gigab2b.cn/image/wkseller/302/982bfcd5526a33ff437f27c8ce59127b.jpg?x-cc=20&x-cu=28909&x-ct=1784098800&x-cs=f4d3cf5206ebe43166a22b7b8856b69f""","https://b2bfiles1.gigab2b.cn/image/wkseller/302/21a87fc8ec9224fdd47176995dbcfebd.jpg?x-cc=20&x-cu=28909&x-ct=1784098800&x-cs=74ceea0dbdb0a90e39c9dfee8ac33cdf""","https://b2bfiles1.gigab2b.cn/image/wkseller/302/b6e137d173eaeb40b5c4698d6ac78715.jpg?x-cc=20&x-cu=28909&x-ct=1784098800&x-cs=f5f773a00605138154bb68922466edee""","https://b2bfiles1.gigab2b.cn/image/wkseller/302/0d99760e0e214517cd9f7950312d4534.jpg?x-cc=20&x-cu=28909&x-ct=1784098800&x-cs=84871c9e44828adaf8e61eca535e51cb""","https://b2bfiles1.gigab2b.cn/image/wkseller/302/12e3183647e2d4f25c230f8949b70572.jpg?x-cc=20&x-cu=28909&x-ct=1784098800&x-cs=4dd7f03a6e4db7dee23f658fd68aa191""","https://b2bfiles1.gigab2b.cn/image/wkseller/302/2320487407389c709744e13c2d4c7c54.jpg?x-cc=20&x-cu=28909&x-ct=1784098800&x-cs=fb2906de4f6076e535195a612321a730""","https://b2bfiles1.gigab2b.cn/image/wkseller/302/96765c5b30cae52f63ea877f8484f2b2.jpg?x-cc=20&x-cu=28909&x-ct=1784098800&x-cs=612194aa863020a3bd74cfe2efdb0d0b""","https://b2bfiles1.gigab2b.cn/image/wkseller/302/f1736f6d76429b96cc7d9ee81a3deee0.jpg?x-cc=20&x-cu=28909&x-ct=1784098800&x-cs=87e4b78df4622ca08dc1701d20f82ac7""","https://b2bfiles1.gigab2b.cn/image/wkseller/302/36cb6ca8ad9ef8a6d5ed56cf77e86b86.jpg?x-cc=20&x-cu=28909&x-ct=1784098800&x-cs=c44c373a884588e77e49de401299c0ce""","https://b2bfiles1.gigab2b.cn/image/wkseller/302/5351420da88a6cb4883bff959f812fb3.jpg?x-cc=20&x-cu=28909&x-ct=1784098800&x-cs=220ada99526fed40380d68c443ce0b0e""","https://b2bfiles1.gigab2b.cn/image/wkseller/302/a51fc11fd2670fbe362e5bf62498a1e9.jpg?x-cc=20&x-cu=28909&x-ct=1784098800&x-cs=b305bf6cee05fe5970215f6cad3e6164""]",https://pub-606bcd6c031442e4959f73b5435fefd1.r2.dev/shipping-guide.png,,,,,,スーツケース Mサイズ 軽量 キャリーバッグ USBポート付き TSAロック フック ストッパー付き ダブルキャスター スムーズ 静音 静か 頑丈 海外 修学旅行 トートバッグ ハンドバッグ レディース バッグ 手提げ 大容量 超軽量 軽い おしゃれ かわいい,"ホムブリスショップへようこそ
♪すべての商品は未開封の新品です
♪フォロー割あり
♪まとめ買い割あり：2点で2%OFF、3点で3%OFF、最大5%（一部商品適用外）
♪発送と送料：在庫品は1～2営業日以内に発送、再入荷商品は入荷後1～2営業日以内に発送いたします。北海道は基本的に追加送料不要です。沖縄への送料は別途お見積りが必須です。

【商品説明】

組立時重量: 3.47
組立時長さ: 47.00
組立時幅: 65.90
組立時高さ: 27.50
主要素材: ABS
主要カラー: Pink",ピンク,0,BA419618P207236N,,,,,,,,,,,,,,,,,,,,,,,,,,,,,,,,,,,,,,,6152,vQuSuG5WNXXFHKEZ5n3oMH,1,1,jp13,1,1,1,,,,,,,
"https://b2bfiles1.gigab2b.cn/image/wkseller/302/be8b55bd88581f9c1cd23fa136a86713.jpg?x-cc=20&x-cu=28909&x-ct=1784098800&x-cs=ad66076987cbf94b5ec9781d9f24c5a3""","https://b2bfiles1.gigab2b.cn/image/wkseller/302/b2a6919b88009ec610805e8b86f9ccae.jpg?x-cc=20&x-cu=28909&x-ct=1784098800&x-cs=0552505da9085caf91f10c9b0d1cfae9""","https://b2bfiles1.gigab2b.cn/image/wkseller/302/631ba59fc017a837e312ab272d29802d.jpg?x-cc=20&x-cu=28909&x-ct=1784098800&x-cs=5104445ba21da7f2292016a86979ec64""","https://b2bfiles1.gigab2b.cn/image/wkseller/302/982bfcd5526a33ff437f27c8ce59127b.jpg?x-cc=20&x-cu=28909&x-ct=1784098800&x-cs=f4d3cf5206ebe43166a22b7b8856b69f""","https://b2bfiles1.gigab2b.cn/image/wkseller/302/21a87fc8ec9224fdd47176995dbcfebd.jpg?x-cc=20&x-cu=28909&x-ct=1784098800&x-cs=74ceea0dbdb0a90e39c9dfee8ac33cdf""","https://b2bfiles1.gigab2b.cn/image/wkseller/302/0d99760e0e214517cd9f7950312d4534.jpg?x-cc=20&x-cu=28909&x-ct=1784098800&x-cs=84871c9e44828adaf8e61eca535e51cb""","https://b2bfiles1.gigab2b.cn/image/wkseller/302/b6e137d173eaeb40b5c4698d6ac78715.jpg?x-cc=20&x-cu=28909&x-ct=1784098800&x-cs=f5f773a00605138154bb68922466edee""","https://b2bfiles1.gigab2b.cn/image/wkseller/302/12e3183647e2d4f25c230f8949b70572.jpg?x-cc=20&x-cu=28909&x-ct=1784098800&x-cs=4dd7f03a6e4db7dee23f658fd68aa191""","https://b2bfiles1.gigab2b.cn/image/wkseller/302/2320487407389c709744e13c2d4c7c54.jpg?x-cc=20&x-cu=28909&x-ct=1784098800&x-cs=fb2906de4f6076e535195a612321a730""","https://b2bfiles1.gigab2b.cn/image/wkseller/302/96765c5b30cae52f63ea877f8484f2b2.jpg?x-cc=20&x-cu=28909&x-ct=1784098800&x-cs=612194aa863020a3bd74cfe2efdb0d0b""","https://b2bfiles1.gigab2b.cn/image/wkseller/302/f1736f6d76429b96cc7d9ee81a3deee0.jpg?x-cc=20&x-cu=28909&x-ct=1784098800&x-cs=87e4b78df4622ca08dc1701d20f82ac7""","https://b2bfiles1.gigab2b.cn/image/wkseller/302/36cb6ca8ad9ef8a6d5ed56cf77e86b86.jpg?x-cc=20&x-cu=28909&x-ct=1784098800&x-cs=c44c373a884588e77e49de401299c0ce""","https://b2bfiles1.gigab2b.cn/image/wkseller/302/5351420da88a6cb4883bff959f812fb3.jpg?x-cc=20&x-cu=28909&x-ct=1784098800&x-cs=220ada99526fed40380d68c443ce0b0e""","https://b2bfiles1.gigab2b.cn/image/wkseller/302/a51fc11fd2670fbe362e5bf62498a1e9.jpg?x-cc=20&x-cu=28909&x-ct=1784098800&x-cs=b305bf6cee05fe5970215f6cad3e6164""]",https://pub-606bcd6c031442e4959f73b5435fefd1.r2.dev/shipping-guide.png,,,,,,スーツケース Mサイズ 軽量 キャリーバッグ USBポート付き TSAロック フック ストッパー付き ダブルキャスター スムーズ 静音 静か 頑丈 海外 修学旅行 トートバッグ ハンドバッグ レディース バッグ 手提げ 大容量 超軽量 軽い おしゃれ かわいい,"ホムブリスショップへようこそ
♪すべての商品は未開封の新品です
♪フォロー割あり
♪まとめ買い割あり：2点で2%OFF、3点で3%OFF、最大5%（一部商品適用外）
♪発送と送料：在庫品は1～2営業日以内に発送、再入荷商品は入荷後1～2営業日以内に発送いたします。北海道は基本的に追加送料不要です。沖縄への送料は別途お見積りが必須です。

【商品説明】

組立時重量: 3.47
組立時長さ: 47.00
組立時幅: 65.90
組立時高さ: 27.50
主要素材: ABS
主要カラー: Green",グリーン,0,BA419618Z207236N,,,,,,,,,,,,,,,,,,,,,,,,,,,,,,,,,,,,,,,6152,vQuSuG5WNXXFHKEZ5n3oMH,1,1,jp13,1,1,1,,,,,,,
"https://b2bfiles1.gigab2b.cn/image/wkseller/302/a059269f8cb80fb1d61efabcb9eb8360.jpg?x-cc=20&x-cu=28909&x-ct=1784098800&x-cs=4b45d23340b42553feff84e46a63037c""","https://b2bfiles1.gigab2b.cn/image/wkseller/302/b2a6919b88009ec610805e8b86f9ccae.jpg?x-cc=20&x-cu=28909&x-ct=1784098800&x-cs=0552505da9085caf91f10c9b0d1cfae9""","https://b2bfiles1.gigab2b.cn/image/wkseller/302/631ba59fc017a837e312ab272d29802d.jpg?x-cc=20&x-cu=28909&x-ct=1784098800&x-cs=5104445ba21da7f2292016a86979ec64""","https://b2bfiles1.gigab2b.cn/image/wkseller/302/982bfcd5526a33ff437f27c8ce59127b.jpg?x-cc=20&x-cu=28909&x-ct=1784098800&x-cs=f4d3cf5206ebe43166a22b7b8856b69f""","https://b2bfiles1.gigab2b.cn/image/wkseller/302/21a87fc8ec9224fdd47176995dbcfebd.jpg?x-cc=20&x-cu=28909&x-ct=1784098800&x-cs=74ceea0dbdb0a90e39c9dfee8ac33cdf""","https://b2bfiles1.gigab2b.cn/image/wkseller/302/b6e137d173eaeb40b5c4698d6ac78715.jpg?x-cc=20&x-cu=28909&x-ct=1784098800&x-cs=f5f773a00605138154bb68922466edee""","https://b2bfiles1.gigab2b.cn/image/wkseller/302/0d99760e0e214517cd9f7950312d4534.jpg?x-cc=20&x-cu=28909&x-ct=1784098800&x-cs=84871c9e44828adaf8e61eca535e51cb""","https://b2bfiles1.gigab2b.cn/image/wkseller/302/12e3183647e2d4f25c230f8949b70572.jpg?x-cc=20&x-cu=28909&x-ct=1784098800&x-cs=4dd7f03a6e4db7dee23f658fd68aa191""","https://b2bfiles1.gigab2b.cn/image/wkseller/302/2320487407389c709744e13c2d4c7c54.jpg?x-cc=20&x-cu=28909&x-ct=1784098800&x-cs=fb2906de4f6076e535195a612321a730""","https://b2bfiles1.gigab2b.cn/image/wkseller/302/96765c5b30cae52f63ea877f8484f2b2.jpg?x-cc=20&x-cu=28909&x-ct=1784098800&x-cs=612194aa863020a3bd74cfe2efdb0d0b""","https://b2bfiles1.gigab2b.cn/image/wkseller/302/f1736f6d76429b96cc7d9ee81a3deee0.jpg?x-cc=20&x-cu=28909&x-ct=1784098800&x-cs=87e4b78df4622ca08dc1701d20f82ac7""","https://b2bfiles1.gigab2b.cn/image/wkseller/302/36cb6ca8ad9ef8a6d5ed56cf77e86b86.jpg?x-cc=20&x-cu=28909&x-ct=1784098800&x-cs=c44c373a884588e77e49de401299c0ce""","https://b2bfiles1.gigab2b.cn/image/wkseller/302/5351420da88a6cb4883bff959f812fb3.jpg?x-cc=20&x-cu=28909&x-ct=1784098800&x-cs=220ada99526fed40380d68c443ce0b0e""","https://b2bfiles1.gigab2b.cn/image/wkseller/302/a51fc11fd2670fbe362e5bf62498a1e9.jpg?x-cc=20&x-cu=28909&x-ct=1784098800&x-cs=b305bf6cee05fe5970215f6cad3e6164""]",https://pub-606bcd6c031442e4959f73b5435fefd1.r2.dev/shipping-guide.png,,,,,,スーツケース Lサイズ 軽量 キャリーバッグ USBポート付き TSAロック フック ストッパー付き ダブルキャスター スムーズ 静音 静か 頑丈 海外 修学旅行 トートバッグ ハンドバッグ レディース バッグ 手提げ 大容量 超軽量 軽い おしゃれ かわいい,"ホムブリスショップへようこそ
♪すべての商品は未開封の新品です
♪フォロー割あり
♪まとめ買い割あり：2点で2%OFF、3点で3%OFF、最大5%（一部商品適用外）
♪発送と送料：在庫品は1～2営業日以内に発送、再入荷商品は入荷後1～2営業日以内に発送いたします。北海道は基本的に追加送料不要です。沖縄への送料は別途お見積りが必須です。

【商品説明】

組立時重量: 4.38
組立時長さ: 52.00
組立時幅: 31.70
組立時高さ: 76.00
主要素材: ABS
主要カラー: Ivory",アイボリー,0,BA419619O207236N,,,,,,,,,,,,,,,,,,,,,,,,,,,,,,,,,,,,,,,6602,vQuSuG5WNXXFHKEZ5n3oMH,1,1,jp13,1,1,1,,,,,,,
"https://b2bfiles1.gigab2b.cn/image/wkseller/302/8188803888bd4b30c0341cc8f1882794.jpg?x-cc=20&x-cu=28909&x-ct=1784098800&x-cs=69e774d787060c84a77443ad07f73c0a""","https://b2bfiles1.gigab2b.cn/image/wkseller/302/b2a6919b88009ec610805e8b86f9ccae.jpg?x-cc=20&x-cu=28909&x-ct=1784098800&x-cs=0552505da9085caf91f10c9b0d1cfae9""","https://b2bfiles1.gigab2b.cn/image/wkseller/302/631ba59fc017a837e312ab272d29802d.jpg?x-cc=20&x-cu=28909&x-ct=1784098800&x-cs=5104445ba21da7f2292016a86979ec64""","https://b2bfiles1.gigab2b.cn/image/wkseller/302/982bfcd5526a33ff437f27c8ce59127b.jpg?x-cc=20&x-cu=28909&x-ct=1784098800&x-cs=f4d3cf5206ebe43166a22b7b8856b69f""","https://b2bfiles1.gigab2b.cn/image/wkseller/302/21a87fc8ec9224fdd47176995dbcfebd.jpg?x-cc=20&x-cu=28909&x-ct=1784098800&x-cs=74ceea0dbdb0a90e39c9dfee8ac33cdf""","https://b2bfiles1.gigab2b.cn/image/wkseller/302/0d99760e0e214517cd9f7950312d4534.jpg?x-cc=20&x-cu=28909&x-ct=1784098800&x-cs=84871c9e44828adaf8e61eca535e51cb""","https://b2bfiles1.gigab2b.cn/image/wkseller/302/b6e137d173eaeb40b5c4698d6ac78715.jpg?x-cc=20&x-cu=28909&x-ct=1784098800&x-cs=f5f773a00605138154bb68922466edee""","https://b2bfiles1.gigab2b.cn/image/wkseller/302/12e3183647e2d4f25c230f8949b70572.jpg?x-cc=20&x-cu=28909&x-ct=1784098800&x-cs=4dd7f03a6e4db7dee23f658fd68aa191""","https://b2bfiles1.gigab2b.cn/image/wkseller/302/2320487407389c709744e13c2d4c7c54.jpg?x-cc=20&x-cu=28909&x-ct=1784098800&x-cs=fb2906de4f6076e535195a612321a730""","https://b2bfiles1.gigab2b.cn/image/wkseller/302/96765c5b30cae52f63ea877f8484f2b2.jpg?x-cc=20&x-cu=28909&x-ct=1784098800&x-cs=612194aa863020a3bd74cfe2efdb0d0b""","https://b2bfiles1.gigab2b.cn/image/wkseller/302/f1736f6d76429b96cc7d9ee81a3deee0.jpg?x-cc=20&x-cu=28909&x-ct=1784098800&x-cs=87e4b78df4622ca08dc1701d20f82ac7""","https://b2bfiles1.gigab2b.cn/image/wkseller/302/36cb6ca8ad9ef8a6d5ed56cf77e86b86.jpg?x-cc=20&x-cu=28909&x-ct=1784098800&x-cs=c44c373a884588e77e49de401299c0ce""","https://b2bfiles1.gigab2b.cn/image/wkseller/302/5351420da88a6cb4883bff959f812fb3.jpg?x-cc=20&x-cu=28909&x-ct=1784098800&x-cs=220ada99526fed40380d68c443ce0b0e""","https://b2bfiles1.gigab2b.cn/image/wkseller/302/a51fc11fd2670fbe362e5bf62498a1e9.jpg?x-cc=20&x-cu=28909&x-ct=1784098800&x-cs=b305bf6cee05fe5970215f6cad3e6164""]",https://pub-606bcd6c031442e4959f73b5435fefd1.r2.dev/shipping-guide.png,,,,,,スーツケース Lサイズ 軽量 キャリーバッグ USBポート付き TSAロック フック ストッパー付き ダブルキャスター スムーズ 静音 静か 頑丈 海外 修学旅行 トートバッグ ハンドバッグ レディース バッグ 手提げ 大容量 超軽量 軽い おしゃれ かわいい,"ホムブリスショップへようこそ
♪すべての商品は未開封の新品です
♪フォロー割あり
♪まとめ買い割あり：2点で2%OFF、3点で3%OFF、最大5%（一部商品適用外）
♪発送と送料：在庫品は1～2営業日以内に発送、再入荷商品は入荷後1～2営業日以内に発送いたします。北海道は基本的に追加送料不要です。沖縄への送料は別途お見積りが必須です。

【商品説明】

組立時重量: 4.38
組立時長さ: 52.00
組立時幅: 31.70
組立時高さ: 76.00
主要素材: ABS
主要カラー: Pink",ピンク,0,BA419619P207236N,,,,,,,,,,,,,,,,,,,,,,,,,,,,,,,,,,,,,,,6602,vQuSuG5WNXXFHKEZ5n3oMH,1,1,jp13,1,1,1,,,,,,,
"https://b2bfiles1.gigab2b.cn/image/wkseller/302/be8b55bd88581f9c1cd23fa136a86713.jpg?x-cc=20&x-cu=28909&x-ct=1784098800&x-cs=ad66076987cbf94b5ec9781d9f24c5a3""","https://b2bfiles1.gigab2b.cn/image/wkseller/302/b2a6919b88009ec610805e8b86f9ccae.jpg?x-cc=20&x-cu=28909&x-ct=1784098800&x-cs=0552505da9085caf91f10c9b0d1cfae9""","https://b2bfiles1.gigab2b.cn/image/wkseller/302/631ba59fc017a837e312ab272d29802d.jpg?x-cc=20&x-cu=28909&x-ct=1784098800&x-cs=5104445ba21da7f2292016a86979ec64""","https://b2bfiles1.gigab2b.cn/image/wkseller/302/982bfcd5526a33ff437f27c8ce59127b.jpg?x-cc=20&x-cu=28909&x-ct=1784098800&x-cs=f4d3cf5206ebe43166a22b7b8856b69f""","https://b2bfiles1.gigab2b.cn/image/wkseller/302/21a87fc8ec9224fdd47176995dbcfebd.jpg?x-cc=20&x-cu=28909&x-ct=1784098800&x-cs=74ceea0dbdb0a90e39c9dfee8ac33cdf""","https://b2bfiles1.gigab2b.cn/image/wkseller/302/0d99760e0e214517cd9f7950312d4534.jpg?x-cc=20&x-cu=28909&x-ct=1784098800&x-cs=84871c9e44828adaf8e61eca535e51cb""","https://b2bfiles1.gigab2b.cn/image/wkseller/302/b6e137d173eaeb40b5c4698d6ac78715.jpg?x-cc=20&x-cu=28909&x-ct=1784098800&x-cs=f5f773a00605138154bb68922466edee""","https://b2bfiles1.gigab2b.cn/image/wkseller/302/12e3183647e2d4f25c230f8949b70572.jpg?x-cc=20&x-cu=28909&x-ct=1784098800&x-cs=4dd7f03a6e4db7dee23f658fd68aa191""","https://b2bfiles1.gigab2b.cn/image/wkseller/302/2320487407389c709744e13c2d4c7c54.jpg?x-cc=20&x-cu=28909&x-ct=1784098800&x-cs=fb2906de4f6076e535195a612321a730""","https://b2bfiles1.gigab2b.cn/image/wkseller/302/96765c5b30cae52f63ea877f8484f2b2.jpg?x-cc=20&x-cu=28909&x-ct=1784098800&x-cs=612194aa863020a3bd74cfe2efdb0d0b""","https://b2bfiles1.gigab2b.cn/image/wkseller/302/f1736f6d76429b96cc7d9ee81a3deee0.jpg?x-cc=20&x-cu=28909&x-ct=1784098800&x-cs=87e4b78df4622ca08dc1701d20f82ac7""","https://b2bfiles1.gigab2b.cn/image/wkseller/302/36cb6ca8ad9ef8a6d5ed56cf77e86b86.jpg?x-cc=20&x-cu=28909&x-ct=1784098800&x-cs=c44c373a884588e77e49de401299c0ce""","https://b2bfiles1.gigab2b.cn/image/wkseller/302/5351420da88a6cb4883bff959f812fb3.jpg?x-cc=20&x-cu=28909&x-ct=1784098800&x-cs=220ada99526fed40380d68c443ce0b0e""","https://b2bfiles1.gigab2b.cn/image/wkseller/302/a51fc11fd2670fbe362e5bf62498a1e9.jpg?x-cc=20&x-cu=28909&x-ct=1784098800&x-cs=b305bf6cee05fe5970215f6cad3e6164""]",https://pub-606bcd6c031442e4959f73b5435fefd1.r2.dev/shipping-guide.png,,,,,,スーツケース Lサイズ 軽量 キャリーバッグ USBポート付き TSAロック フック ストッパー付き ダブルキャスター スムーズ 静音 静か 頑丈 海外 修学旅行 トートバッグ ハンドバッグ レディース バッグ 手提げ 大容量 超軽量 軽い おしゃれ かわいい,"ホムブリスショップへようこそ
♪すべての商品は未開封の新品です
♪フォロー割あり
♪まとめ買い割あり：2点で2%OFF、3点で3%OFF、最大5%（一部商品適用外）
♪発送と送料：在庫品は1～2営業日以内に発送、再入荷商品は入荷後1～2営業日以内に発送いたします。北海道は基本的に追加送料不要です。沖縄への送料は別途お見積りが必須です。

【商品説明】

組立時重量: 4.38
組立時長さ: 52.00
組立時幅: 31.70
組立時高さ: 76.00
主要素材: ABS
主要カラー: Green",グリーン,83,BA419619Z207236N,,,,,,,,,,,,,,,,,,,,,,,,,,,,,,,,,,,,,,,6602,vQuSuG5WNXXFHKEZ5n3oMH,1,1,jp13,1,1,1,,,,,,,
"https://b2bfiles1.gigab2b.cn/image/wkseller/302/0ce322686518ae222156753405d24cc2.jpg?x-cc=20&x-cu=28909&x-ct=1784098800&x-cs=c74af8214b4686c980e65791dea2d668""","https://b2bfiles1.gigab2b.cn/image/wkseller/302/b2a6919b88009ec610805e8b86f9ccae.jpg?x-cc=20&x-cu=28909&x-ct=1784098800&x-cs=0552505da9085caf91f10c9b0d1cfae9""","https://b2bfiles1.gigab2b.cn/image/wkseller/302/288542e7f2e894f3acf7d79900ceef8b.jpg?x-cc=20&x-cu=28909&x-ct=1784098800&x-cs=ce4a5834cf0b2a9e557a5b23ee33b6f9""","https://b2bfiles1.gigab2b.cn/image/wkseller/302/631ba59fc017a837e312ab272d29802d.jpg?x-cc=20&x-cu=28909&x-ct=1784098800&x-cs=5104445ba21da7f2292016a86979ec64""","https://b2bfiles1.gigab2b.cn/image/wkseller/302/20230417_b267e2f3b855800f40b268aaa8c9afaa.jpg?x-cc=20&x-cu=28909&x-ct=1784098800&x-cs=cce561cf8491cf5b316e489bb42756d9""","https://b2bfiles1.gigab2b.cn/image/wkseller/302/20230417_b8626778fab882608c67225c31bfe5a4.jpg?x-cc=20&x-cu=28909&x-ct=1784098800&x-cs=7496a9146b4a3427931e65cd8f9ec098""","https://b2bfiles1.gigab2b.cn/image/wkseller/302/20230417_47d1d74c479c7e6e6a9aff042a8e99fd.jpg?x-cc=20&x-cu=28909&x-ct=1784098800&x-cs=78355c9c02a2753624c39eb581256ea7""","https://b2bfiles1.gigab2b.cn/image/wkseller/302/d525cacf0ece10d90b97d1a51cabd6fa.jpg?x-cc=20&x-cu=28909&x-ct=1784098800&x-cs=141526f9d73b7a48d3094ea12542efa6""","https://b2bfiles1.gigab2b.cn/image/wkseller/302/20230417_0eacf498141f703136c5bff9d8c5c99b.jpg?x-cc=20&x-cu=28909&x-ct=1784098800&x-cs=150f0dee17714090c1f5843dc8d4c19b""","https://b2bfiles1.gigab2b.cn/image/wkseller/302/b310fc55b23d8c0994c6bc3d9190bc5d.jpg?x-cc=20&x-cu=28909&x-ct=1784098800&x-cs=4f027cf1554c3e816bc4b5ffc8c4fdad""]",https://pub-606bcd6c031442e4959f73b5435fefd1.r2.dev/shipping-guide.png,,,,,,,,,,スーツケース Sサイズ USB充電ポート付き ドリンクホルダー付き キャリーケース キャリーバッグ 2日 3日 小型 TSAロック搭載 トートバッグ ハンドバッグ レディース バッグ 手提げ 大容量 超軽量 軽い おしゃれ かわいい 大型 suitcase b,"ホムブリスショップへようこそ
♪すべての商品は未開封の新品です
♪フォロー割あり
♪まとめ買い割あり：2点で2%OFF、3点で3%OFF、最大5%（一部商品適用外）
♪発送と送料：在庫品は1～2営業日以内に発送、再入荷商品は入荷後1～2営業日以内に発送いたします。北海道は基本的に追加送料不要です。沖縄への送料は別途お見積りが必須です。

【商品説明】

組立時重量: 3.10
組立時長さ: 37.00
組立時幅: 24.00
組立時高さ: 88.00
主要素材: ABS+PC,oxford fabric
主要カラー: Pink",ピンク,32,BA428377A207236N,,,,,,,,,,,,,,,,,,,,,,,,,,,,,,,,,,,,,,,6402,vQuSuG5WNXXFHKEZ5n3oMH,1,1,jp13,1,1,1,,,,,,,
"https://b2bfiles1.gigab2b.cn/image/wkseller/302/aa1e32da1c09ccab6ca815c813e700fc.jpg?x-cc=20&x-cu=28909&x-ct=1784098800&x-cs=369061478ddb425fb6eaa3393cd05a8b""","https://b2bfiles1.gigab2b.cn/image/wkseller/302/b2a6919b88009ec610805e8b86f9ccae.jpg?x-cc=20&x-cu=28909&x-ct=1784098800&x-cs=0552505da9085caf91f10c9b0d1cfae9""","https://b2bfiles1.gigab2b.cn/image/wkseller/302/288542e7f2e894f3acf7d79900ceef8b.jpg?x-cc=20&x-cu=28909&x-ct=1784098800&x-cs=ce4a5834cf0b2a9e557a5b23ee33b6f9""","https://b2bfiles1.gigab2b.cn/image/wkseller/302/631ba59fc017a837e312ab272d29802d.jpg?x-cc=20&x-cu=28909&x-ct=1784098800&x-cs=5104445ba21da7f2292016a86979ec64""","https://b2bfiles1.gigab2b.cn/image/wkseller/302/20230417_b267e2f3b855800f40b268aaa8c9afaa.jpg?x-cc=20&x-cu=28909&x-ct=1784098800&x-cs=cce561cf8491cf5b316e489bb42756d9""","https://b2bfiles1.gigab2b.cn/image/wkseller/302/20230417_b8626778fab882608c67225c31bfe5a4.jpg?x-cc=20&x-cu=28909&x-ct=1784098800&x-cs=7496a9146b4a3427931e65cd8f9ec098""","https://b2bfiles1.gigab2b.cn/image/wkseller/302/20230417_0eacf498141f703136c5bff9d8c5c99b.jpg?x-cc=20&x-cu=28909&x-ct=1784098800&x-cs=150f0dee17714090c1f5843dc8d4c19b""","https://b2bfiles1.gigab2b.cn/image/wkseller/302/20230417_47d1d74c479c7e6e6a9aff042a8e99fd.jpg?x-cc=20&x-cu=28909&x-ct=1784098800&x-cs=78355c9c02a2753624c39eb581256ea7""","https://b2bfiles1.gigab2b.cn/image/wkseller/302/20230417_cab371a8f5d4db73d8e5db4b355a6a2e.jpg?x-cc=20&x-cu=28909&x-ct=1784098800&x-cs=6c80b1b07b206c5912dd83c45def7954""","https://b2bfiles1.gigab2b.cn/image/wkseller/302/d5f3a0e634ab73fa681772c926f9b0c4.jpg?x-cc=20&x-cu=28909&x-ct=1784098800&x-cs=ca8c6e609049014e964bd2e7ff3d63a1""]",https://pub-606bcd6c031442e4959f73b5435fefd1.r2.dev/shipping-guide.png,,,,,,,,,,スーツケース Sサイズ キャリーケース キャリーバッグ 2日 3日 小型 TSAロック搭載 トートバッグ ハンドバッグ レディース バッグ 手提げ 大容量 超軽量 軽い おしゃれ かわいい suitcase bag,"ホムブリスショップへようこそ
♪すべての商品は未開封の新品です
♪フォロー割あり
♪まとめ買い割あり：2点で2%OFF、3点で3%OFF、最大5%（一部商品適用外）
♪発送と送料：在庫品は1～2営業日以内に発送、再入荷商品は入荷後1～2営業日以内に発送いたします。北海道は基本的に追加送料不要です。沖縄への送料は別途お見積りが必須です。

【商品説明】

組立時重量: 3.10
組立時長さ: 37.00
組立時幅: 24.00
組立時高さ: 88.00
主要素材: ABS+PC,oxford fabric
主要カラー: Pink",ピンク,0,BA430890A207236N,,,,,,,,,,,,,,,,,,,,,,,,,,,,,,,,,,,,,,,6302,vQuSuG5WNXXFHKEZ5n3oMH,1,1,jp13,1,1,1,,,,,,,
"https://b2bfiles1.gigab2b.cn/image/wkseller/302/7db4e73dad7b8ef6fdfc8c63e6f05ae5.jpg?x-cc=20&x-cu=28909&x-ct=1784098800&x-cs=919b2d2e0c6fc404b24a72d7e9153ec1""","https://b2bfiles1.gigab2b.cn/image/wkseller/302/b2a6919b88009ec610805e8b86f9ccae.jpg?x-cc=20&x-cu=28909&x-ct=1784098800&x-cs=0552505da9085caf91f10c9b0d1cfae9""","https://b2bfiles1.gigab2b.cn/image/wkseller/302/288542e7f2e894f3acf7d79900ceef8b.jpg?x-cc=20&x-cu=28909&x-ct=1784098800&x-cs=ce4a5834cf0b2a9e557a5b23ee33b6f9""","https://b2bfiles1.gigab2b.cn/image/wkseller/302/631ba59fc017a837e312ab272d29802d.jpg?x-cc=20&x-cu=28909&x-ct=1784098800&x-cs=5104445ba21da7f2292016a86979ec64""","https://b2bfiles1.gigab2b.cn/image/wkseller/302/20230417_10f95c8c0d781625c0c5e2f9216632db.jpg?x-cc=20&x-cu=28909&x-ct=1784098800&x-cs=d974d7324ebbfd0fa1da4a87abc4c0a1""","https://b2bfiles1.gigab2b.cn/image/wkseller/302/20230417_34b1bbf4298e0e36cef884c997533e39.jpg?x-cc=20&x-cu=28909&x-ct=1784098800&x-cs=80e92394f1b152bcf3f8a81c651b8efe""","https://b2bfiles1.gigab2b.cn/image/wkseller/302/20230417_0eacf498141f703136c5bff9d8c5c99b.jpg?x-cc=20&x-cu=28909&x-ct=1784098800&x-cs=150f0dee17714090c1f5843dc8d4c19b""","https://b2bfiles1.gigab2b.cn/image/wkseller/302/20230417_47d1d74c479c7e6e6a9aff042a8e99fd.jpg?x-cc=20&x-cu=28909&x-ct=1784098800&x-cs=78355c9c02a2753624c39eb581256ea7""","https://b2bfiles1.gigab2b.cn/image/wkseller/302/20230417_cab371a8f5d4db73d8e5db4b355a6a2e.jpg?x-cc=20&x-cu=28909&x-ct=1784098800&x-cs=6c80b1b07b206c5912dd83c45def7954""","https://b2bfiles1.gigab2b.cn/image/wkseller/302/20230417_c52e8eafdfe8700dd6a96b655e0c7d83.jpg?x-cc=20&x-cu=28909&x-ct=1784098800&x-cs=9094e4c58f168273129b1b37347343e0""","https://b2bfiles1.gigab2b.cn/image/wkseller/302/652fc641589c2004e0574487ffa9daca.jpg?x-cc=20&x-cu=28909&x-ct=1784098800&x-cs=50cd969e2b44408d12ddac979aa5af03""","https://b2bfiles1.gigab2b.cn/image/wkseller/302/489a1218abf49a9da3bfe4147ea7dcae.jpg?x-cc=20&x-cu=28909&x-ct=1784098800&x-cs=10738559f8b8ad554cc71bd1467c052b""]",https://pub-606bcd6c031442e4959f73b5435fefd1.r2.dev/shipping-guide.png,,,,,,,,スーツケース Lサイズ キャリーバッグ キャリーケース 超軽量 TSAロック搭載 7日-14日 大型 トートバッグ ハンドバッグ レディース バッグ 手提げ 大容量 超軽量 軽い おしゃれ かわいい suitcase bag,"ホムブリスショップへようこそ
♪すべての商品は未開封の新品です
♪フォロー割あり
♪まとめ買い割あり：2点で2%OFF、3点で3%OFF、最大5%（一部商品適用外）
♪発送と送料：在庫品は1～2営業日以内に発送、再入荷商品は入荷後1～2営業日以内に発送いたします。北海道は基本的に追加送料不要です。沖縄への送料は別途お見積りが必須です。

【商品説明】

組立時重量: 4.50
組立時長さ: 51.00
組立時幅: 30.00
組立時高さ: 109.00
主要素材: ABS+PC
主要カラー: Pink",ピンク,0,BA430892A207236N,,,,,,,,,,,,,,,,,,,,,,,,,,,,,,,,,,,,,,,7202,vQuSuG5WNXXFHKEZ5n3oMH,1,1,jp13,1,1,1,,,,,,,
"https://b2bfiles1.gigab2b.cn/image/wkseller/302/fc04a5b2b6b1e14209bc7694a41d849b.jpg?x-cc=20&x-cu=28909&x-ct=1784098800&x-cs=5f96619947681c06218c2bd4dd6400d4""","https://b2bfiles1.gigab2b.cn/image/wkseller/302/3d7faacbc418ba2ef80c28857ec3edee.jpg?x-cc=20&x-cu=28909&x-ct=1784098800&x-cs=81a6142c8313d103d3615c9bf4fd00eb""","https://b2bfiles1.gigab2b.cn/image/wkseller/302/7facd9297806d29267b31631cd39def7.jpg?x-cc=20&x-cu=28909&x-ct=1784098800&x-cs=545126f62ab326f2d5d0db89e7c0ecff""","https://b2bfiles1.gigab2b.cn/image/wkseller/302/e65dfbfd9d0301628b5d7e67b1b85815.jpg?x-cc=20&x-cu=28909&x-ct=1784098800&x-cs=51428d19359212db3da6b06bb3c9d345""","https://b2bfiles1.gigab2b.cn/image/wkseller/302/5ecee7a8d228d77ca36a7cb4e12fd980.jpg?x-cc=20&x-cu=28909&x-ct=1784098800&x-cs=80326e4344d94eef992d74008ce2c231""","https://b2bfiles1.gigab2b.cn/image/wkseller/302/d90ee1106198a8ed349802c21fb8f386.jpg?x-cc=20&x-cu=28909&x-ct=1784098800&x-cs=515b962d1470a4739d371552dfc540d3""","https://b2bfiles1.gigab2b.cn/image/wkseller/302/c45fa4a0de3883dd8973e495d0098dde.jpg?x-cc=20&x-cu=28909&x-ct=1784098800&x-cs=3cc7cc6588419ca6ab12e0135583d139""","https://b2bfiles1.gigab2b.cn/image/wkseller/302/ffcba00556503057dcc056f6a0955827.jpg?x-cc=20&x-cu=28909&x-ct=1784098800&x-cs=9ef38459df00da86b4f9837b03c97ecf""","https://b2bfiles1.gigab2b.cn/image/wkseller/302/34c38b9d9a6eb25fc55c2a9532c7adc9.png?x-cc=20&x-cu=28909&x-ct=1784098800&x-cs=e628da70320475aef6cf5c1881a48816""","https://b2bfiles1.gigab2b.cn/image/wkseller/302/2b5156f8b82dcf024e72907770085b4d.jpg?x-cc=20&x-cu=28909&x-ct=1784098800&x-cs=e308639cba64681ea1ef7dd5907797ad""","https://b2bfiles1.gigab2b.cn/image/wkseller/302/dc85da49ec6606baa0e244c8e91ea06f.png?x-cc=20&x-cu=28909&x-ct=1784098800&x-cs=c15060c69c381fc59688ca8c47c45c77""","https://b2bfiles1.gigab2b.cn/image/wkseller/302/0282d234b6e13687fa5e359bb95f6de3.png?x-cc=20&x-cu=28909&x-ct=1784098800&x-cs=4c3467d6e94c079280a1bd3b1eece7a2""","https://b2bfiles1.gigab2b.cn/image/wkseller/302/080ce9dd38153bba1f089e04d5821a46.png?x-cc=20&x-cu=28909&x-ct=1784098800&x-cs=7133e5fdf232f860ae58f96ee5673938""","https://b2bfiles1.gigab2b.cn/image/wkseller/302/7ef54f6d6026d4604bb842985cb5d5fe.png?x-cc=20&x-cu=28909&x-ct=1784098800&x-cs=8edbbddb50f1bd778c2b0f20832baacf""","https://b2bfiles1.gigab2b.cn/image/wkseller/302/daf4d2170305455ab6bb6dc9420bfd4a.png?x-cc=20&x-cu=28909&x-ct=1784098800&x-cs=f111c9611907c1d6e6178a9937d5a052""","https://b2bfiles1.gigab2b.cn/image/wkseller/302/d8d230cb0f7a37c685dfd8b59b191a4e.png?x-cc=20&x-cu=28909&x-ct=1784098800&x-cs=d2dd39aef19514c0c8b580c22d668381""","https://b2bfiles1.gigab2b.cn/image/wkseller/302/22fc1cb4647903a7fd013bfc9864a8ce.png?x-cc=20&x-cu=28909&x-ct=1784098800&x-cs=6666fbc8ddfb3bdd7c0fa725ffc90a17""","https://b2bfiles1.gigab2b.cn/image/wkseller/302/24f7cd2ef10fe2fa88427ef6e98c69b9.png?x-cc=20&x-cu=28909&x-ct=1784098800&x-cs=47b87404888a7173e4ef1e54b9d218cc""","https://b2bfiles1.gigab2b.cn/image/wkseller/302/7c484d6369f13b09cfe90ece2a2a292d.png?x-cc=20&x-cu=28909&x-ct=1784098800&x-cs=839f1ad9269cdad19c306b789fe2765d""",https://pub-606bcd6c031442e4959f73b5435fefd1.r2.dev/shipping-guide.png,ジャングルジム&プレイマット 突っ張り式 室内遊具 6WAY 体操マット 折りたたみマット 金属フレーム 高さ調節 室内 鉄棒 穴あけ不要 大型遊具 遊具 おうち運動 ロープはしご クライミングロープ 屋内 家庭用 耐荷重80kg 組み合わせ自由 子供 キッズ,"ホムブリスショップへようこそ
♪すべての商品は未開封の新品です
♪フォロー割あり
♪まとめ買い割あり：2点で2%OFF、3点で3%OFF、最大5%（一部商品適用外）
♪発送と送料：在庫品は1～2営業日以内に発送、再入荷商品は入荷後1～2営業日以内に発送いたします。北海道は基本的に追加送料不要です。沖縄への送料は別途お見積りが必須です。

【商品説明】

組立時重量: 25.90
組立時長さ: 108.70
組立時幅: 65.20
組立時高さ: 238.70
主要素材: Iron+Plastic,PVC
主要カラー: Beige+Brown,khaki","ベージュ+Brown,khaki",0,MAT422836C469767O,,,,,,,,,,,,,,,,,,,,,,,,,,,,,,,,,,,,,,,24258,RCVuRU7Ru3xvBFY6vr5xP7,1,1,jp13,1,1,1,,,,,,,
"https://b2bfiles1.gigab2b.cn/image/wkseller/302/c0557b1cae2d7c807178e11bbb2a5393.jpg?x-cc=20&x-cu=28909&x-ct=1784098800&x-cs=711c7f4f615e03f6d43ecbb4fa668621""","https://b2bfiles1.gigab2b.cn/image/wkseller/302/f8b6b84e10c3ca9833c616f380c462cc.jpg?x-cc=20&x-cu=28909&x-ct=1784098800&x-cs=087a0c4d025056ce6d98a678bb905c74""","https://b2bfiles1.gigab2b.cn/image/wkseller/302/b004f05fda17cea132ad419a86cc1e46.jpg?x-cc=20&x-cu=28909&x-ct=1784098800&x-cs=cf4eaabb5951f96c46c915ba48e4ea1f""","https://b2bfiles1.gigab2b.cn/image/wkseller/302/6265fcb967931f2d65631b761d2c7568.jpg?x-cc=20&x-cu=28909&x-ct=1784098800&x-cs=73a5ca03998a4953ffc55a4d7dffd706""","https://b2bfiles1.gigab2b.cn/image/wkseller/302/a1a012e08aafc3c05dcb0ca09be7e183.jpg?x-cc=20&x-cu=28909&x-ct=1784098800&x-cs=780cf4339685842dd46fb8f0411f09b1""","https://b2bfiles1.gigab2b.cn/image/wkseller/302/04f46185c09a6cc364f56efc48a0a65c.jpg?x-cc=20&x-cu=28909&x-ct=1784098800&x-cs=8bfe6f4dc3ea0ed26190891b15d9be54""","https://b2bfiles1.gigab2b.cn/image/wkseller/302/0cfbaa77615528ecd4f9e76ff0649f01.jpg?x-cc=20&x-cu=28909&x-ct=1784098800&x-cs=ce269b9d0aba8b3274f914efcf151eb6""","https://b2bfiles1.gigab2b.cn/image/wkseller/302/4969337c477ebe0787f47d148101d69a.jpg?x-cc=20&x-cu=28909&x-ct=1784098800&x-cs=696bbf0089e7a748131888c73e55a26a""","https://b2bfiles1.gigab2b.cn/image/wkseller/302/ba414351f6ca6eb74e30dc9ebcc760ed.jpg?x-cc=20&x-cu=28909&x-ct=1784098800&x-cs=3cc7b2ee4c9b4b14f55f2a70dc8ff8ff""","https://b2bfiles1.gigab2b.cn/image/wkseller/302/9d0ac84e6b318ef3d449602fd3e023ea.jpg?x-cc=20&x-cu=28909&x-ct=1784098800&x-cs=e6454a14c6425e03770265c5249ed0f6""","https://b2bfiles1.gigab2b.cn/image/wkseller/302/bb1453264d1769ea2b8d6196d2074e21.jpg?x-cc=20&x-cu=28909&x-ct=1784098800&x-cs=bcd64b4c3e1dd7e7f3fa03b4399be3e5""","https://b2bfiles1.gigab2b.cn/image/wkseller/302/6a2a710d6816d5bd72fa1d5ca95e0a86.jpg?x-cc=20&x-cu=28909&x-ct=1784098800&x-cs=d69f4d2f6da79711d5f8bf8ce1ed2f02""","https://b2bfiles1.gigab2b.cn/image/wkseller/302/c5292131f824a1a69ec03618d93ed586.jpg?x-cc=20&x-cu=28909&x-ct=1784098800&x-cs=03759a8bfeec0dc6d6f36f2b8232c708""","https://b2bfiles1.gigab2b.cn/image/wkseller/302/5b5f608fd5bec69d42f302cba388dd43.jpg?x-cc=20&x-cu=28909&x-ct=1784098800&x-cs=b09a9ba2ce823272caba091ec05e43ca""","https://b2bfiles1.gigab2b.cn/image/wkseller/302/aae1be80203cebf755b45698c636efa6.jpg?x-cc=20&x-cu=28909&x-ct=1784098800&x-cs=e6d13cfabc9cb95a91931c54c9b76376""","https://b2bfiles1.gigab2b.cn/image/wkseller/302/3d7faacbc418ba2ef80c28857ec3edee.jpg?x-cc=20&x-cu=28909&x-ct=1784098800&x-cs=81a6142c8313d103d3615c9bf4fd00eb""","https://b2bfiles1.gigab2b.cn/image/wkseller/302/7facd9297806d29267b31631cd39def7.jpg?x-cc=20&x-cu=28909&x-ct=1784098800&x-cs=545126f62ab326f2d5d0db89e7c0ecff""","https://b2bfiles1.gigab2b.cn/image/wkseller/302/e65dfbfd9d0301628b5d7e67b1b85815.jpg?x-cc=20&x-cu=28909&x-ct=1784098800&x-cs=51428d19359212db3da6b06bb3c9d345""","https://b2bfiles1.gigab2b.cn/image/wkseller/302/5ecee7a8d228d77ca36a7cb4e12fd980.jpg?x-cc=20&x-cu=28909&x-ct=1784098800&x-cs=80326e4344d94eef992d74008ce2c231""",https://pub-606bcd6c031442e4959f73b5435fefd1.r2.dev/shipping-guide.png,ジャングルジム& プレイマット 突っ張り式 8WAY 体操 マット 折りたたみマット 室内遊具 おうち運動 金属フレーム 高さ調節 室内 鉄棒 穴あけ不要 大型遊具 遊具 ロープはしご クライミングロープ 屋内 家庭用 組み合わせ自由 子供 入園 キッズ 男の,"ホムブリスショップへようこそ
♪すべての商品は未開封の新品です
♪フォロー割あり
♪まとめ買い割あり：2点で2%OFF、3点で3%OFF、最大5%（一部商品適用外）
♪発送と送料：在庫品は1～2営業日以内に発送、再入荷商品は入荷後1～2営業日以内に発送いたします。北海道は基本的に追加送料不要です。沖縄への送料は別途お見積りが必須です。

【商品説明】

組立時重量: 37.00
組立時長さ: 150.80
組立時幅: 60.00
組立時高さ: 275.50
主要素材: Metal & Wood,PVC
主要カラー: Beige,khaki",,0,MAT472254C469767O,,,,,,,,,,,,,,,,,,,,,,,,,,,,,,,,,,,,,,,31588,RCVuRU7Ru3xvBFY6vr5xP7,1,1,jp13,1,1,1,,,,,,,
"https://b2bfiles1.gigab2b.cn/image/wkseller/302/0f8e93043e1669107c5d03f8d3e97733.jpg?x-cc=20&x-cu=28909&x-ct=1784098800&x-cs=abddcf02101a36adafede0cff1e298a0""","https://b2bfiles1.gigab2b.cn/image/wkseller/302/f8b6b84e10c3ca9833c616f380c462cc.jpg?x-cc=20&x-cu=28909&x-ct=1784098800&x-cs=087a0c4d025056ce6d98a678bb905c74""","https://b2bfiles1.gigab2b.cn/image/wkseller/302/b004f05fda17cea132ad419a86cc1e46.jpg?x-cc=20&x-cu=28909&x-ct=1784098800&x-cs=cf4eaabb5951f96c46c915ba48e4ea1f""","https://b2bfiles1.gigab2b.cn/image/wkseller/302/6265fcb967931f2d65631b761d2c7568.jpg?x-cc=20&x-cu=28909&x-ct=1784098800&x-cs=73a5ca03998a4953ffc55a4d7dffd706""","https://b2bfiles1.gigab2b.cn/image/wkseller/302/a1a012e08aafc3c05dcb0ca09be7e183.jpg?x-cc=20&x-cu=28909&x-ct=1784098800&x-cs=780cf4339685842dd46fb8f0411f09b1""","https://b2bfiles1.gigab2b.cn/image/wkseller/302/04f46185c09a6cc364f56efc48a0a65c.jpg?x-cc=20&x-cu=28909&x-ct=1784098800&x-cs=8bfe6f4dc3ea0ed26190891b15d9be54""","https://b2bfiles1.gigab2b.cn/image/wkseller/302/0cfbaa77615528ecd4f9e76ff0649f01.jpg?x-cc=20&x-cu=28909&x-ct=1784098800&x-cs=ce269b9d0aba8b3274f914efcf151eb6""","https://b2bfiles1.gigab2b.cn/image/wkseller/302/4969337c477ebe0787f47d148101d69a.jpg?x-cc=20&x-cu=28909&x-ct=1784098800&x-cs=696bbf0089e7a748131888c73e55a26a""","https://b2bfiles1.gigab2b.cn/image/wkseller/302/ba414351f6ca6eb74e30dc9ebcc760ed.jpg?x-cc=20&x-cu=28909&x-ct=1784098800&x-cs=3cc7b2ee4c9b4b14f55f2a70dc8ff8ff""","https://b2bfiles1.gigab2b.cn/image/wkseller/302/9d0ac84e6b318ef3d449602fd3e023ea.jpg?x-cc=20&x-cu=28909&x-ct=1784098800&x-cs=e6454a14c6425e03770265c5249ed0f6""","https://b2bfiles1.gigab2b.cn/image/wkseller/302/bb1453264d1769ea2b8d6196d2074e21.jpg?x-cc=20&x-cu=28909&x-ct=1784098800&x-cs=bcd64b4c3e1dd7e7f3fa03b4399be3e5""","https://b2bfiles1.gigab2b.cn/image/wkseller/302/6a2a710d6816d5bd72fa1d5ca95e0a86.jpg?x-cc=20&x-cu=28909&x-ct=1784098800&x-cs=d69f4d2f6da79711d5f8bf8ce1ed2f02""","https://b2bfiles1.gigab2b.cn/image/wkseller/302/c5292131f824a1a69ec03618d93ed586.jpg?x-cc=20&x-cu=28909&x-ct=1784098800&x-cs=03759a8bfeec0dc6d6f36f2b8232c708""","https://b2bfiles1.gigab2b.cn/image/wkseller/302/5b5f608fd5bec69d42f302cba388dd43.jpg?x-cc=20&x-cu=28909&x-ct=1784098800&x-cs=b09a9ba2ce823272caba091ec05e43ca""","https://b2bfiles1.gigab2b.cn/image/wkseller/302/aae1be80203cebf755b45698c636efa6.jpg?x-cc=20&x-cu=28909&x-ct=1784098800&x-cs=e6d13cfabc9cb95a91931c54c9b76376""","https://b2bfiles1.gigab2b.cn/image/wkseller/302/3d7faacbc418ba2ef80c28857ec3edee.jpg?x-cc=20&x-cu=28909&x-ct=1784098800&x-cs=81a6142c8313d103d3615c9bf4fd00eb""","https://b2bfiles1.gigab2b.cn/image/wkseller/302/7facd9297806d29267b31631cd39def7.jpg?x-cc=20&x-cu=28909&x-ct=1784098800&x-cs=545126f62ab326f2d5d0db89e7c0ecff""","https://b2bfiles1.gigab2b.cn/image/wkseller/302/e65dfbfd9d0301628b5d7e67b1b85815.jpg?x-cc=20&x-cu=28909&x-ct=1784098800&x-cs=51428d19359212db3da6b06bb3c9d345""","https://b2bfiles1.gigab2b.cn/image/wkseller/302/5ecee7a8d228d77ca36a7cb4e12fd980.jpg?x-cc=20&x-cu=28909&x-ct=1784098800&x-cs=80326e4344d94eef992d74008ce2c231""",https://pub-606bcd6c031442e4959f73b5435fefd1.r2.dev/shipping-guide.png,ジャングルジム& プレイマット 突っ張り式 8WAY 体操 マット 折りたたみマット 室内遊具 おうち運動 金属フレーム 高さ調節 室内 鉄棒 穴あけ不要 大型遊具 遊具 ロープはしご クライミングロープ 屋内 家庭用 組み合わせ自由 子供 入園 キッズ 男の,"ホムブリスショップへようこそ
♪すべての商品は未開封の新品です
♪フォロー割あり
♪まとめ買い割あり：2点で2%OFF、3点で3%OFF、最大5%（一部商品適用外）
♪発送と送料：在庫品は1～2営業日以内に発送、再入荷商品は入荷後1～2営業日以内に発送いたします。北海道は基本的に追加送料不要です。沖縄への送料は別途お見積りが必須です。

【商品説明】

組立時重量: 37.00
組立時長さ: 150.80
組立時幅: 60.00
組立時高さ: 275.50
主要素材: Metal & Wood,PVC
主要カラー: Beige,Beige+Grey","Beige,beige+グレー",105,MAT472254C469767Z,,,,,,,,,,,,,,,,,,,,,,,,,,,,,,,,,,,,,,,31588,RCVuRU7Ru3xvBFY6vr5xP7,1,1,jp13,1,1,1,,,,,,,
"https://b2bfiles1.gigab2b.cn/image/wkseller/1157/195c9ae70224a3d0fc4bcab520ba8eb9.jpg?x-cc=20&x-cu=28909&x-ct=1784098800&x-cs=a76c176c6671c10edb238dbcd8f375c3""","https://b2bfiles1.gigab2b.cn/image/wkseller/1157/a18a74c2503caa6a6797abb02e8cdf8a.jpg?x-cc=20&x-cu=28909&x-ct=1784098800&x-cs=d10ef04fc06f690f14f9c57d311a6ce6""","https://b2bfiles1.gigab2b.cn/image/wkseller/1157/77d9ab26f26436589cb49c39093b2bc9.jpg?x-cc=20&x-cu=28909&x-ct=1784098800&x-cs=8f41a2871dc9f997f618da702e8b466f""","https://b2bfiles1.gigab2b.cn/image/wkseller/1157/69ebfdf60d7e69752f662f9ac2f0a694.jpg?x-cc=20&x-cu=28909&x-ct=1784098800&x-cs=c8846510cf44316783fea42814b41160""","https://b2bfiles1.gigab2b.cn/image/wkseller/1157/e2639171720ae8e052cb0f4d2e72397e.jpg?x-cc=20&x-cu=28909&x-ct=1784098800&x-cs=16408cd71701ce32653096e818721a87""","https://b2bfiles1.gigab2b.cn/image/wkseller/1157/45555a26a8b1abfeb469f457236ebc64.jpg?x-cc=20&x-cu=28909&x-ct=1784098800&x-cs=7632d17cef38125d0828c4ddb769c486""","https://b2bfiles1.gigab2b.cn/image/wkseller/1157/6f7afc58d47d0213335e21fcdd3b7780.jpg?x-cc=20&x-cu=28909&x-ct=1784098800&x-cs=a084ec5d40089c6906cb81be1067ae51""]",https://pub-606bcd6c031442e4959f73b5435fefd1.r2.dev/shipping-guide.png,,,,,,,,,,,,,『数量限定セール』 スーツケース キャリーバッグ キャリーケース  Lサイズ  小型 超軽量  ファスナー式  TSAロック搭載   フック機能付き 360度回転  旅行 おしゃれ 人気色（原sku：N504P180006A）,"ホムブリスショップへようこそ
♪すべての商品は未開封の新品です
♪フォロー割あり
♪まとめ買い割あり：2点で2%OFF、3点で3%OFF、最大5%（一部商品適用外）
♪発送と送料：在庫品は1～2営業日以内に発送、再入荷商品は入荷後1～2営業日以内に発送いたします。北海道は基本的に追加送料不要です。沖縄への送料は別途お見積りが必須です。

【商品説明】

重量(kg): 5.45
長さ(cm): 78
幅(cm): 53
高さ(cm): 29
組立時重量: Not Applicable
組立時長さ: Not Applicable
組立時幅: Not Applicable
組立時高さ: Not Applicable
主要素材: ABS
主要カラー: Black",ブラック,67,N504P415034A,,,,,,,,,,,,,,,,,,,,,,,,,,,,,,,,,,,,,,,6401,vQuSuG5WNXXFHKEZ5n3oMH,1,1,jp13,1,1,1,,,,,,,
"https://b2bfiles1.gigab2b.cn/image/wkseller/1157/3fab60105afdd8ba8ca3818850d9faf7.jpg?x-cc=20&x-cu=28909&x-ct=1784098800&x-cs=564745a3dcb3cc0b1aa55de6cc106249""","https://b2bfiles1.gigab2b.cn/image/wkseller/1157/8679d53846de744bd69448a4c1259cfa.jpg?x-cc=20&x-cu=28909&x-ct=1784098800&x-cs=e540e6e8b0e5fb4c5166da31f7dd786f""","https://b2bfiles1.gigab2b.cn/image/wkseller/1157/faeb2ff5471c3ee13652163247f7c4f2.jpg?x-cc=20&x-cu=28909&x-ct=1784098800&x-cs=197ca8c3fc7e154227a565b405faf9c3""","https://b2bfiles1.gigab2b.cn/image/wkseller/1157/b0db8aa0005446ab58263d43dd9012a7.jpg?x-cc=20&x-cu=28909&x-ct=1784098800&x-cs=45d65c35e72bf3dd36e70ce984465ade""","https://b2bfiles1.gigab2b.cn/image/wkseller/1157/126c9d6e5b96182675f5a42ed48203dd.jpg?x-cc=20&x-cu=28909&x-ct=1784098800&x-cs=17fc4c428e2b7706e0678ed39ad48389""","https://b2bfiles1.gigab2b.cn/image/wkseller/1157/785e75c83733ea581cd1f9063f137499.jpg?x-cc=20&x-cu=28909&x-ct=1784098800&x-cs=d3e57a7e24afd87f958c1212b8681471""","https://b2bfiles1.gigab2b.cn/image/wkseller/1157/ef73c85f434b4105aa102b1c40915808.jpg?x-cc=20&x-cu=28909&x-ct=1784098800&x-cs=f2a8f0fa3fb4b0cc0c7c14bac0fec319""","https://b2bfiles1.gigab2b.cn/image/wkseller/1157/e608333c48979f5e2e39d269c37dc634.png?x-cc=20&x-cu=28909&x-ct=1784098800&x-cs=fb0780d2cc094970a6ed4f867c1f9368""","https://b2bfiles1.gigab2b.cn/image/wkseller/1157/acaad69d488d2464c249dbbfa5e95fee.png?x-cc=20&x-cu=28909&x-ct=1784098800&x-cs=231243ffa172937512a3bd6a1abaa7bd""","https://b2bfiles1.gigab2b.cn/image/wkseller/1157/fa9bca3624b4fc910cf5d8af8b7275b0.png?x-cc=20&x-cu=28909&x-ct=1784098800&x-cs=293fd42788522ed381e963bbfc7aad59""","https://b2bfiles1.gigab2b.cn/image/wkseller/1157/18d87f5e076d25287da90b10b70cf14d.png?x-cc=20&x-cu=28909&x-ct=1784098800&x-cs=e9e972a1cdc031c04d9a5de80054787f""","https://b2bfiles1.gigab2b.cn/image/wkseller/1157/4fcc6a8eebf922a236b7a35587e5dfdc.png?x-cc=20&x-cu=28909&x-ct=1784098800&x-cs=52f5ec5bf3b5b264da012d3af1d53b70""","https://b2bfiles1.gigab2b.cn/image/wkseller/1157/15fba0656d33eba831ed6497f7845233.jpg?x-cc=20&x-cu=28909&x-ct=1784098800&x-cs=9aa6c67f285ec2b9b521b572dfbceda2""]",https://pub-606bcd6c031442e4959f73b5435fefd1.r2.dev/shipping-guide.png,,,,,,,『数量限定セール』 ドレッサー 丸型ミラー直径52cm 3色LED 明るさ無段階調整可能 引き出し2つ スツール付き 広々天板 PUレザー座面 天然木脚 たっぷり収納 コンパクト 省スペース 北欧風 おしゃれ 鏡台 化粧台【ナチュラル×ホワイト】,"ホムブリスショップへようこそ
♪すべての商品は未開封の新品です
♪フォロー割あり
♪まとめ買い割あり：2点で2%OFF、3点で3%OFF、最大5%（一部商品適用外）
♪発送と送料：在庫品は1～2営業日以内に発送、再入荷商品は入荷後1～2営業日以内に発送いたします。北海道は基本的に追加送料不要です。沖縄への送料は別途お見積りが必須です。

【商品説明】

重量(kg): 23
長さ(cm): 83.5
幅(cm): 57.5
高さ(cm): 17
組立時重量: Not Applicable
組立時長さ: Not Applicable
組立時幅: Not Applicable
組立時高さ: Not Applicable
主要素材: MDF
主要カラー: Natural",ナチュラル,0,N504P497302A,,,,,,,,,,,,,,,,,,,,,,,,,,,,,,,,,,,,,,,12001,mj3ot2dY5CAWU8XwvWKW3A,1,1,jp13,1,1,1,,,,,,,
"https://b2bfiles1.gigab2b.cn/image/wkseller/1157/47b450e645e096bbfcc6ef90b8a9a03b.jpg?x-cc=20&x-cu=28909&x-ct=1784098800&x-cs=1b98d5b4e3f2f58bcb10bbb17c96c184""","https://b2bfiles1.gigab2b.cn/image/wkseller/1157/85784bd3805a14d3cbe6930018ec7801.jpg?x-cc=20&x-cu=28909&x-ct=1784098800&x-cs=3110905e91cb0e48812333b7a4856ff6""","https://b2bfiles1.gigab2b.cn/image/wkseller/1157/5466fe488dc5ae0c536ac9705974e7e4.jpg?x-cc=20&x-cu=28909&x-ct=1784098800&x-cs=e290785958f0224d91ac37ccdfff0661""","https://b2bfiles1.gigab2b.cn/image/wkseller/1157/093eeab87e3acfed3c340c02356ed9c3.jpg?x-cc=20&x-cu=28909&x-ct=1784098800&x-cs=f767680ce45e9c6f81e90f56fd679729""","https://b2bfiles1.gigab2b.cn/image/wkseller/1157/82aa63fab1918ebf660ea255eb77b3bd.jpg?x-cc=20&x-cu=28909&x-ct=1784098800&x-cs=6d6ae7ac6659aea6a8fd29b728107799""","https://b2bfiles1.gigab2b.cn/image/wkseller/1157/b237784b5a85f6264e7a41d49a81021f.jpg?x-cc=20&x-cu=28909&x-ct=1784098800&x-cs=c0b43314ed7fd404c9e889d4a8043d25""","https://b2bfiles1.gigab2b.cn/image/wkseller/1157/c3413f7b62cd4e880241c54c55f237bd.jpg?x-cc=20&x-cu=28909&x-ct=1784098800&x-cs=c5a72be03f4816295b93ad0c7972f462""","https://b2bfiles1.gigab2b.cn/image/wkseller/1157/c8c1a9ccf4ed1b45459021c43a5ca91c.jpg?x-cc=20&x-cu=28909&x-ct=1784098800&x-cs=35bc23740a79d10f16047908fdcbc059""","https://b2bfiles1.gigab2b.cn/image/wkseller/1157/0093d60c347765fcbd5c4bb517ec878e.jpg?x-cc=20&x-cu=28909&x-ct=1784098800&x-cs=12645e10fe27b1f1fa5d630fa4b8206d""","https://b2bfiles1.gigab2b.cn/image/wkseller/1157/935a8eb3d6182433f36fd8ef77955a79.jpg?x-cc=20&x-cu=28909&x-ct=1784098800&x-cs=1915ce4d443ff57dfecf99c87ff07ab9""","https://b2bfiles1.gigab2b.cn/image/wkseller/1157/8427b255dc624d7b7dc95460b89c7c45.jpg?x-cc=20&x-cu=28909&x-ct=1784098800&x-cs=598439a4627af48ba4a1719351a27442""","https://b2bfiles1.gigab2b.cn/image/wkseller/1157/5f9f22ebf8efda80074499261c2545b5.jpg?x-cc=20&x-cu=28909&x-ct=1784098800&x-cs=155d067f6fd2deb7b934b90016492cda""]",https://pub-606bcd6c031442e4959f73b5435fefd1.r2.dev/shipping-guide.png,,,,,,,,『数量限定セール』 スチール書庫 両開き扉タイプ 高さ90cm 可動棚 A4対応 鍵付き 業務用書類保管庫 大容量収納 頑丈 省スペース お手入れ簡単 組み立て必要 キャビネット ラック オフィス/書斎/学校/病院/会社/事務所対応,"ホムブリスショップへようこそ
♪すべての商品は未開封の新品です
♪フォロー割あり
♪まとめ買い割あり：2点で2%OFF、3点で3%OFF、最大5%（一部商品適用外）
♪発送と送料：在庫品は1～2営業日以内に発送、再入荷商品は入荷後1～2営業日以内に発送いたします。北海道は基本的に追加送料不要です。沖縄への送料は別途お見積りが必須です。

【商品説明】

重量(kg): 22
長さ(cm): 95
幅(cm): 48
高さ(cm): 17
組立時重量: Not Applicable
組立時長さ: Not Applicable
組立時幅: Not Applicable
組立時高さ: Not Applicable
主要素材: Steel
主要カラー: White",ホワイト,0,N504P501336W,,,,,,,,,,,,,,,,,,,,,,,,,,,,,,,,,,,,,,,12801,nrCpawxs5bctcfDGwjS7Qf,1,1,jp13,1,1,1,,,,,,,
"https://b2bfiles1.gigab2b.cn/image/wkseller/1157/bc47dc8cc96c31d1e20a254b36961501.jpg?x-cc=20&x-cu=28909&x-ct=1784098800&x-cs=1dc5f9c118a240d261e07b787cb86a21""","https://b2bfiles1.gigab2b.cn/image/wkseller/1157/3a6569e2e69147d2f2bd2484018dd328.jpg?x-cc=20&x-cu=28909&x-ct=1784098800&x-cs=11e7ea8bcceb41432d84dad0084ff301""","https://b2bfiles1.gigab2b.cn/image/wkseller/1157/2a1090e850769bbf0004f0c59a947ccd.jpg?x-cc=20&x-cu=28909&x-ct=1784098800&x-cs=4af4b0747b4273778dc048bcfc851270""","https://b2bfiles1.gigab2b.cn/image/wkseller/1157/1c845e954888497b7b33a47da8e6cb2a.jpg?x-cc=20&x-cu=28909&x-ct=1784098800&x-cs=3286d438895f69bfbad1d37329b67d8c""","https://b2bfiles1.gigab2b.cn/image/wkseller/1157/8e5357bda5c6208bcb98530b25cbda46.jpg?x-cc=20&x-cu=28909&x-ct=1784098800&x-cs=58d3293ada8a96c510b6b2a9f7f50ff0""","https://b2bfiles1.gigab2b.cn/image/wkseller/1157/5b4aac02ca6efe8165ccc63472ffcf21.jpg?x-cc=20&x-cu=28909&x-ct=1784098800&x-cs=9324978fcbf730959e09f3dc7cb977b9""","https://b2bfiles1.gigab2b.cn/image/wkseller/1157/2722836d6ef4c842ad4662004ffff5c6.jpg?x-cc=20&x-cu=28909&x-ct=1784098800&x-cs=81aecfb00af0cd4f3524e90877cc1a50""","https://b2bfiles1.gigab2b.cn/image/wkseller/1157/eb32025b89cdc743f12622d9e63d04d4.jpg?x-cc=20&x-cu=28909&x-ct=1784098800&x-cs=bdd5d1a867717bb7114d66c378bd72ce""","https://b2bfiles1.gigab2b.cn/image/wkseller/1157/e87e86a0d44506237ef71b7144e3ccbd.jpg?x-cc=20&x-cu=28909&x-ct=1784098800&x-cs=7293690763e42d58adadd86dad5fe5be""","https://b2bfiles1.gigab2b.cn/image/wkseller/1157/21b655218c144a7f876040a851b8cbb0.jpg?x-cc=20&x-cu=28909&x-ct=1784098800&x-cs=90d6a3070b0c1d8a721dfa7974481af5""","https://b2bfiles1.gigab2b.cn/image/wkseller/1157/30aee5c6c2f410ad3dc965fb70c3593d.jpg?x-cc=20&x-cu=28909&x-ct=1784098800&x-cs=0fd913eebe5eb2eba49308225a4a4533""","https://b2bfiles1.gigab2b.cn/image/wkseller/1157/361e741068f85176ded09a9fc4508100.jpg?x-cc=20&x-cu=28909&x-ct=1784098800&x-cs=637e4078e69e10d51589df9bb9336109""","https://b2bfiles1.gigab2b.cn/image/wkseller/1157/5791f36f3659ee6bcd535967562c3970.jpg?x-cc=20&x-cu=28909&x-ct=1784098800&x-cs=be9d5cb0b895c66a8b3f356d7060b628""]",https://pub-606bcd6c031442e4959f73b5435fefd1.r2.dev/shipping-guide.png,,,,,,,『数量限定セール』 スチール書庫 引き戸タイプ 高さ90cm 可動棚 鍵付き 戸当たりクッション搭載 A4対応 業務用書類保管庫 大容量 頑丈 セキュリティ収納 省スペース お手入れ簡単 組み立て必要 キャビネット ラック オフィス/書斎/学校/病院/会社/事,"ホムブリスショップへようこそ
♪すべての商品は未開封の新品です
♪フォロー割あり
♪まとめ買い割あり：2点で2%OFF、3点で3%OFF、最大5%（一部商品適用外）
♪発送と送料：在庫品は1～2営業日以内に発送、再入荷商品は入荷後1～2営業日以内に発送いたします。北海道は基本的に追加送料不要です。沖縄への送料は別途お見積りが必須です。

【商品説明】

重量(kg): 24
長さ(cm): 95.5
幅(cm): 49.5
高さ(cm): 21.5
組立時重量: Not Applicable
組立時長さ: Not Applicable
組立時幅: Not Applicable
組立時高さ: Not Applicable
主要素材: Steel
主要カラー: White",ホワイト,70,N504P501376W,,,,,,,,,,,,,,,,,,,,,,,,,,,,,,,,,,,,,,,14405,nrCpawxs5bctcfDGwjS7Qf,1,1,jp13,1,1,1,,,,,,,
"https://b2bfiles1.gigab2b.cn/image/wkseller/1157/7392910f31b8a649a222d665422cae40.jpg?x-cc=20&x-cu=28909&x-ct=1784098800&x-cs=d62a56ba84d3ea9e0e06dc653960268c""","https://b2bfiles1.gigab2b.cn/image/wkseller/1157/fc315d2db19bbc2790ac7b3bce804290.jpg?x-cc=20&x-cu=28909&x-ct=1784098800&x-cs=090eda8a319b367d629c9deb797b61ec""","https://b2bfiles1.gigab2b.cn/image/wkseller/1157/924220410d23d1acd0434008321291f4.jpg?x-cc=20&x-cu=28909&x-ct=1784098800&x-cs=374e1727a4e3429cac2ff530ab3088c3""","https://b2bfiles1.gigab2b.cn/image/wkseller/1157/bc63c65b71341db7b37be1f0a6417530.jpg?x-cc=20&x-cu=28909&x-ct=1784098800&x-cs=2cac4f0d990bf08eeb2bcc7a4398f544""","https://b2bfiles1.gigab2b.cn/image/wkseller/1157/b6e76dcd090a0b846d0554e6ac457b37.jpg?x-cc=20&x-cu=28909&x-ct=1784098800&x-cs=e0eeef0eaf60e20739b780ff49eac5ac""","https://b2bfiles1.gigab2b.cn/image/wkseller/1157/49d81b7dc52faccb447ed84d9db3ff70.jpg?x-cc=20&x-cu=28909&x-ct=1784098800&x-cs=e9d8c091034fba3ff6304db7983f12d7""","https://b2bfiles1.gigab2b.cn/image/wkseller/1157/e7a1822fd6f9a2deeff215f22110ad0e.jpg?x-cc=20&x-cu=28909&x-ct=1784098800&x-cs=110715ccaacae6d5a412cf44eeba348c""","https://b2bfiles1.gigab2b.cn/image/wkseller/1157/7a2dc26a71d52f3197f3a5d115a6b2d0.jpg?x-cc=20&x-cu=28909&x-ct=1784098800&x-cs=be0d836427d2006296260d1371714e24""","https://b2bfiles1.gigab2b.cn/image/wkseller/1157/2d8cf365c246c289060eb75943894bdf.jpg?x-cc=20&x-cu=28909&x-ct=1784098800&x-cs=c92f233c9e41f02293e0425877e915de""","https://b2bfiles1.gigab2b.cn/image/wkseller/1157/393bfa6ad7399cac571189fc76d29bab.jpg?x-cc=20&x-cu=28909&x-ct=1784098800&x-cs=812d98f3e7ccf82eac1274cf68be1255""","https://b2bfiles1.gigab2b.cn/image/wkseller/1157/9f2d53bd207c9be6bc0b8d39bcfbfcaf.jpg?x-cc=20&x-cu=28909&x-ct=1784098800&x-cs=b8f5d329b6558cc324c6ad09f6442c8a""","https://b2bfiles1.gigab2b.cn/image/wkseller/1157/2cee601bd585f6ef5d4db91894189807.jpg?x-cc=20&x-cu=28909&x-ct=1784098800&x-cs=e9498e8dac19538f621cf635abeba775""]",https://pub-606bcd6c031442e4959f73b5435fefd1.r2.dev/shipping-guide.png,,,,,,,,『数量限定セール』 スチール書庫 高さ180.5cm ガラス扉 鍵2本付き 可動棚4枚 大容量 高耐久 防湿設計 安心安全 オフィス書類収納棚 キャビネット 業務用 事務所/会社/店舗/病院/学校/家庭対応 ホワイト,"ホムブリスショップへようこそ
♪すべての商品は未開封の新品です
♪フォロー割あり
♪まとめ買い割あり：2点で2%OFF、3点で3%OFF、最大5%（一部商品適用外）
♪発送と送料：在庫品は1～2営業日以内に発送、再入荷商品は入荷後1～2営業日以内に発送いたします。北海道は基本的に追加送料不要です。沖縄への送料は別途お見積りが必須です。

【商品説明】

重量(kg): 43
長さ(cm): 191
幅(cm): 46.1
高さ(cm): 13.2
組立時重量: Not Applicable
組立時長さ: Not Applicable
組立時幅: Not Applicable
組立時高さ: Not Applicable
主要素材: Steel
主要カラー: White",ホワイト,50,N504P501387W,,,,,,,,,,,,,,,,,,,,,,,,,,,,,,,,,,,,,,,22983,nrCpawxs5bctcfDGwjS7Qf,1,1,jp13,1,1,1,,,,,,,
"https://b2bfiles1.gigab2b.cn/image/wkseller/1157/ef00570bff58b6d90c4399d461f77c5f.jpg?x-cc=20&x-cu=28909&x-ct=1784098800&x-cs=956d664a425b7c8af13fd3fa397f0d7a""","https://b2bfiles1.gigab2b.cn/image/wkseller/1157/e6a4ec07057b3802952c8bde8ea36df6.jpg?x-cc=20&x-cu=28909&x-ct=1784098800&x-cs=571c701c452be2a5c291f4237aecb6bd""","https://b2bfiles1.gigab2b.cn/image/wkseller/1157/432751385b0d8b62a72cb980c06d8234.jpg?x-cc=20&x-cu=28909&x-ct=1784098800&x-cs=2492713b69a168fc063b88f162168115""","https://b2bfiles1.gigab2b.cn/image/wkseller/1157/8a891168e2ff670c7135d84e21e710ec.jpg?x-cc=20&x-cu=28909&x-ct=1784098800&x-cs=7bc82ac92df482d5f140b8a21edfa6a7""","https://b2bfiles1.gigab2b.cn/image/wkseller/1157/d9103f506f26252bff4dcd0b2b68348e.jpg?x-cc=20&x-cu=28909&x-ct=1784098800&x-cs=175346b771b9a2d8ce62369a1315b6e4""","https://b2bfiles1.gigab2b.cn/image/wkseller/1157/c7a515372d11101988b9f5e3f829c924.jpg?x-cc=20&x-cu=28909&x-ct=1784098800&x-cs=72d85d20e77ade3073c5732fc07db791""","https://b2bfiles1.gigab2b.cn/image/wkseller/1157/81fdc8230f673ca3cd5d27d98525559d.jpg?x-cc=20&x-cu=28909&x-ct=1784098800&x-cs=9c0368b2d7b24c2b22929e09f66f420b""","https://b2bfiles1.gigab2b.cn/image/wkseller/1157/0aa065c1bd48bb9f7feb91b04d06d487.jpg?x-cc=20&x-cu=28909&x-ct=1784098800&x-cs=b1ce6f8378805db033f8032863c9c65f""","https://b2bfiles1.gigab2b.cn/image/wkseller/1157/25642a16ab1a44801d8c441daa4eb7db.jpg?x-cc=20&x-cu=28909&x-ct=1784098800&x-cs=33ee0fe6017e220cda0861e799780ee3""","https://b2bfiles1.gigab2b.cn/image/wkseller/1157/0c2bdcc1ec222a7578141af7356a85e1.jpg?x-cc=20&x-cu=28909&x-ct=1784098800&x-cs=6c6f47b2e6a8c995bae1b216a21b285c""","https://b2bfiles1.gigab2b.cn/image/wkseller/1157/247529acc539ca6666407fffb50f8051.jpg?x-cc=20&x-cu=28909&x-ct=1784098800&x-cs=4abd35b83d41d9999fd1871782fde7c6""","https://b2bfiles1.gigab2b.cn/image/wkseller/1157/bb3a7a5e4682eefd632da134f013402c.jpg?x-cc=20&x-cu=28909&x-ct=1784098800&x-cs=51359fddf592424187d8ef81c7ffdcc0""","https://b2bfiles1.gigab2b.cn/image/wkseller/1157/beb04dce4c7ab68606029f63a2c08c35.jpg?x-cc=20&x-cu=28909&x-ct=1784098800&x-cs=468014eb8f2a3a0e8242acd4f6e0f351""","https://b2bfiles1.gigab2b.cn/image/wkseller/1157/3dc957c184255e4f5e674866054d919f.jpg?x-cc=20&x-cu=28909&x-ct=1784098800&x-cs=4fa8a80e883b09977b1d47a071da2475""","https://b2bfiles1.gigab2b.cn/image/wkseller/1157/00f1a5de413c3c6009e87bfe0af1bd23.jpg?x-cc=20&x-cu=28909&x-ct=1784098800&x-cs=f6ab9df0598532ce33957328ddbc8877""]",https://pub-606bcd6c031442e4959f73b5435fefd1.r2.dev/shipping-guide.png,,,,,『数量限定セール』 スチール書庫 オープンタイプ 5段 高さ180cm 可動棚 A4対応 業務用書類保管庫 大容量収納 頑丈 省スペース お手入れ簡単 組み立て必要 キャビネット ラック オフィス/書斎/学校/病院/会社/事務所/家庭対応,"ホムブリスショップへようこそ
♪すべての商品は未開封の新品です
♪フォロー割あり
♪まとめ買い割あり：2点で2%OFF、3点で3%OFF、最大5%（一部商品適用外）
♪発送と送料：在庫品は1～2営業日以内に発送、再入荷商品は入荷後1～2営業日以内に発送いたします。北海道は基本的に追加送料不要です。沖縄への送料は別途お見積りが必須です。

【商品説明】

重量(kg): 30
長さ(cm): 191
幅(cm): 46.1
高さ(cm): 13.2
組立時重量: Not Applicable
組立時長さ: Not Applicable
組立時幅: Not Applicable
組立時高さ: Not Applicable
主要素材: Steel
主要カラー: White",ホワイト,50,N504P501392W,,,,,,,,,,,,,,,,,,,,,,,,,,,,,,,,,,,,,,,19783,nrCpawxs5bctcfDGwjS7Qf,1,1,jp13,1,1,1,,,,,,,
"https://b2bfiles1.gigab2b.cn/image/wkseller/1157/1e97533f523daf37142dce34eee08f8d.jpg?x-cc=20&x-cu=28909&x-ct=1784098800&x-cs=c4adb9095f36ea98fc4c5dc16ad26d04""","https://b2bfiles1.gigab2b.cn/image/wkseller/1157/ae0d780e85294b5b6653c3c050a6fcc5.jpg?x-cc=20&x-cu=28909&x-ct=1784098800&x-cs=95cac40ac7c1045bf09884311db36511""","https://b2bfiles1.gigab2b.cn/image/wkseller/1157/beb9949ba95304f170c416ea1a7d6222.jpg?x-cc=20&x-cu=28909&x-ct=1784098800&x-cs=293b8711f4f3a03ac65841742be06379""","https://b2bfiles1.gigab2b.cn/image/wkseller/1157/78b958110519cc73238fca8e94e9659d.jpg?x-cc=20&x-cu=28909&x-ct=1784098800&x-cs=fbdb6ea5dfa89e9cc920c71b60789a2e""","https://b2bfiles1.gigab2b.cn/image/wkseller/1157/2a27c753e7417d327d4f304435f62457.jpg?x-cc=20&x-cu=28909&x-ct=1784098800&x-cs=bb4169bedeadb72938170894918cd3ee""","https://b2bfiles1.gigab2b.cn/image/wkseller/1157/2961cb7c91347dc3b530fecd4c470623.jpg?x-cc=20&x-cu=28909&x-ct=1784098800&x-cs=2590c11dd22a9673a2915fc8b97bf7ff""","https://b2bfiles1.gigab2b.cn/image/wkseller/1157/be51fe61a0d63f989942d8f42ce77c5f.jpg?x-cc=20&x-cu=28909&x-ct=1784098800&x-cs=45e33728172e2c84cf2af03b589a28d5""","https://b2bfiles1.gigab2b.cn/image/wkseller/1157/333e5acaa817627e0ee2dcac8c7c0b2b.jpg?x-cc=20&x-cu=28909&x-ct=1784098800&x-cs=909604282634ad7161037648f79ee32d""","https://b2bfiles1.gigab2b.cn/image/wkseller/1157/1c68805a68e67e3a0ebd08616946d4ed.jpg?x-cc=20&x-cu=28909&x-ct=1784098800&x-cs=4c017c41dc4ef5fb139f4aefb5030de4""","https://b2bfiles1.gigab2b.cn/image/wkseller/1157/8d66eab189260ce12bbcd786f11dfb6a.jpg?x-cc=20&x-cu=28909&x-ct=1784098800&x-cs=e17ba57c602fb3422cff59116afa0eb8""","https://b2bfiles1.gigab2b.cn/image/wkseller/1157/d5349b791478429b9447147605f2fe36.jpg?x-cc=20&x-cu=28909&x-ct=1784098800&x-cs=eed342df2b8d8328c28c052f28cec88e""","https://b2bfiles1.gigab2b.cn/image/wkseller/1157/3efc920f122bbcb15dbabeff12c29137.png?x-cc=20&x-cu=28909&x-ct=1784098800&x-cs=df829def4382dfa51296d5bd390f316d""","https://b2bfiles1.gigab2b.cn/image/wkseller/1157/dc1d28ae58ff3c5a835212c89c6eaf0e.png?x-cc=20&x-cu=28909&x-ct=1784098800&x-cs=3dc1031868f349348bd2405ff71b48f1""","https://b2bfiles1.gigab2b.cn/image/wkseller/1157/c1ff017e32166822ffef37731947786a.jpg?x-cc=20&x-cu=28909&x-ct=1784098800&x-cs=cc6d31eae2d2f787bf83a5395a4cd92d""","https://b2bfiles1.gigab2b.cn/image/wkseller/1157/1d280b45dc10a9d73f84e1ebd5a6ab88.png?x-cc=20&x-cu=28909&x-ct=1784098800&x-cs=e92335b29d77a48d7b14c79ada7c6a51""","https://b2bfiles1.gigab2b.cn/image/wkseller/1157/bb1349d4e6e828b9f57275890a5a0eab.jpg?x-cc=20&x-cu=28909&x-ct=1784098800&x-cs=19af5a2592943d7b6b964236ba9e4836""","https://b2bfiles1.gigab2b.cn/image/wkseller/1157/b2e615bf02d9dbb3d7455537ec7d961a.jpg?x-cc=20&x-cu=28909&x-ct=1784098800&x-cs=a8aca65ff6624d04d581e6a65d8c7413""]",https://pub-606bcd6c031442e4959f73b5435fefd1.r2.dev/shipping-guide.png,,,『数量限定セール』 スチール製ロッカー 3列3段 9人用 高さ100cm 鍵付き 各扉個別ロック 通気口/ネームプレート搭載 安心安全 高耐久 大容量 お手入れ簡単 書類/バッグ/貴重品対応 収納棚 更衣室/事務所/会社/学校/ジム/施設用,"ホムブリスショップへようこそ
♪すべての商品は未開封の新品です
♪フォロー割あり
♪まとめ買い割あり：2点で2%OFF、3点で3%OFF、最大5%（一部商品適用外）
♪発送と送料：在庫品は1～2営業日以内に発送、再入荷商品は入荷後1～2営業日以内に発送いたします。北海道は基本的に追加送料不要です。沖縄への送料は別途お見積りが必須です。

【商品説明】

重量(kg): 29
長さ(cm): 105
幅(cm): 53
高さ(cm): 22
組立時重量: Not Applicable
組立時長さ: Not Applicable
組立時幅: Not Applicable
組立時高さ: Not Applicable
主要素材: Steel
主要カラー: White",ホワイト,0,N504P501509W,,,,,,,,,,,,,,,,,,,,,,,,,,,,,,,,,,,,,,,19557,mUMNfozwBvStC3zfoTDZKb,1,1,jp13,1,1,1,,,,,,,
"https://b2bfiles1.gigab2b.cn/image/wkseller/1157/414284573bbec51ad086a06d664017a1.jpg?x-cc=20&x-cu=28909&x-ct=1784098800&x-cs=547affdf8b855eb0770306fc2b7a4ead""","https://b2bfiles1.gigab2b.cn/image/wkseller/1157/11d2da9a330ba5ec0d77feddcaefc6c7.jpg?x-cc=20&x-cu=28909&x-ct=1784098800&x-cs=5a93c4820e62e271a135c7a5114c0b03""","https://b2bfiles1.gigab2b.cn/image/wkseller/1157/f4f5b04d45c5408a3cbc83406ec59a96.jpg?x-cc=20&x-cu=28909&x-ct=1784098800&x-cs=0e0e775432a0199dc36f56a254f0d851""","https://b2bfiles1.gigab2b.cn/image/wkseller/1157/b872b79aa580943e759a55e2bddb3535.jpg?x-cc=20&x-cu=28909&x-ct=1784098800&x-cs=6548ec957d43b97e7637908bf2327d42""","https://b2bfiles1.gigab2b.cn/image/wkseller/1157/18869d1d2c2ef8ffd5576a96c848c38f.jpg?x-cc=20&x-cu=28909&x-ct=1784098800&x-cs=1046aa5d72f1c19d939c9965ba798d24""","https://b2bfiles1.gigab2b.cn/image/wkseller/1157/9a6a92e5bccd3bd143931ec3cb139b55.jpg?x-cc=20&x-cu=28909&x-ct=1784098800&x-cs=ade5c96e5e67f071c4fda7099e575980""","https://b2bfiles1.gigab2b.cn/image/wkseller/1157/333e5acaa817627e0ee2dcac8c7c0b2b.jpg?x-cc=20&x-cu=28909&x-ct=1784098800&x-cs=909604282634ad7161037648f79ee32d""","https://b2bfiles1.gigab2b.cn/image/wkseller/1157/2d9ebbcf739e5ae07e607e8a16de1de4.jpg?x-cc=20&x-cu=28909&x-ct=1784098800&x-cs=0d26dac293fabb28990c4bf8db1ea223""","https://b2bfiles1.gigab2b.cn/image/wkseller/1157/09b4a66d55cb2990afc21e1c43bd5f08.jpg?x-cc=20&x-cu=28909&x-ct=1784098800&x-cs=1a962bcb6df58e0aaf0cdca8ca77c635""","https://b2bfiles1.gigab2b.cn/image/wkseller/1157/96f1fadc3d000610815e8a5a817a6433.jpg?x-cc=20&x-cu=28909&x-ct=1784098800&x-cs=17e8f3c6fc4d5bc9d67616a437c5e952""","https://b2bfiles1.gigab2b.cn/image/wkseller/1157/b04a3edd0844b4e4663ac1346c5a6ebf.jpg?x-cc=20&x-cu=28909&x-ct=1784098800&x-cs=d8483636a66ce6d245f9e30e5b984cf0""]",https://pub-606bcd6c031442e4959f73b5435fefd1.r2.dev/shipping-guide.png,,,,,,,,,『数量限定セール』 スチール製ロッカー 3列2段 6人用 高さ100cm 鍵付き 各扉個別ロック 通気口/ネームプレート搭載 安心安全 高耐久 大容量 お手入れ簡単 書類/バッグ/貴重品対応 収納棚 更衣室/事務所/会社/学校/ジム/施設用,"ホムブリスショップへようこそ
♪すべての商品は未開封の新品です
♪フォロー割あり
♪まとめ買い割あり：2点で2%OFF、3点で3%OFF、最大5%（一部商品適用外）
♪発送と送料：在庫品は1～2営業日以内に発送、再入荷商品は入荷後1～2営業日以内に発送いたします。北海道は基本的に追加送料不要です。沖縄への送料は別途お見積りが必須です。

【商品説明】

重量(kg): 24
長さ(cm): 105
幅(cm): 53
高さ(cm): 22
組立時重量: Not Applicable
組立時長さ: Not Applicable
組立時幅: Not Applicable
組立時高さ: Not Applicable
主要素材: Steel
主要カラー: White",ホワイト,0,N504P501514W,,,,,,,,,,,,,,,,,,,,,,,,,,,,,,,,,,,,,,,17857,mUMNfozwBvStC3zfoTDZKb,1,1,jp13,1,1,1,,,,,,,
"https://b2bfiles1.gigab2b.cn/image/wkseller/7404/e7cf7e506a7e1457f81133c208625dc1.png?x-cc=20&x-cu=28909&x-ct=1784098800&x-cs=417c34a7180fa1be73eb2b6be0b4229c""","https://b2bfiles1.gigab2b.cn/image/wkseller/7404/ec4ebf00afe0502884ec12b8735935b8.jpg?x-cc=20&x-cu=28909&x-ct=1784098800&x-cs=f773e9bce0f9b1200852f1f170079262""","https://b2bfiles1.gigab2b.cn/image/wkseller/7404/20221221_54d5b823885615a5d7e021e079e8fa04.jpg?x-cc=20&x-cu=28909&x-ct=1784098800&x-cs=44a9bd7382c60b50925387a080f148bd""","https://b2bfiles1.gigab2b.cn/image/wkseller/7404/20221221_3369da990733930ac2fe5d3abaafdda1.jpg?x-cc=20&x-cu=28909&x-ct=1784098800&x-cs=384d4d7644725bb192598c46a15e6eb4""","https://b2bfiles1.gigab2b.cn/image/wkseller/7404/20230223_7b2b2437d33079db11ccd6a831836f35.jpg?x-cc=20&x-cu=28909&x-ct=1784098800&x-cs=538d4206d6efc5f66b4f58753b9b3600""","https://b2bfiles1.gigab2b.cn/image/wkseller/7404/20230223_3fc67bbf11b655d4110c4f976e1c6cef.jpg?x-cc=20&x-cu=28909&x-ct=1784098800&x-cs=faef375147309093f3ee9cf34d98ee4e""","https://b2bfiles1.gigab2b.cn/image/wkseller/7404/20221221_80b6541a539a266c8abebc1acbd54be7.png?x-cc=20&x-cu=28909&x-ct=1784098800&x-cs=71dd060f3a94a7092f1aaf6e6ead318a""","https://b2bfiles1.gigab2b.cn/image/wkseller/7404/20221221_2cbe2131b92a0f2ff2c5b8c86c87e2db.jpg?x-cc=20&x-cu=28909&x-ct=1784098800&x-cs=bce2ff6944ab8a8c748b062cc27608c3""","https://b2bfiles1.gigab2b.cn/image/wkseller/7404/ea164a31b88b19e9939a0910c9d08070.jpg?x-cc=20&x-cu=28909&x-ct=1784098800&x-cs=cbad014f363da387eb79f85cb5ed2e0e""","https://b2bfiles1.gigab2b.cn/image/wkseller/7404/5b28c8a5c4f7be884286e88ef592fd59.png?x-cc=20&x-cu=28909&x-ct=1784098800&x-cs=f68af690f5f7f12eb0c014243edb8b10""]",https://pub-606bcd6c031442e4959f73b5435fefd1.r2.dev/shipping-guide.png,,,,,,,,,,センターテーブル 魚形 ガラス天板 スチール脚 光沢仕上げ棚板 収納棚 ダイニングテーブル コンパクト 一人暮らし おしゃれ 家庭用 三段式収納棚 組立て簡単 モダン,"ホムブリスショップへようこそ
♪すべての商品は未開封の新品です
♪フォロー割あり
♪まとめ買い割あり：2点で2%OFF、3点で3%OFF、最大5%（一部商品適用外）
♪発送と送料：在庫品は1～2営業日以内に発送、再入荷商品は入荷後1～2営業日以内に発送いたします。北海道は基本的に追加送料不要です。沖縄への送料は別途お見積りが必須です。

【商品説明】

重量(kg): 11.1
長さ(cm): 93
幅(cm): 54
高さ(cm): 10.5
組立時重量: 1.00
組立時長さ: 88.00
組立時幅: 48.00
組立時高さ: 44.00
主要素材: Glass
主要カラー: Clear,White",,0,N506P270419E,,,,,,,,,,,,,,,,,,,,,,,,,,,,,,,,,,,,,,,5501,bWUDWGgbAARJKEV2KsLkBg,1,1,jp13,1,1,1,,,,,,,
"https://b2bfiles1.gigab2b.cn/image/wkseller/7404/1ce63854f80ec9f32548f9d84575edf0.jpg?x-cc=20&x-cu=28909&x-ct=1784098800&x-cs=a966a9b2a3560786487d68206105c4a5""","https://b2bfiles1.gigab2b.cn/image/wkseller/7404/44b2a738364ba6c691e3e0e135b5e43a.jpg?x-cc=20&x-cu=28909&x-ct=1784098800&x-cs=9488c737a72820ce207eb27d4ae0ad4a""","https://b2bfiles1.gigab2b.cn/image/wkseller/7404/93a575e26f0783f801d299b08c989b4b.jpg?x-cc=20&x-cu=28909&x-ct=1784098800&x-cs=e7f9da9aa5df83c2c2f44d289acce668""","https://b2bfiles1.gigab2b.cn/image/wkseller/7404/298518a7ad98ee8a1f8048e1bfbdc193.jpg?x-cc=20&x-cu=28909&x-ct=1784098800&x-cs=977005c10d55278efb1e947910ca8334""","https://b2bfiles1.gigab2b.cn/image/wkseller/7404/6787cfed79657c91c8e717adcdb868c2.jpg?x-cc=20&x-cu=28909&x-ct=1784098800&x-cs=04138cc18619dad075c0de8256e92676""","https://b2bfiles1.gigab2b.cn/image/wkseller/7404/0b66ef31fb3b52d439eeccd1e9b928ba.jpg?x-cc=20&x-cu=28909&x-ct=1784098800&x-cs=5f4d230d9bafdf573cfcda0f0db195ad""","https://b2bfiles1.gigab2b.cn/image/wkseller/7404/db8d955017d8745183c3ec2e3cd9b14f.jpg?x-cc=20&x-cu=28909&x-ct=1784098800&x-cs=5a258031820c38ee02a12098d478ad2e""","https://b2bfiles1.gigab2b.cn/image/wkseller/7404/7d7ad912c3b61b9f7402eae31d1d3958.jpg?x-cc=20&x-cu=28909&x-ct=1784098800&x-cs=72d40e6777617f1b00dbcc05887ca841""","https://b2bfiles1.gigab2b.cn/image/wkseller/7404/ca3ac248a2441b84a2f03451062fb5af.jpg?x-cc=20&x-cu=28909&x-ct=1784098800&x-cs=7b0df12906a95892f9eb22a54b0c9fa2""","https://b2bfiles1.gigab2b.cn/image/wkseller/7404/7f521f65481daadda765b770eadd5fe2.jpg?x-cc=20&x-cu=28909&x-ct=1784098800&x-cs=575e1f12d0ae3524c92cb67dee2b68bf""","https://b2bfiles1.gigab2b.cn/image/wkseller/7404/5f6f0b6745a3f4ee6e1b816176e003bf.png?x-cc=20&x-cu=28909&x-ct=1784098800&x-cs=b0b9016284b3a2a6baf12de729c8897d""","https://b2bfiles1.gigab2b.cn/image/wkseller/7404/6e0b86a4719a7c607acba9f5cf608d4e.jpg?x-cc=20&x-cu=28909&x-ct=1784098800&x-cs=5c81cc875ad0433dcfc7d100bad603a9""]",https://pub-606bcd6c031442e4959f73b5435fefd1.r2.dev/shipping-guide.png,,,,,,,,『数量限定セール』 ガラステーブル ローテーブル  コーヒーテーブル 幅80x奥40x高さ38.5cm 収納棚付き 口字型のテーブル脚 強化ガラス天板 クリア天板 おしゃれ コンパクト 組立て簡単,"ホムブリスショップへようこそ
♪すべての商品は未開封の新品です
♪フォロー割あり
♪まとめ買い割あり：2点で2%OFF、3点で3%OFF、最大5%（一部商品適用外）
♪発送と送料：在庫品は1～2営業日以内に発送、再入荷商品は入荷後1～2営業日以内に発送いたします。北海道は基本的に追加送料不要です。沖縄への送料は別途お見積りが必須です。

【商品説明】

重量(kg): 10.6
長さ(cm): 86
幅(cm): 46
高さ(cm): 16
組立時重量: 10.00
組立時長さ: 80.00
組立時幅: 40.00
組立時高さ: 38.50
主要素材: Glass
主要カラー: Clear,Light Brown",,0,N506P374567C,,,,,,,,,,,,,,,,,,,,,,,,,,,,,,,,,,,,,,,7801,HXssrNkyYm2e2JhcBHNYyg,1,1,jp13,1,1,1,,,,,,,
"https://b2bfiles1.gigab2b.cn/image/wkseller/7404/f85a181ae2fc7913e4571fc5fd352408.png?x-cc=20&x-cu=28909&x-ct=1784098800&x-cs=85b19754c1d9684ebe96f987e55e245e""","https://b2bfiles1.gigab2b.cn/image/wkseller/7404/d42f53970f24ae5a9bbbe82fd94cca23.png?x-cc=20&x-cu=28909&x-ct=1784098800&x-cs=337bcde85e4179819e65bb2f9a5919d0""","https://b2bfiles1.gigab2b.cn/image/wkseller/7404/6e414a85539451e5f3a21857a2e4206e.png?x-cc=20&x-cu=28909&x-ct=1784098800&x-cs=290b851a223f40b44e0b80fa017a39ee""","https://b2bfiles1.gigab2b.cn/image/wkseller/7404/afa00e16ecc82211f4120a61e321a2b3.png?x-cc=20&x-cu=28909&x-ct=1784098800&x-cs=1f3192ec589c636a8315a184ea386b08""","https://b2bfiles1.gigab2b.cn/image/wkseller/7404/2071ccba18ef2a67ed85c30194aeea38.png?x-cc=20&x-cu=28909&x-ct=1784098800&x-cs=8a58f28f2c9448b5b1c5823b8cd6b37b""","https://b2bfiles1.gigab2b.cn/image/wkseller/7404/401f90f7ebaabc570e17822503aabe02.png?x-cc=20&x-cu=28909&x-ct=1784098800&x-cs=389fe65a448e557c7a8a5043d18e2661""","https://b2bfiles1.gigab2b.cn/image/wkseller/7404/f1a6a7bd18761e4707af2cbb4ec6f0c1.png?x-cc=20&x-cu=28909&x-ct=1784098800&x-cs=6a301ad41d68be57d412c430d91093b5""","https://b2bfiles1.gigab2b.cn/image/wkseller/7404/2f0bac29bc4af211bd6e92e5011f3221.png?x-cc=20&x-cu=28909&x-ct=1784098800&x-cs=f89e848a40c99ab2f6ecc40bdcf63f6c""","https://b2bfiles1.gigab2b.cn/image/wkseller/7404/8e91886356aaa06ecc97d6f8d4d949c2.png?x-cc=20&x-cu=28909&x-ct=1784098800&x-cs=e761d16d2b6db2aab817978b26cd8235""","https://b2bfiles1.gigab2b.cn/image/wkseller/7404/229b6c810bf8b6040acab07aeaca198a.jpg?x-cc=20&x-cu=28909&x-ct=1784098800&x-cs=107d904f652a8e9fd7163afd5865e64c""","https://b2bfiles1.gigab2b.cn/image/wkseller/7404/2db8b618cdcbbf69a5f3bc715249e9d9.jpg?x-cc=20&x-cu=28909&x-ct=1784098800&x-cs=8a8984e71817f7ec7c69ff00348465c4""","https://b2bfiles1.gigab2b.cn/image/wkseller/7404/3bafc3891524448502c6ce7db876bb4d.jpg?x-cc=20&x-cu=28909&x-ct=1784098800&x-cs=802400ef4f7d13646a3c44cdbbf1cc77""","https://b2bfiles1.gigab2b.cn/image/wkseller/7404/8d903072b9c18a28e028b37b0386c97f.jpg?x-cc=20&x-cu=28909&x-ct=1784098800&x-cs=f9c74df1e1fef15a682c9c1337cbb14a""","https://b2bfiles1.gigab2b.cn/image/wkseller/7404/bad7db163e3485263b74cdb9b8157300.png?x-cc=20&x-cu=28909&x-ct=1784098800&x-cs=d68fce6401db88609969bd89c9a1b1e2""","https://b2bfiles1.gigab2b.cn/image/wkseller/7404/5bea294edab608849a0f49f47db84a6b.png?x-cc=20&x-cu=28909&x-ct=1784098800&x-cs=06c5c0a3a7bf5ec7ac4d427714319024""]",https://pub-606bcd6c031442e4959f73b5435fefd1.r2.dev/shipping-guide.png,,,,,ソファベッド 組立て不要 二人掛け 三人掛け フロアソファ コンパクト ローソファ ソファー 1人暮らし 家庭用 マルチに使える クッション付き 座椅子 1人掛け 完成品 運びに便利だ 圧縮梱包 高反発ウレタン ウレタンの密度25D 支持力150N マットレス,"ホムブリスショップへようこそ
♪すべての商品は未開封の新品です
♪フォロー割あり
♪まとめ買い割あり：2点で2%OFF、3点で3%OFF、最大5%（一部商品適用外）
♪発送と送料：在庫品は1～2営業日以内に発送、再入荷商品は入荷後1～2営業日以内に発送いたします。北海道は基本的に追加送料不要です。沖縄への送料は別途お見積りが必須です。

【商品説明】

重量(kg): 18
長さ(cm): 97.5
幅(cm): 45
高さ(cm): 44
組立時重量: 17.00
組立時長さ: 180.00
組立時幅: 90.00
組立時高さ: 30.00
主要素材: Corduroy
主要カラー: Blue",ブルー,0,N506P483128D,,,,,,,,,,,,,,,,,,,,,,,,,,,,,,,,,,,,,,,22530,fv7NAWJqfaqqh7GsP7q2dN,1,1,jp13,1,1,1,,,,,,,
"https://b2bfiles1.gigab2b.cn/image/wkseller/7404/0a099697cf176ea38e172e5583b4cb23.png?x-cc=20&x-cu=28909&x-ct=1784098800&x-cs=d554f4215553eca8eab71babe69dabcb""","https://b2bfiles1.gigab2b.cn/image/wkseller/7404/cfbfb9a137de3e6cbea8d610720d7f23.jpg?x-cc=20&x-cu=28909&x-ct=1784098800&x-cs=9d7a9522eabf22d023e8bc9d10c6eac4""","https://b2bfiles1.gigab2b.cn/image/wkseller/7404/43da3c419d7069d9d46fa120e6262330.jpg?x-cc=20&x-cu=28909&x-ct=1784098800&x-cs=016b93fbf250318eecd7d55785f22356""","https://b2bfiles1.gigab2b.cn/image/wkseller/7404/45b3c42ef0a0ba47700e457ba542a6a1.jpg?x-cc=20&x-cu=28909&x-ct=1784098800&x-cs=2bcb1312d8e719656ca95c6fe50f7431""","https://b2bfiles1.gigab2b.cn/image/wkseller/7404/ef703ed9ab6b6f6395c0a83f9ddaa874.jpg?x-cc=20&x-cu=28909&x-ct=1784098800&x-cs=09642978f1aba50caa2cd8928a5de941""","https://b2bfiles1.gigab2b.cn/image/wkseller/7404/bec9875dc879c23ac6625fa00037e3e5.jpg?x-cc=20&x-cu=28909&x-ct=1784098800&x-cs=cf72dede678bd08d03d3f2d13fa99da0""","https://b2bfiles1.gigab2b.cn/image/wkseller/7404/676f707be669d8601af5820fc178d584.jpg?x-cc=20&x-cu=28909&x-ct=1784098800&x-cs=48c5ac87684606e0be03e9762a30e8c3""","https://b2bfiles1.gigab2b.cn/image/wkseller/7404/426ba7731f6f3b85174a2c253ff4a55a.jpg?x-cc=20&x-cu=28909&x-ct=1784098800&x-cs=e33b584993f46f81ed9473beb93de21d""","https://b2bfiles1.gigab2b.cn/image/wkseller/7404/781c0dbe23015fcee0d01a1cb5e7c7c8.jpg?x-cc=20&x-cu=28909&x-ct=1784098800&x-cs=628adefaf5d46012c716f764873c5dd1""","https://b2bfiles1.gigab2b.cn/image/wkseller/7404/0768dd006619423310c179a74c8a626a.jpg?x-cc=20&x-cu=28909&x-ct=1784098800&x-cs=f002cc5f11febc943da6412590f4f4c1""","https://b2bfiles1.gigab2b.cn/image/wkseller/7404/8231c8e249b23a5c41d5f9cb997760cb.png?x-cc=20&x-cu=28909&x-ct=1784098800&x-cs=8611f7d2c193860b2e9c0745454792a0""","https://b2bfiles1.gigab2b.cn/image/wkseller/7404/82c7d7ad0e74b67bf0a38c08b1c95182.png?x-cc=20&x-cu=28909&x-ct=1784098800&x-cs=ef7cf3d0dcc261a68723d2c25061fd06""","https://b2bfiles1.gigab2b.cn/image/wkseller/7404/7c558ed578b2d36b975f8ade5682eae5.jpg?x-cc=20&x-cu=28909&x-ct=1784098800&x-cs=13b5afdb14ff56e8f748634333c04dc7""","https://b2bfiles1.gigab2b.cn/image/wkseller/7404/14ab948ec6f0e93d9305ce395d612dd0.jpg?x-cc=20&x-cu=28909&x-ct=1784098800&x-cs=09052fb4640372281e9a3e3e06e292eb""]",https://pub-606bcd6c031442e4959f73b5435fefd1.r2.dev/shipping-guide.png,,,,,,『数量限定セール』 電動ソファ 1人掛けソファー リクライニングチェア ゲーミングチェア リクライニングソファ USB·TypeCボード付き PU 背もたれ110°～165°調節可能 簡単昇降ボタン 快適なリビング 一人暮らし 省スペース 組立て簡単,"ホムブリスショップへようこそ
♪すべての商品は未開封の新品です
♪フォロー割あり
♪まとめ買い割あり：2点で2%OFF、3点で3%OFF、最大5%（一部商品適用外）
♪発送と送料：在庫品は1～2営業日以内に発送、再入荷商品は入荷後1～2営業日以内に発送いたします。北海道は基本的に追加送料不要です。沖縄への送料は別途お見積りが必須です。

【商品説明】

重量(kg): 30.5
長さ(cm): 78
幅(cm): 76
高さ(cm): 65
組立時重量: 30.00
組立時長さ: 77.00
組立時幅: 94.00
組立時高さ: 85.00
主要素材: PU
主要カラー: Beige",ベージュ,0,N506P496549A,,,,,,,,,,,,,,,,,,,,,,,,,,,,,,,,,,,,,,,31987,njG2GHWVNGZbHo3ntvDTAP,1,1,jp13,1,1,1,,,,,,,
"https://b2bfiles1.gigab2b.cn/image/wkseller/7404/60ef238968c892ed8e00149898e2095b.png?x-cc=20&x-cu=28909&x-ct=1784098800&x-cs=e3ea38ad03a0dcfe6a5c52e380116ac6""","https://b2bfiles1.gigab2b.cn/image/wkseller/7404/2a896eaa35f6b15a628ef682b1592edc.jpg?x-cc=20&x-cu=28909&x-ct=1784098800&x-cs=23eebcaed04399a6f338f1b9fd0e7fbb""","https://b2bfiles1.gigab2b.cn/image/wkseller/7404/1fd53486a4a0d6b72f0da9f38245aac4.jpg?x-cc=20&x-cu=28909&x-ct=1784098800&x-cs=70f20986b765faa372cc6f77b575d945""","https://b2bfiles1.gigab2b.cn/image/wkseller/7404/96bc3405636e288fca9256f14e1f31a5.jpg?x-cc=20&x-cu=28909&x-ct=1784098800&x-cs=90e80302bda416e469fbfa12f2d999e9""","https://b2bfiles1.gigab2b.cn/image/wkseller/7404/1fe6e098fbd46935ff4d4f0e9650112d.jpg?x-cc=20&x-cu=28909&x-ct=1784098800&x-cs=5fa4e0d632246cef9eb283c977f70133""","https://b2bfiles1.gigab2b.cn/image/wkseller/7404/2002944890f528d9c6c15e0cc9275608.jpg?x-cc=20&x-cu=28909&x-ct=1784098800&x-cs=70f02abf603e2032c5515c3833d838d6""","https://b2bfiles1.gigab2b.cn/image/wkseller/7404/866ef19e150ae9b8019f4ec5905aa025.jpg?x-cc=20&x-cu=28909&x-ct=1784098800&x-cs=edb741834423abd93874b9a020dbce35""","https://b2bfiles1.gigab2b.cn/image/wkseller/7404/d6cd557dd0f734e144e61509069964b0.jpg?x-cc=20&x-cu=28909&x-ct=1784098800&x-cs=af0f80edf0410b7ae5d769842d1fd22d""","https://b2bfiles1.gigab2b.cn/image/wkseller/7404/d73562a9f43fb3c83cadd88d3d6411b7.jpg?x-cc=20&x-cu=28909&x-ct=1784098800&x-cs=eb4c237e4189e626ae98623ec969428e""","https://b2bfiles1.gigab2b.cn/image/wkseller/7404/2dd70b985fd463801d8b90d23b766e0f.jpg?x-cc=20&x-cu=28909&x-ct=1784098800&x-cs=4bdf0189fd23948b2524320e1d1addb0""","https://b2bfiles1.gigab2b.cn/image/wkseller/7404/332ea1d45398439c84893203062b3297.png?x-cc=20&x-cu=28909&x-ct=1784098800&x-cs=4a08fb51acff22f7dbbcae97acda94d0""","https://b2bfiles1.gigab2b.cn/image/wkseller/7404/b461842425172f6837390163966a5eb4.png?x-cc=20&x-cu=28909&x-ct=1784098800&x-cs=0280a7241b16d2df1f06e2f8c9215547""","https://b2bfiles1.gigab2b.cn/image/wkseller/7404/1851f968971f8ec235d508f5f24e8e4e.jpg?x-cc=20&x-cu=28909&x-ct=1784098800&x-cs=15c9f2766dacc5e3860b0aca9320611f""","https://b2bfiles1.gigab2b.cn/image/wkseller/7404/c090b79c2a7dcb8e7a024e907a25e948.jpg?x-cc=20&x-cu=28909&x-ct=1784098800&x-cs=2d9fd3013093108a826aa82a9f52a1d9""]",https://pub-606bcd6c031442e4959f73b5435fefd1.r2.dev/shipping-guide.png,,,,,,『数量限定セール』 電動ソファ 1人掛けソファー リクライニングチェア ゲーミングチェア リクライニングソファ USB·TypeCボード付き PU 背もたれ110°～165°調節可能 簡単昇降ボタン 快適なリビング 一人暮らし 省スペース 組立て簡単,"ホムブリスショップへようこそ
♪すべての商品は未開封の新品です
♪フォロー割あり
♪まとめ買い割あり：2点で2%OFF、3点で3%OFF、最大5%（一部商品適用外）
♪発送と送料：在庫品は1～2営業日以内に発送、再入荷商品は入荷後1～2営業日以内に発送いたします。北海道は基本的に追加送料不要です。沖縄への送料は別途お見積りが必須です。

【商品説明】

重量(kg): 30.5
長さ(cm): 78
幅(cm): 76
高さ(cm): 65
組立時重量: 30.00
組立時長さ: 77.00
組立時幅: 94.00
組立時高さ: 85.00
主要素材: PU
主要カラー: Grey",グレー,0,N506P496549B,,,,,,,,,,,,,,,,,,,,,,,,,,,,,,,,,,,,,,,31987,njG2GHWVNGZbHo3ntvDTAP,1,1,jp13,1,1,1,,,,,,,
"https://b2bfiles1.gigab2b.cn/image/wkseller/7404/21ccf30e7f88282cb8105f2fd7a3c3f7.png?x-cc=20&x-cu=28909&x-ct=1784098800&x-cs=ee996d444b248e592be9826bfd623e5d""","https://b2bfiles1.gigab2b.cn/image/wkseller/7404/95885804043f7b07e44a0f1c610d7db4.png?x-cc=20&x-cu=28909&x-ct=1784098800&x-cs=43bd22198613c9f91908441c1f453182""","https://b2bfiles1.gigab2b.cn/image/wkseller/7404/99b09657a638bae2105b49d2188ca6f9.jpg?x-cc=20&x-cu=28909&x-ct=1784098800&x-cs=5f868f2f46cfa5adc0cfa8af2f700bb7""","https://b2bfiles1.gigab2b.cn/image/wkseller/7404/8f0966d59c188fd09787549f10a47732.jpg?x-cc=20&x-cu=28909&x-ct=1784098800&x-cs=a10734cffca9df0b8ad515b9b0fa63f4""","https://b2bfiles1.gigab2b.cn/image/wkseller/7404/1963756539d891b7e473b3c9248755bd.jpg?x-cc=20&x-cu=28909&x-ct=1784098800&x-cs=722500d8e6b1887440465915eb3882ab""","https://b2bfiles1.gigab2b.cn/image/wkseller/7404/308858481da109e04d7fc406d62fc540.jpg?x-cc=20&x-cu=28909&x-ct=1784098800&x-cs=daf9187f0f0b7bb388ae8319402fa370""","https://b2bfiles1.gigab2b.cn/image/wkseller/7404/aade479a14520f9298b7ebbd9f99adac.jpg?x-cc=20&x-cu=28909&x-ct=1784098800&x-cs=99a14c624bd8947e27705549ab17f664""","https://b2bfiles1.gigab2b.cn/image/wkseller/7404/5cab0da06528e96bf4f7b6dd11514e3b.jpg?x-cc=20&x-cu=28909&x-ct=1784098800&x-cs=3189ef190c46e76f0ef53dad6ca85903""","https://b2bfiles1.gigab2b.cn/image/wkseller/7404/43b9df0c5359306d4b2b26a7eaee340b.jpg?x-cc=20&x-cu=28909&x-ct=1784098800&x-cs=f9badbee34cba84281d448e1c92f7941""","https://b2bfiles1.gigab2b.cn/image/wkseller/7404/638077ddbb63e61d7f6a98d222bad2c9.jpg?x-cc=20&x-cu=28909&x-ct=1784098800&x-cs=a7f9f808008508585e7e5a207d2976e8""","https://b2bfiles1.gigab2b.cn/image/wkseller/7404/620b311edc915ed4b5b6d76af07e039e.jpg?x-cc=20&x-cu=28909&x-ct=1784098800&x-cs=d53ed1f67ec82eb9bc6c47eff57d5c31""","https://b2bfiles1.gigab2b.cn/image/wkseller/7404/7f5bd2c34ac3fd4561a3acfcaac01621.jpg?x-cc=20&x-cu=28909&x-ct=1784098800&x-cs=698e7cb073a4b6ee3ecccdb9b7a868e5""","https://b2bfiles1.gigab2b.cn/image/wkseller/7404/78fdf3e9e68c1132488253c9a86ee1e7.jpg?x-cc=20&x-cu=28909&x-ct=1784098800&x-cs=09160186fe5d843f9c08767dee0e4f0b""","https://b2bfiles1.gigab2b.cn/image/wkseller/7404/61e639fbc24936b0f4dea49de66d45ac.jpg?x-cc=20&x-cu=28909&x-ct=1784098800&x-cs=fcd98035ffdc44a4fae75436f500e9c1""","https://b2bfiles1.gigab2b.cn/image/wkseller/7404/5197487da60a23ea3ce2afa080ad5359.jpg?x-cc=20&x-cu=28909&x-ct=1784098800&x-cs=abe17d13bad6b86bbf068b07565b72b9""","https://b2bfiles1.gigab2b.cn/image/wkseller/7404/9334b277e818971155b031de5753c81c.jpg?x-cc=20&x-cu=28909&x-ct=1784098800&x-cs=0dbf7221222e8106c8757dfc7e7c4405""","https://b2bfiles1.gigab2b.cn/image/wkseller/7404/f5ad9b8e4cac16ad48d31c2bd9a88998.jpg?x-cc=20&x-cu=28909&x-ct=1784098800&x-cs=5de590301e43f166b957d2ba0cac1c31""","https://b2bfiles1.gigab2b.cn/image/wkseller/7404/2f8c74808274d7dbcc07c4d8c20c4722.jpg?x-cc=20&x-cu=28909&x-ct=1784098800&x-cs=87e663ae55947997fbbbf14c90035183""","https://b2bfiles1.gigab2b.cn/image/wkseller/7404/e415f295bf245ab5a10f9f42d28b03a4.jpg?x-cc=20&x-cu=28909&x-ct=1784098800&x-cs=8b36d8a7f44e03a68b3650b61f26abe7""",https://pub-606bcd6c031442e4959f73b5435fefd1.r2.dev/shipping-guide.png,『数量限定セール』 ワインキャビネット ガラスケース ガラスキャビネット 7色LED付き 人感センサ－ 音楽連動 収納キャビネット 6段収納 UV 隠し収納 ガラスディスプレイケース 7色LED照明 リビング/寝室/オフィス/店舗用 貴重品収納・物の展示に最適,"ホムブリスショップへようこそ
♪すべての商品は未開封の新品です
♪フォロー割あり
♪まとめ買い割あり：2点で2%OFF、3点で3%OFF、最大5%（一部商品適用外）
♪発送と送料：在庫品は1～2営業日以内に発送、再入荷商品は入荷後1～2営業日以内に発送いたします。北海道は基本的に追加送料不要です。沖縄への送料は別途お見積りが必須です。

【商品説明】

重量(kg): 38
長さ(cm): 115
幅(cm): 44
高さ(cm): 17
組立時重量: 35.00
組立時長さ: 40.00
組立時幅: 36.50
組立時高さ: 166.00
主要素材: MDF
主要カラー: Black",ブラック,0,N506P498991A,,,,,,,,,,,,,,,,,,,,,,,,,,,,,,,,,,,,,,,16557,nrCpawxs5bctcfDGwjS7Qf,1,1,jp13,1,1,1,,,,,,,
"https://b2bfiles1.gigab2b.cn/image/wkseller/7404/621f3ade958f8cfe9308c645f3e9f81c.png?x-cc=20&x-cu=28909&x-ct=1784098800&x-cs=2e6f398521b885ae1b0354b103cc78de""","https://b2bfiles1.gigab2b.cn/image/wkseller/7404/60c9d12982d4fe65b6b01dd49dcf0817.png?x-cc=20&x-cu=28909&x-ct=1784098800&x-cs=f3d0b7e1c3d5446aaa0c56cfe3280080""","https://b2bfiles1.gigab2b.cn/image/wkseller/7404/99b09657a638bae2105b49d2188ca6f9.jpg?x-cc=20&x-cu=28909&x-ct=1784098800&x-cs=5f868f2f46cfa5adc0cfa8af2f700bb7""","https://b2bfiles1.gigab2b.cn/image/wkseller/7404/8f0966d59c188fd09787549f10a47732.jpg?x-cc=20&x-cu=28909&x-ct=1784098800&x-cs=a10734cffca9df0b8ad515b9b0fa63f4""","https://b2bfiles1.gigab2b.cn/image/wkseller/7404/1963756539d891b7e473b3c9248755bd.jpg?x-cc=20&x-cu=28909&x-ct=1784098800&x-cs=722500d8e6b1887440465915eb3882ab""","https://b2bfiles1.gigab2b.cn/image/wkseller/7404/308858481da109e04d7fc406d62fc540.jpg?x-cc=20&x-cu=28909&x-ct=1784098800&x-cs=daf9187f0f0b7bb388ae8319402fa370""","https://b2bfiles1.gigab2b.cn/image/wkseller/7404/aade479a14520f9298b7ebbd9f99adac.jpg?x-cc=20&x-cu=28909&x-ct=1784098800&x-cs=99a14c624bd8947e27705549ab17f664""","https://b2bfiles1.gigab2b.cn/image/wkseller/7404/5cab0da06528e96bf4f7b6dd11514e3b.jpg?x-cc=20&x-cu=28909&x-ct=1784098800&x-cs=3189ef190c46e76f0ef53dad6ca85903""","https://b2bfiles1.gigab2b.cn/image/wkseller/7404/43b9df0c5359306d4b2b26a7eaee340b.jpg?x-cc=20&x-cu=28909&x-ct=1784098800&x-cs=f9badbee34cba84281d448e1c92f7941""","https://b2bfiles1.gigab2b.cn/image/wkseller/7404/638077ddbb63e61d7f6a98d222bad2c9.jpg?x-cc=20&x-cu=28909&x-ct=1784098800&x-cs=a7f9f808008508585e7e5a207d2976e8""","https://b2bfiles1.gigab2b.cn/image/wkseller/7404/620b311edc915ed4b5b6d76af07e039e.jpg?x-cc=20&x-cu=28909&x-ct=1784098800&x-cs=d53ed1f67ec82eb9bc6c47eff57d5c31""","https://b2bfiles1.gigab2b.cn/image/wkseller/7404/7f5bd2c34ac3fd4561a3acfcaac01621.jpg?x-cc=20&x-cu=28909&x-ct=1784098800&x-cs=698e7cb073a4b6ee3ecccdb9b7a868e5""","https://b2bfiles1.gigab2b.cn/image/wkseller/7404/78fdf3e9e68c1132488253c9a86ee1e7.jpg?x-cc=20&x-cu=28909&x-ct=1784098800&x-cs=09160186fe5d843f9c08767dee0e4f0b""","https://b2bfiles1.gigab2b.cn/image/wkseller/7404/61e639fbc24936b0f4dea49de66d45ac.jpg?x-cc=20&x-cu=28909&x-ct=1784098800&x-cs=fcd98035ffdc44a4fae75436f500e9c1""","https://b2bfiles1.gigab2b.cn/image/wkseller/7404/5197487da60a23ea3ce2afa080ad5359.jpg?x-cc=20&x-cu=28909&x-ct=1784098800&x-cs=abe17d13bad6b86bbf068b07565b72b9""","https://b2bfiles1.gigab2b.cn/image/wkseller/7404/9334b277e818971155b031de5753c81c.jpg?x-cc=20&x-cu=28909&x-ct=1784098800&x-cs=0dbf7221222e8106c8757dfc7e7c4405""","https://b2bfiles1.gigab2b.cn/image/wkseller/7404/f5ad9b8e4cac16ad48d31c2bd9a88998.jpg?x-cc=20&x-cu=28909&x-ct=1784098800&x-cs=5de590301e43f166b957d2ba0cac1c31""","https://b2bfiles1.gigab2b.cn/image/wkseller/7404/2f8c74808274d7dbcc07c4d8c20c4722.jpg?x-cc=20&x-cu=28909&x-ct=1784098800&x-cs=87e663ae55947997fbbbf14c90035183""","https://b2bfiles1.gigab2b.cn/image/wkseller/7404/948bde74640446f637d3aa9f89132ec8.jpg?x-cc=20&x-cu=28909&x-ct=1784098800&x-cs=baf92ac6e624733a5ae1baa6053f2f7e""",https://pub-606bcd6c031442e4959f73b5435fefd1.r2.dev/shipping-guide.png,『数量限定セール』 ワインキャビネット ガラスケース ガラスキャビネット 7色LED付き 人感センサ－ 音楽連動 収納キャビネット 6段収納 UV 隠し収納 ガラスディスプレイケース 7色LED照明 リビング/寝室/オフィス/店舗用 貴重品収納・物の展示に最適,"ホムブリスショップへようこそ
♪すべての商品は未開封の新品です
♪フォロー割あり
♪まとめ買い割あり：2点で2%OFF、3点で3%OFF、最大5%（一部商品適用外）
♪発送と送料：在庫品は1～2営業日以内に発送、再入荷商品は入荷後1～2営業日以内に発送いたします。北海道は基本的に追加送料不要です。沖縄への送料は別途お見積りが必須です。

【商品説明】

重量(kg): 38
長さ(cm): 115
幅(cm): 44
高さ(cm): 17
組立時重量: 35.00
組立時長さ: 40.00
組立時幅: 36.50
組立時高さ: 166.00
主要素材: MDF
主要カラー: White",ホワイト,0,N506P498991B,,,,,,,,,,,,,,,,,,,,,,,,,,,,,,,,,,,,,,,17057,nrCpawxs5bctcfDGwjS7Qf,1,1,jp13,1,1,1,,,,,,,
"https://b2bfiles1.gigab2b.cn/image/wkseller/7404/d574ccb1c41a2ed19ce65e6fea298cdc.png?x-cc=20&x-cu=28909&x-ct=1784098800&x-cs=773b99a76a6d9e832439d1e70837157f""","https://b2bfiles1.gigab2b.cn/image/wkseller/7404/5dc3f759eac66768b4e3d19ce5b1b8f5.png?x-cc=20&x-cu=28909&x-ct=1784098800&x-cs=abbf20d9f46c5022a88dceb17d448b4d""","https://b2bfiles1.gigab2b.cn/image/wkseller/7404/7b8c13431c3e9afa1e923421fd4781f0.png?x-cc=20&x-cu=28909&x-ct=1784098800&x-cs=d6b500d2d070672fc06b0f8d3ad30a8f""","https://b2bfiles1.gigab2b.cn/image/wkseller/7404/78d08e67d2084e9217ef54cbba3e9a51.jpg?x-cc=20&x-cu=28909&x-ct=1784098800&x-cs=f91c149c64ec43784d31c7ece05bf7f7""","https://b2bfiles1.gigab2b.cn/image/wkseller/7404/8479b4ebf8c9f4cfe319c3cdda7eed50.jpg?x-cc=20&x-cu=28909&x-ct=1784098800&x-cs=2e35f25acda9412fcff2c1eb0d9ab211""","https://b2bfiles1.gigab2b.cn/image/wkseller/7404/dd44a146e0ab9ae4a351ba761b3de3dd.jpg?x-cc=20&x-cu=28909&x-ct=1784098800&x-cs=cc1feeaeec681230fd8d6ca0d89d68f3""","https://b2bfiles1.gigab2b.cn/image/wkseller/7404/2df518dd90722b324984f537a4dfd083.jpg?x-cc=20&x-cu=28909&x-ct=1784098800&x-cs=9ea6cf0ead61d10285c6ce55d212585b""","https://b2bfiles1.gigab2b.cn/image/wkseller/7404/97ee404009b557e83ed0b24e6695c623.jpg?x-cc=20&x-cu=28909&x-ct=1784098800&x-cs=812dbefecf6845b88799b473f23dabc6""","https://b2bfiles1.gigab2b.cn/image/wkseller/7404/2806e03eb8579335a3d8481dab55d038.jpg?x-cc=20&x-cu=28909&x-ct=1784098800&x-cs=4662088efc609e982f3fc1de177dbf02""","https://b2bfiles1.gigab2b.cn/image/wkseller/7404/93e4a099f470f216241141b4f68e8cf0.jpg?x-cc=20&x-cu=28909&x-ct=1784098800&x-cs=923dbe0a36bf959279c8c275859d9609""","https://b2bfiles1.gigab2b.cn/image/wkseller/7404/57714827ccc0f162ef53e74ba7c9ce23.jpg?x-cc=20&x-cu=28909&x-ct=1784098800&x-cs=8c6e05bfde00ff09f33f8409d5aba927""","https://b2bfiles1.gigab2b.cn/image/wkseller/7404/e289544f5c75ab5ea69aab3315d1409b.png?x-cc=20&x-cu=28909&x-ct=1784098800&x-cs=06678de28105aba5cb63c5359df0c119""","https://b2bfiles1.gigab2b.cn/image/wkseller/7404/d4b8595a7f61e6ac230b4bc9e85e6c2e.jpg?x-cc=20&x-cu=28909&x-ct=1784098800&x-cs=b4e3877307df0d586c9a8560bf82aae2""]",https://pub-606bcd6c031442e4959f73b5435fefd1.r2.dev/shipping-guide.png,,,,,,,リクライニングソファー ソファー 1人掛け コンパクト ゲーミングチェア 105°と120°２角度調整可能 コンパクト ゲーミングチェア 袋付き 疲れにくい オットマン一体型 パーソナルチェアー 耐圧分散 リクライニングチェア 一人暮らし ソファ おしゃれ 弾,"ホムブリスショップへようこそ
♪すべての商品は未開封の新品です
♪フォロー割あり
♪まとめ買い割あり：2点で2%OFF、3点で3%OFF、最大5%（一部商品適用外）
♪発送と送料：在庫品は1～2営業日以内に発送、再入荷商品は入荷後1～2営業日以内に発送いたします。北海道は基本的に追加送料不要です。沖縄への送料は別途お見積りが必須です。

【商品説明】

重量(kg): 21
長さ(cm): 75
幅(cm): 65
高さ(cm): 56
組立時重量: 20.00
組立時長さ: 76.00
組立時幅: 86.00
組立時高さ: 93.00
主要素材: Fabric
主要カラー: LIGHT GREY",ライトグレー,40,N506P500580B,,,,,,,,,,,,,,,,,,,,,,,,,,,,,,,,,,,,,,,19730,g2DkpR8dDgT9oy3oVwrmKD,1,1,jp13,1,1,1,,,,,,,
"https://b2bfiles1.gigab2b.cn/image/wkseller/7404/a545ffc57f34c6b5590088085a5cde16.png?x-cc=20&x-cu=28909&x-ct=1784098800&x-cs=c3727e0cf8ffdd8c9826eb89200c2a68""","https://b2bfiles1.gigab2b.cn/image/wkseller/7404/e390a870a110fbfb326f6da7f35151aa.png?x-cc=20&x-cu=28909&x-ct=1784098800&x-cs=2f6cd3287ea7210039602e4de5e05c63""","https://b2bfiles1.gigab2b.cn/image/wkseller/7404/62ebddf1c0a2c81cbeeb8b67f2da791a.png?x-cc=20&x-cu=28909&x-ct=1784098800&x-cs=50162f4de4fb537a30d4cc4f05e3931c""","https://b2bfiles1.gigab2b.cn/image/wkseller/7404/78d08e67d2084e9217ef54cbba3e9a51.jpg?x-cc=20&x-cu=28909&x-ct=1784098800&x-cs=f91c149c64ec43784d31c7ece05bf7f7""","https://b2bfiles1.gigab2b.cn/image/wkseller/7404/8479b4ebf8c9f4cfe319c3cdda7eed50.jpg?x-cc=20&x-cu=28909&x-ct=1784098800&x-cs=2e35f25acda9412fcff2c1eb0d9ab211""","https://b2bfiles1.gigab2b.cn/image/wkseller/7404/dd44a146e0ab9ae4a351ba761b3de3dd.jpg?x-cc=20&x-cu=28909&x-ct=1784098800&x-cs=cc1feeaeec681230fd8d6ca0d89d68f3""","https://b2bfiles1.gigab2b.cn/image/wkseller/7404/2df518dd90722b324984f537a4dfd083.jpg?x-cc=20&x-cu=28909&x-ct=1784098800&x-cs=9ea6cf0ead61d10285c6ce55d212585b""","https://b2bfiles1.gigab2b.cn/image/wkseller/7404/97ee404009b557e83ed0b24e6695c623.jpg?x-cc=20&x-cu=28909&x-ct=1784098800&x-cs=812dbefecf6845b88799b473f23dabc6""","https://b2bfiles1.gigab2b.cn/image/wkseller/7404/2806e03eb8579335a3d8481dab55d038.jpg?x-cc=20&x-cu=28909&x-ct=1784098800&x-cs=4662088efc609e982f3fc1de177dbf02""","https://b2bfiles1.gigab2b.cn/image/wkseller/7404/93e4a099f470f216241141b4f68e8cf0.jpg?x-cc=20&x-cu=28909&x-ct=1784098800&x-cs=923dbe0a36bf959279c8c275859d9609""","https://b2bfiles1.gigab2b.cn/image/wkseller/7404/57714827ccc0f162ef53e74ba7c9ce23.jpg?x-cc=20&x-cu=28909&x-ct=1784098800&x-cs=8c6e05bfde00ff09f33f8409d5aba927""","https://b2bfiles1.gigab2b.cn/image/wkseller/7404/246d360903d712d01554608b1ddef035.png?x-cc=20&x-cu=28909&x-ct=1784098800&x-cs=37166c9da7dfa4565ccf796850f602ab""","https://b2bfiles1.gigab2b.cn/image/wkseller/7404/d4b8595a7f61e6ac230b4bc9e85e6c2e.jpg?x-cc=20&x-cu=28909&x-ct=1784098800&x-cs=b4e3877307df0d586c9a8560bf82aae2""]",https://pub-606bcd6c031442e4959f73b5435fefd1.r2.dev/shipping-guide.png,,,,,,,リクライニングソファー ソファー 1人掛け コンパクト ゲーミングチェア 105°と120°２角度調整可能 コンパクト ゲーミングチェア 袋付き 疲れにくい オットマン一体型 パーソナルチェアー 耐圧分散 リクライニングチェア 一人暮らし ソファ おしゃれ 弾,"ホムブリスショップへようこそ
♪すべての商品は未開封の新品です
♪フォロー割あり
♪まとめ買い割あり：2点で2%OFF、3点で3%OFF、最大5%（一部商品適用外）
♪発送と送料：在庫品は1～2営業日以内に発送、再入荷商品は入荷後1～2営業日以内に発送いたします。北海道は基本的に追加送料不要です。沖縄への送料は別途お見積りが必須です。

【商品説明】

重量(kg): 21
長さ(cm): 75
幅(cm): 65
高さ(cm): 56
組立時重量: 20.00
組立時長さ: 76.00
組立時幅: 86.00
組立時高さ: 93.00
主要素材: Fabric
主要カラー: Light Brown",ライトブラウン,0,N506P500580D,,,,,,,,,,,,,,,,,,,,,,,,,,,,,,,,,,,,,,,19730,g2DkpR8dDgT9oy3oVwrmKD,1,1,jp13,1,1,1,,,,,,,
"https://b2bfiles1.gigab2b.cn/image/wkseller/7404/f82691eee5d8875fa172c1aaf2d6aa4d.png?x-cc=20&x-cu=28909&x-ct=1784098800&x-cs=adbe07ba53be4bbb36f9c476f8ee611a""","https://b2bfiles1.gigab2b.cn/image/wkseller/7404/14eaa8cbe362175df9a072e969cfdeb0.png?x-cc=20&x-cu=28909&x-ct=1784098800&x-cs=dc3e44c0f0e95e3630e46a41c4071721""","https://b2bfiles1.gigab2b.cn/image/wkseller/7404/1c2eea180f8fdf9d3525afb336376c58.png?x-cc=20&x-cu=28909&x-ct=1784098800&x-cs=5c7fd1097b0ce9aa1f2bdddae5ad2bc5""","https://b2bfiles1.gigab2b.cn/image/wkseller/7404/09d10f33a4886fc0578521919056ba9b.png?x-cc=20&x-cu=28909&x-ct=1784098800&x-cs=ef7dbe355ad359d4399fb1b4018152af""","https://b2bfiles1.gigab2b.cn/image/wkseller/7404/b2389878be90a2371c16485625c00338.png?x-cc=20&x-cu=28909&x-ct=1784098800&x-cs=830a4fda45c54b0d8806c5eec07c049b""","https://b2bfiles1.gigab2b.cn/image/wkseller/7404/13f108a6608aab81d0ad25ffd89f3cac.png?x-cc=20&x-cu=28909&x-ct=1784098800&x-cs=9231452f79d13931f7cff39083ad1421""","https://b2bfiles1.gigab2b.cn/image/wkseller/7404/62dc762c2c711f3457dee9d05fa520cb.png?x-cc=20&x-cu=28909&x-ct=1784098800&x-cs=47eb9f40eaaf0697f1534269719e26ee""","https://b2bfiles1.gigab2b.cn/image/wkseller/7404/feaabc4af8b06a694a0d57bb229bb2d1.png?x-cc=20&x-cu=28909&x-ct=1784098800&x-cs=2a3744d7cdc2f3fc090075f91f1e9e06""","https://b2bfiles1.gigab2b.cn/image/wkseller/7404/268e93027ea5f418f42ebc20816fb60a.png?x-cc=20&x-cu=28909&x-ct=1784098800&x-cs=e2572ab0d5098782faa1e00b749b046d""","https://b2bfiles1.gigab2b.cn/image/wkseller/7404/66f42b90a3e423427c4bbb0680b964ee.png?x-cc=20&x-cu=28909&x-ct=1784098800&x-cs=23e7dd4f73efab3279feec47f62286a2""","https://b2bfiles1.gigab2b.cn/image/wkseller/7404/ce42b831cd1079b6fd31630768333500.png?x-cc=20&x-cu=28909&x-ct=1784098800&x-cs=c07eb7db1121f80e28f8a1ce66b7a372""","https://b2bfiles1.gigab2b.cn/image/wkseller/7404/c86d858b253b13f3de2b1561a9e29998.png?x-cc=20&x-cu=28909&x-ct=1784098800&x-cs=3bf12f7ef57acc37d92c0b692b7ac698""]",https://pub-606bcd6c031442e4959f73b5435fefd1.r2.dev/shipping-guide.png,,,,,,,,『数量限定セール』 ソファベッド ソファ ベッド  組立て簡単  事務室用 サロン用 来客対応  2人  リクライニングソファ 背もたれ6段階  省スペース 一人暮らし お手入れ簡単  コンパクト 幅182㎝ ふわふわ　枕付き 2WAY使用 取り外し可能な脚,"ホムブリスショップへようこそ
♪すべての商品は未開封の新品です
♪フォロー割あり
♪まとめ買い割あり：2点で2%OFF、3点で3%OFF、最大5%（一部商品適用外）
♪発送と送料：在庫品は1～2営業日以内に発送、再入荷商品は入荷後1～2営業日以内に発送いたします。北海道は基本的に追加送料不要です。沖縄への送料は別途お見積りが必須です。

【商品説明】

重量(kg): 28
長さ(cm): 91.95
幅(cm): 62.15
高さ(cm): 25
組立時重量: 27.00
組立時長さ: 182.00
組立時幅: 72.00
組立時高さ: 76.00
主要素材: Fabric
主要カラー: DARK GREY",ダークグレー,131,N506P503228D,,,,,,,,,,,,,,,,,,,,,,,,,,,,,,,,,,,,,,,16557,fv7NAWJqfaqqh7GsP7q2dN,1,1,jp13,1,1,1,,,,,,,
"https://b2bfiles1.gigab2b.cn/image/wkseller/304/b827add0d87e831d750bd80791ebdbce.jpg?x-cc=20&x-cu=28909&x-ct=1784098800&x-cs=6160308ec71e9b19f916bcfcd7ac3512""","https://b2bfiles1.gigab2b.cn/image/wkseller/304/413073325f490b9fcb54416b8a3cb078.jpg?x-cc=20&x-cu=28909&x-ct=1784098800&x-cs=488fa582a30064f5fa21a5720088dec2""","https://b2bfiles1.gigab2b.cn/image/wkseller/304/600d3283f5c57027c9e79f1392e6dd84.jpg?x-cc=20&x-cu=28909&x-ct=1784098800&x-cs=f360aef4105db98148ad313d2ca5dd40""","https://b2bfiles1.gigab2b.cn/image/wkseller/304/81ec652bcd54129a097a3235966cdc96.jpg?x-cc=20&x-cu=28909&x-ct=1784098800&x-cs=47224409ae23e7b4245392ca418dbdb9""","https://b2bfiles1.gigab2b.cn/image/wkseller/304/9ae51b568a11034f7b2e41042c6279fd.jpg?x-cc=20&x-cu=28909&x-ct=1784098800&x-cs=9c153051873e9e58a88f7d28d7eb0d4d""","https://b2bfiles1.gigab2b.cn/image/wkseller/304/b1931c5104e14badf7ef62fc7ea1790d.jpg?x-cc=20&x-cu=28909&x-ct=1784098800&x-cs=4a21a20fefa8fba0c90aaa9040405d88""","https://b2bfiles1.gigab2b.cn/image/wkseller/304/81a9465413ea06aabe4d360307842830.jpg?x-cc=20&x-cu=28909&x-ct=1784098800&x-cs=3cc9f8af9e8e8719cd932c4812c04a49""","https://b2bfiles1.gigab2b.cn/image/wkseller/304/2f81083ab3994a974a64a2d6516f1ca4.jpg?x-cc=20&x-cu=28909&x-ct=1784098800&x-cs=901524e00c42ba51b4f6213d6a2e03dd""","https://b2bfiles1.gigab2b.cn/image/wkseller/304/5c5c4f0581844dd8079318d5bb3d429e.jpg?x-cc=20&x-cu=28909&x-ct=1784098800&x-cs=d83f69f8eb253b9e7fe5e874d60b4cb7""","https://b2bfiles1.gigab2b.cn/image/wkseller/304/cad42bcd5d7136da4f43d5c3bc5d15f9.jpg?x-cc=20&x-cu=28909&x-ct=1784098800&x-cs=069cb3bd5f80db950449869b5c4588a8""","https://b2bfiles1.gigab2b.cn/image/wkseller/304/a02477d1d0a949dc66091eba11f427b1.jpg?x-cc=20&x-cu=28909&x-ct=1784098800&x-cs=e4289d0e2926a1c6b74ae2cc35ddfe5f""","https://b2bfiles1.gigab2b.cn/image/wkseller/304/8f2bb02e83762c4964cec810fdcfac12.jpg?x-cc=20&x-cu=28909&x-ct=1784098800&x-cs=ed08cbb153ebe84eeadb890e5c4f88b6""","https://b2bfiles1.gigab2b.cn/image/wkseller/304/f5b89223c99dda4d576c2cb6b5d6e3c1.jpg?x-cc=20&x-cu=28909&x-ct=1784098800&x-cs=849e71672ac4bbd238136c3ce4aa75e2""","https://b2bfiles1.gigab2b.cn/image/wkseller/304/6a8b2b2d0bd662b71f79169edf67d4c6.jpg?x-cc=20&x-cu=28909&x-ct=1784098800&x-cs=5de7e420c2e2bbe1bfb4c5fc0dc52e6e""]",https://pub-606bcd6c031442e4959f73b5435fefd1.r2.dev/shipping-guide.png,,,,,,『数量限定セール』 【囲い付きで便利】屋外 流し台 ステンレス W83×D43.5×H109.5cm ガーデンシンク 作業台 キッチン 台所 屋外 簡易 シンク 組み立て簡単 収納棚付 庭 高さ調節 調理台 ガーデニング 庭 DIY 頑丈 新作【ホワイト】,"ホムブリスショップへようこそ
♪すべての商品は未開封の新品です
♪フォロー割あり
♪まとめ買い割あり：2点で2%OFF、3点で3%OFF、最大5%（一部商品適用外）
♪発送と送料：在庫品は1～2営業日以内に発送、再入荷商品は入荷後1～2営業日以内に発送いたします。北海道は基本的に追加送料不要です。沖縄への送料は別途お見積りが必須です。

【商品説明】

重量(kg): 17.7
長さ(cm): 88
幅(cm): 50
高さ(cm): 30
組立時重量: Not Applicable
組立時長さ: Not Applicable
組立時幅: Not Applicable
組立時高さ: Not Applicable
主要素材: Stainless Steel
主要カラー: White",ホワイト,0,N508P304770W,,,,,,,,,,,,,,,,,,,,,,,,,,,,,,,,,,,,,,,16205,mUMNfozwBvStC3zfoTDZKb,1,1,jp13,1,1,1,,,,,,,
"https://b2bfiles1.gigab2b.cn/image/wkseller/304/49ed4b1a0a2637fc67a2800311a0ab77.jpg?x-cc=20&x-cu=28909&x-ct=1784098800&x-cs=57c6d2a57e882b17f2c5dc403c810901""","https://b2bfiles1.gigab2b.cn/image/wkseller/304/ee382880282b52c02e5782d82261f18d.jpg?x-cc=20&x-cu=28909&x-ct=1784098800&x-cs=b056bb6b45f77a480137ad46371e0da7""","https://b2bfiles1.gigab2b.cn/image/wkseller/304/f3822a9ff080e85b0b824aa19d847605.jpg?x-cc=20&x-cu=28909&x-ct=1784098800&x-cs=696bdc0e45c73c46d5dc463344ab8616""","https://b2bfiles1.gigab2b.cn/image/wkseller/304/433a097737d6c343f32c675724704773.jpg?x-cc=20&x-cu=28909&x-ct=1784098800&x-cs=89c4edaaa5de73d63ff223340bd88a6d""","https://b2bfiles1.gigab2b.cn/image/wkseller/304/b9e122c40313de5867d0f7286d285dd8.jpg?x-cc=20&x-cu=28909&x-ct=1784098800&x-cs=45522e8613b43d1a18e81e36d7dfd813""","https://b2bfiles1.gigab2b.cn/image/wkseller/304/6fd97cf025756961e555658dc3351366.jpg?x-cc=20&x-cu=28909&x-ct=1784098800&x-cs=d2c46913d567a134ae745fd474626ff3""","https://b2bfiles1.gigab2b.cn/image/wkseller/304/6d2119ec3cf6f76c0f47528e18ccc86e.jpg?x-cc=20&x-cu=28909&x-ct=1784098800&x-cs=257bcbe4b615bc1801c978b50acfebbd""","https://b2bfiles1.gigab2b.cn/image/wkseller/304/d4ab1e3eba9f41767c8e06ba83fdb21a.jpg?x-cc=20&x-cu=28909&x-ct=1784098800&x-cs=7e144f2fcd9749b023e3ccc4fdb69ffe""","https://b2bfiles1.gigab2b.cn/image/wkseller/304/935fc9674e51de897afd676d59f75bf8.jpg?x-cc=20&x-cu=28909&x-ct=1784098800&x-cs=55b0219f2f34b2b73fbf63ac842c5016""","https://b2bfiles1.gigab2b.cn/image/wkseller/304/a2adf6d9f4a1a053ab36fe9e55d6b309.jpg?x-cc=20&x-cu=28909&x-ct=1784098800&x-cs=2215c6ed5986a5825e91ca753a20ee08""","https://b2bfiles1.gigab2b.cn/image/wkseller/304/28aed1491449c28798e357f2882b434d.jpg?x-cc=20&x-cu=28909&x-ct=1784098800&x-cs=086b4aaf6ee67396d88803fcd4253fba""","https://b2bfiles1.gigab2b.cn/image/wkseller/304/3e402e7458944875dd18d063e24a3e0d.jpg?x-cc=20&x-cu=28909&x-ct=1784098800&x-cs=f25c21bbbf3e28ab8deaa0286c51a14f""","https://b2bfiles1.gigab2b.cn/image/wkseller/304/6dade2ecf681065a723a355650d5183e.jpg?x-cc=20&x-cu=28909&x-ct=1784098800&x-cs=b886108205c369e1a6725f2e5c1c1ea7""","https://b2bfiles1.gigab2b.cn/image/wkseller/304/1e716d457f13e934c354389f73fcf78d.jpg?x-cc=20&x-cu=28909&x-ct=1784098800&x-cs=36165f454e390aaf5fae692e2da0373f""","https://b2bfiles1.gigab2b.cn/image/wkseller/304/8f7ebb6b0b0a06128d13b5b05b0fef9d.jpg?x-cc=20&x-cu=28909&x-ct=1784098800&x-cs=b7cc10140b3d638b141a6a9ddb239cc6""","https://b2bfiles1.gigab2b.cn/image/wkseller/304/f30615b5419a71e3e43834566c7833ed.jpg?x-cc=20&x-cu=28909&x-ct=1784098800&x-cs=fd9877b1ab20ec304d93105454868575""","https://b2bfiles1.gigab2b.cn/image/wkseller/304/8d628a7f00cd242c72504bd77752c056.jpg?x-cc=20&x-cu=28909&x-ct=1784098800&x-cs=88ef3dcec17d0175d719f487f6f081db""","https://b2bfiles1.gigab2b.cn/image/wkseller/304/0a8382218088df41963c6c12454c0f6a.jpg?x-cc=20&x-cu=28909&x-ct=1784098800&x-cs=ee55fd60438c3189a40467738aaf8287""","https://b2bfiles1.gigab2b.cn/image/wkseller/304/ae59e514b76a46ad961fc3a36879a11a.jpg?x-cc=20&x-cu=28909&x-ct=1784098800&x-cs=ad2bc8de0780c20200cd0e2012d7142b""",https://pub-606bcd6c031442e4959f73b5435fefd1.r2.dev/shipping-guide.png,冷蔵 ショーケース 冷蔵ショーケース 200L リーチイン 冷蔵 業務用冷蔵庫 保冷庫 飲食店 縦型 バー オフィス 事務所 店舗 おしゃれ ノンフロン 結露対策  大容量 新生活,"ホムブリスショップへようこそ
♪すべての商品は未開封の新品です
♪フォロー割あり
♪まとめ買い割あり：2点で2%OFF、3点で3%OFF、最大5%（一部商品適用外）
♪発送と送料：在庫品は1～2営業日以内に発送、再入荷商品は入荷後1～2営業日以内に発送いたします。北海道は基本的に追加送料不要です。沖縄への送料は別途お見積りが必須です。

【商品説明】

重量(kg): 53
長さ(cm): 149.6
幅(cm): 57.9
高さ(cm): 56.9
組立時重量: Not Applicable
組立時長さ: Not Applicable
組立時幅: Not Applicable
組立時高さ: Not Applicable
主要素材: ABS
主要カラー: Black",ブラック,0,N508P489378A,,,,,,,,,,,,,,,,,,,,,,,,,,,,,,,,,,,,,,,78963,vQuSuG5WNXXFHKEZ5n3oMH,1,1,jp13,1,1,1,,,,,,,
"https://b2bfiles1.gigab2b.cn/image/wkseller/304/e2045c8e47f3fface56913b7fbd64c73.jpg?x-cc=20&x-cu=28909&x-ct=1784098800&x-cs=01e827487f1486f2c91000b833cbd0f1""","https://b2bfiles1.gigab2b.cn/image/wkseller/304/1713d731a6ec969842386df0c0c847a0.jpg?x-cc=20&x-cu=28909&x-ct=1784098800&x-cs=f095794bb650377281014375157f9f7e""","https://b2bfiles1.gigab2b.cn/image/wkseller/304/5d8735cf651de064c015142fbf4aa7b3.jpg?x-cc=20&x-cu=28909&x-ct=1784098800&x-cs=10fe1b5f6e7be02bafa4328603c1869c""","https://b2bfiles1.gigab2b.cn/image/wkseller/304/8d503679792101bd6c8008e5b371975d.jpg?x-cc=20&x-cu=28909&x-ct=1784098800&x-cs=69b9e399890b1b89f7dca17bb85cd81e""","https://b2bfiles1.gigab2b.cn/image/wkseller/304/91ab5506caf501cf74d8bda2199709b6.jpg?x-cc=20&x-cu=28909&x-ct=1784098800&x-cs=51f01bed7da44763447d35158b46db79""","https://b2bfiles1.gigab2b.cn/image/wkseller/304/df868846dcfd6c79ccf4a30abcb96775.jpg?x-cc=20&x-cu=28909&x-ct=1784098800&x-cs=755c43fcaccb1f5f65abc6cf44d27460""","https://b2bfiles1.gigab2b.cn/image/wkseller/304/1a2462980fad054367ed96cb89b7e3f5.jpg?x-cc=20&x-cu=28909&x-ct=1784098800&x-cs=141a4336ae30eb387c030039d28928a6""","https://b2bfiles1.gigab2b.cn/image/wkseller/304/22c35f023d49aea9f3049cb1e4913079.jpg?x-cc=20&x-cu=28909&x-ct=1784098800&x-cs=323526860b3f47c0728c4104d5bcc67e""","https://b2bfiles1.gigab2b.cn/image/wkseller/304/03d40890446eb7529a5578ce06f94de8.jpg?x-cc=20&x-cu=28909&x-ct=1784098800&x-cs=50b41830d1b2f54d1c1a1bcda6be9bf5""","https://b2bfiles1.gigab2b.cn/image/wkseller/304/b2e95cfade911276da4f3f0c31b423d3.jpg?x-cc=20&x-cu=28909&x-ct=1784098800&x-cs=074bcb24e7354a8819f32b442afbf1ad""","https://b2bfiles1.gigab2b.cn/image/wkseller/304/3535139d07de119754dc187dd6df7776.jpg?x-cc=20&x-cu=28909&x-ct=1784098800&x-cs=cb005facd87dfc67b58e9d04da065120""","https://b2bfiles1.gigab2b.cn/image/wkseller/304/37349b296d3a2a1ca886b22fba3b6cd4.jpg?x-cc=20&x-cu=28909&x-ct=1784098800&x-cs=b6b0ba9d4f79559100156a16be1f45d2""","https://b2bfiles1.gigab2b.cn/image/wkseller/304/986f473cf641f34dc304b7a672f17545.jpg?x-cc=20&x-cu=28909&x-ct=1784098800&x-cs=c7e0d17d4ea7d1cf13d3662e08c81091""","https://b2bfiles1.gigab2b.cn/image/wkseller/304/5a80f9d71a1e0396749cf8840a8e5d0f.jpg?x-cc=20&x-cu=28909&x-ct=1784098800&x-cs=803891bbf099f8caac7d373deccdb19d""","https://b2bfiles1.gigab2b.cn/image/wkseller/304/7b080bb0b30e0fddfe40edbce266b4b0.jpg?x-cc=20&x-cu=28909&x-ct=1784098800&x-cs=c73090dae2052ebeca06b2e083ca8b99""","https://b2bfiles1.gigab2b.cn/image/wkseller/304/522634d84f79095c4a5f8cd4bf6f7ceb.jpg?x-cc=20&x-cu=28909&x-ct=1784098800&x-cs=a1638e68d6f4cf642aa38a3b2f9e17d8""","https://b2bfiles1.gigab2b.cn/image/wkseller/304/de721eda3ae2eacd0d3483a7137b4e13.jpg?x-cc=20&x-cu=28909&x-ct=1784098800&x-cs=b51ebcbf96f85dc1583c5c3ebaf1b1af""","https://b2bfiles1.gigab2b.cn/image/wkseller/304/6211c008717bc5ebf72415474f3013a6.jpg?x-cc=20&x-cu=28909&x-ct=1784098800&x-cs=cadd0cd66ceb3cc479909f8836edb3e3""","https://b2bfiles1.gigab2b.cn/image/wkseller/304/f4116ade091597f19ad7671a7b108685.jpg?x-cc=20&x-cu=28909&x-ct=1784098800&x-cs=283f1899f315bd7f707d89ce0cebe266""",https://pub-606bcd6c031442e4959f73b5435fefd1.r2.dev/shipping-guide.png,『数量限定セール』 【スチーム予洗い】ドラム式洗濯機 家庭用 洗濯容量7kg 衣類 1人暮らし 1人用 2人用 3人用 4人用 ドラム式 洗濯 脱水 すずき チャイルドロック 予約洗濯機能 ステンレス槽 排水ホース 部屋干し 毛布 キレイ 洗濯器 家庭用 大容,"ホムブリスショップへようこそ
♪すべての商品は未開封の新品です
♪フォロー割あり
♪まとめ買い割あり：2点で2%OFF、3点で3%OFF、最大5%（一部商品適用外）
♪発送と送料：在庫品は1～2営業日以内に発送、再入荷商品は入荷後1～2営業日以内に発送いたします。北海道は基本的に追加送料不要です。沖縄への送料は別途お見積りが必須です。

【商品説明】

重量(kg): 51
長さ(cm): 86
幅(cm): 65
高さ(cm): 49
組立時重量: Not Applicable
組立時長さ: Not Applicable
組立時幅: Not Applicable
組立時高さ: Not Applicable
主要素材: ABS
主要カラー: White",ホワイト,0,N508P490778A,,,,,,,,,,,,,,,,,,,,,,,,,,,,,,,,,,,,,,,42783,Yqwn6Tc8stTxsR9iFZf3Tk,1,1,jp13,1,1,1,,,,,,,
"https://b2bfiles1.gigab2b.cn/image/wkseller/304/264c68b0333dd200a2cf4e9d987a95f6.jpg?x-cc=20&x-cu=28909&x-ct=1784098800&x-cs=127b527090690235fb9772052e5e7725""","https://b2bfiles1.gigab2b.cn/image/wkseller/304/d9009025e7775fa991987f0e08ed5b5c.jpg?x-cc=20&x-cu=28909&x-ct=1784098800&x-cs=958d9ec6d3907464be681a6d918e4b85""","https://b2bfiles1.gigab2b.cn/image/wkseller/304/a9938c7a44e0a654704aaabac7bc8d8f.jpg?x-cc=20&x-cu=28909&x-ct=1784098800&x-cs=ef734938b06772c25bd6184baf947bf5""","https://b2bfiles1.gigab2b.cn/image/wkseller/304/97bd26dd0448039b7afcc18a32429e40.jpg?x-cc=20&x-cu=28909&x-ct=1784098800&x-cs=526f48b8376afa317e9b2febe9a5aefb""","https://b2bfiles1.gigab2b.cn/image/wkseller/304/4a4396dc5493612b53e6bd9b98599a47.jpg?x-cc=20&x-cu=28909&x-ct=1784098800&x-cs=57ea726fb052d79294eb77d5742718f9""","https://b2bfiles1.gigab2b.cn/image/wkseller/304/ffeb467c6a304dde9ba27e0f40ff4a1e.jpg?x-cc=20&x-cu=28909&x-ct=1784098800&x-cs=0d535bd42f343dfa25f5efe44000b6d8""","https://b2bfiles1.gigab2b.cn/image/wkseller/304/02cb2436c5346e216ef0b658bca55cd8.jpg?x-cc=20&x-cu=28909&x-ct=1784098800&x-cs=2fd35cc2387acd6b25871a0df61eddae""","https://b2bfiles1.gigab2b.cn/image/wkseller/304/c70dd086700a3d47739b69efbd0700e1.jpg?x-cc=20&x-cu=28909&x-ct=1784098800&x-cs=330bc25c167e5bdccf54e409bdcb0306""","https://b2bfiles1.gigab2b.cn/image/wkseller/304/50d7a68874d33adf541416e74764dda0.jpg?x-cc=20&x-cu=28909&x-ct=1784098800&x-cs=0b20d2e9cd69c7c48fb3b721425dffb7""","https://b2bfiles1.gigab2b.cn/image/wkseller/304/791e33a3ed89068455255404cf0aa484.jpg?x-cc=20&x-cu=28909&x-ct=1784098800&x-cs=6d09d23d412f110cda18458755766199""","https://b2bfiles1.gigab2b.cn/image/wkseller/304/292edc810d34ec4587b6de4034b612f7.jpg?x-cc=20&x-cu=28909&x-ct=1784098800&x-cs=c105daf9450479c79a8e6cd8e64d5c2c""","https://b2bfiles1.gigab2b.cn/image/wkseller/304/206a7f87afffe405963c20165e65628b.jpg?x-cc=20&x-cu=28909&x-ct=1784098800&x-cs=6f9ffc45066857b2c6238fe145a39248""","https://b2bfiles1.gigab2b.cn/image/wkseller/304/3f21631b04972fc18208fef4ed4759c9.jpg?x-cc=20&x-cu=28909&x-ct=1784098800&x-cs=783e4160224bd5a4a834f8d39956c3f4""]",https://pub-606bcd6c031442e4959f73b5435fefd1.r2.dev/shipping-guide.png,,,,,,,『数量限定セール』 【UPF50+UVカット&防雨】テント 車庫テント ガレージテント 車庫 お祭り 倉庫 3.6×5.9×2.9m ガレージテント カーポート 軽自動車用 大型 車 駐車 スチール製 頑丈 仮設倉庫 タープテント【ベージュ】,"ホムブリスショップへようこそ
♪すべての商品は未開封の新品です
♪フォロー割あり
♪まとめ買い割あり：2点で2%OFF、3点で3%OFF、最大5%（一部商品適用外）
♪発送と送料：在庫品は1～2営業日以内に発送、再入荷商品は入荷後1～2営業日以内に発送いたします。北海道は基本的に追加送料不要です。沖縄への送料は別途お見積りが必須です。

【商品説明】

重量(kg): 32.3
長さ(cm): 115
幅(cm): 33
高さ(cm): 28
組立時重量: Not Applicable
組立時長さ: Not Applicable
組立時幅: Not Applicable
組立時高さ: Not Applicable
主要素材: Steel
主要カラー: Beige",ベージュ,0,N508P499937A,,,,,,,,,,,,,,,,,,,,,,,,,,,,,,,,,,,,,,,34557,DkjqZAKBXaZN8FB2Kb6zhX,1,1,jp13,1,1,1,,,,,,,
"https://b2bfiles1.gigab2b.cn/image/wkseller/304/2daf326b3b0c72482c663d3b68eea27c.jpg?x-cc=20&x-cu=28909&x-ct=1784098800&x-cs=40758d566a9d530600abf340d5ad4445""","https://b2bfiles1.gigab2b.cn/image/wkseller/304/612aa08109a4a87b3b6bcd3070163b6c.jpg?x-cc=20&x-cu=28909&x-ct=1784098800&x-cs=d306ae07b598394c9ef80371f469eda6""","https://b2bfiles1.gigab2b.cn/image/wkseller/304/86b40068952b1824e1274a27b88684a9.jpg?x-cc=20&x-cu=28909&x-ct=1784098800&x-cs=0b9604bfdf5645464647cbb64b841978""","https://b2bfiles1.gigab2b.cn/image/wkseller/304/f2474f09276c90ec1ceea6d49df43523.jpg?x-cc=20&x-cu=28909&x-ct=1784098800&x-cs=2af64216675832d08dc980888d6bf71b""","https://b2bfiles1.gigab2b.cn/image/wkseller/304/999feb3876be104b8bdd2a0496cd2545.jpg?x-cc=20&x-cu=28909&x-ct=1784098800&x-cs=12ebbf55b2568539b4f14f9df4902ef1""","https://b2bfiles1.gigab2b.cn/image/wkseller/304/39a77c2b54f35d93439feed799f3ba92.jpg?x-cc=20&x-cu=28909&x-ct=1784098800&x-cs=a8c8aee45b0ee42d3711b85e5b72178a""","https://b2bfiles1.gigab2b.cn/image/wkseller/304/5072cccc2b5fd7ccc96ecacb268aac8c.jpg?x-cc=20&x-cu=28909&x-ct=1784098800&x-cs=cbbcf5ba58cab5fe2d0527e0af1f5e30""","https://b2bfiles1.gigab2b.cn/image/wkseller/304/97c17098d78cc31344294f4bff37f0fb.jpg?x-cc=20&x-cu=28909&x-ct=1784098800&x-cs=519828db774b9dff6a3d32352180de3a""","https://b2bfiles1.gigab2b.cn/image/wkseller/304/4eb3989c489d70502bdf1042bf3b4615.jpg?x-cc=20&x-cu=28909&x-ct=1784098800&x-cs=bb112ac1119a434b8c2f627a22bf9899""","https://b2bfiles1.gigab2b.cn/image/wkseller/304/1ed73856bc49c0f4491e310d657be34c.jpg?x-cc=20&x-cu=28909&x-ct=1784098800&x-cs=1ea69d885704ac5ccb6f7e54184a1790""","https://b2bfiles1.gigab2b.cn/image/wkseller/304/ae55330c1853bb443c9107fcf447814c.jpg?x-cc=20&x-cu=28909&x-ct=1784098800&x-cs=d0415354b421b55a70d5ecb5e7202057""","https://b2bfiles1.gigab2b.cn/image/wkseller/304/c693f5e16cf9a5f8c01594cd5d4a6a30.jpg?x-cc=20&x-cu=28909&x-ct=1784098800&x-cs=0e1aea727ed18a8e02d6c8fbdd93b21b""","https://b2bfiles1.gigab2b.cn/image/wkseller/304/e0d6a470179af89e641d139ea96ba235.jpg?x-cc=20&x-cu=28909&x-ct=1784098800&x-cs=3607879b291982f9d6cf4796870dd5fd""","https://b2bfiles1.gigab2b.cn/image/wkseller/304/88bff4c3443681e14a9205ce05f88fde.jpg?x-cc=20&x-cu=28909&x-ct=1784098800&x-cs=aa0e7db198de9b6551e52f885cf18041""","https://b2bfiles1.gigab2b.cn/image/wkseller/304/298b542bf2393ef8ebdfbe4bd36af7e9.jpg?x-cc=20&x-cu=28909&x-ct=1784098800&x-cs=db0df09880ce223f0c554a78629a2476""","https://b2bfiles1.gigab2b.cn/image/wkseller/304/8e6d005baa4a957bd720ae2e8051092d.jpg?x-cc=20&x-cu=28909&x-ct=1784098800&x-cs=636646e6e23c13f15943a9d44b70665f""]",https://pub-606bcd6c031442e4959f73b5435fefd1.r2.dev/shipping-guide.png,,,,『数量限定セール』 置き型 スタンド かご付きポスト鍵付き 玄関前 収納 スタンドポスト ポスト 北欧 一戸建て用  スタンドポスト メールボックス A4対応 新聞受け 高級 おしゃれ【ブラック】,"ホムブリスショップへようこそ
♪すべての商品は未開封の新品です
♪フォロー割あり
♪まとめ買い割あり：2点で2%OFF、3点で3%OFF、最大5%（一部商品適用外）
♪発送と送料：在庫品は1～2営業日以内に発送、再入荷商品は入荷後1～2営業日以内に発送いたします。北海道は基本的に追加送料不要です。沖縄への送料は別途お見積りが必須です。

【商品説明】

重量(kg): 6.6
長さ(cm): 52.5
幅(cm): 41
高さ(cm): 29.5
組立時重量: Not Applicable
組立時長さ: Not Applicable
組立時幅: Not Applicable
組立時高さ: Not Applicable
主要素材: Steel
主要カラー: Black",ブラック,0,N508P503873D,,,,,,,,,,,,,,,,,,,,,,,,,,,,,,,,,,,,,,,12001,mUMNfozwBvStC3zfoTDZKb,1,1,jp13,1,1,1,,,,,,,
"https://b2bfiles1.gigab2b.cn/image/wkseller/304/77a06e5d6f31c936810d292bc1acc2a0.jpg?x-cc=20&x-cu=28909&x-ct=1784098800&x-cs=11242d3b5d570fd0a43ac3c5696eedd8""","https://b2bfiles1.gigab2b.cn/image/wkseller/304/951ae523faf521312a392e2f7fb95a89.jpg?x-cc=20&x-cu=28909&x-ct=1784098800&x-cs=0e41b6823d539058e0c5784bc7151be0""","https://b2bfiles1.gigab2b.cn/image/wkseller/304/f2474f09276c90ec1ceea6d49df43523.jpg?x-cc=20&x-cu=28909&x-ct=1784098800&x-cs=2af64216675832d08dc980888d6bf71b""","https://b2bfiles1.gigab2b.cn/image/wkseller/304/5df6e302731846105111699a4a307123.jpg?x-cc=20&x-cu=28909&x-ct=1784098800&x-cs=74c1e7074b766e8d42282b6957c1b456""","https://b2bfiles1.gigab2b.cn/image/wkseller/304/86b40068952b1824e1274a27b88684a9.jpg?x-cc=20&x-cu=28909&x-ct=1784098800&x-cs=0b9604bfdf5645464647cbb64b841978""","https://b2bfiles1.gigab2b.cn/image/wkseller/304/999feb3876be104b8bdd2a0496cd2545.jpg?x-cc=20&x-cu=28909&x-ct=1784098800&x-cs=12ebbf55b2568539b4f14f9df4902ef1""","https://b2bfiles1.gigab2b.cn/image/wkseller/304/39a77c2b54f35d93439feed799f3ba92.jpg?x-cc=20&x-cu=28909&x-ct=1784098800&x-cs=a8c8aee45b0ee42d3711b85e5b72178a""","https://b2bfiles1.gigab2b.cn/image/wkseller/304/5072cccc2b5fd7ccc96ecacb268aac8c.jpg?x-cc=20&x-cu=28909&x-ct=1784098800&x-cs=cbbcf5ba58cab5fe2d0527e0af1f5e30""","https://b2bfiles1.gigab2b.cn/image/wkseller/304/4eb3989c489d70502bdf1042bf3b4615.jpg?x-cc=20&x-cu=28909&x-ct=1784098800&x-cs=bb112ac1119a434b8c2f627a22bf9899""","https://b2bfiles1.gigab2b.cn/image/wkseller/304/1ed73856bc49c0f4491e310d657be34c.jpg?x-cc=20&x-cu=28909&x-ct=1784098800&x-cs=1ea69d885704ac5ccb6f7e54184a1790""","https://b2bfiles1.gigab2b.cn/image/wkseller/304/ae55330c1853bb443c9107fcf447814c.jpg?x-cc=20&x-cu=28909&x-ct=1784098800&x-cs=d0415354b421b55a70d5ecb5e7202057""","https://b2bfiles1.gigab2b.cn/image/wkseller/304/c693f5e16cf9a5f8c01594cd5d4a6a30.jpg?x-cc=20&x-cu=28909&x-ct=1784098800&x-cs=0e1aea727ed18a8e02d6c8fbdd93b21b""","https://b2bfiles1.gigab2b.cn/image/wkseller/304/e0d6a470179af89e641d139ea96ba235.jpg?x-cc=20&x-cu=28909&x-ct=1784098800&x-cs=3607879b291982f9d6cf4796870dd5fd""","https://b2bfiles1.gigab2b.cn/image/wkseller/304/88bff4c3443681e14a9205ce05f88fde.jpg?x-cc=20&x-cu=28909&x-ct=1784098800&x-cs=aa0e7db198de9b6551e52f885cf18041""","https://b2bfiles1.gigab2b.cn/image/wkseller/304/a1ada4e366646df9f1b8a841f14d9a79.jpg?x-cc=20&x-cu=28909&x-ct=1784098800&x-cs=f27b17cbf630585f97eced0715574bde""]",https://pub-606bcd6c031442e4959f73b5435fefd1.r2.dev/shipping-guide.png,,,,,『数量限定セール』 置き型 スタンド かご付きポスト鍵付き 玄関前 収納 スタンドポスト ポスト 北欧 一戸建て用  スタンドポスト メールボックス A4対応 新聞受け 高級 おしゃれ【ライトグレー	】,"ホムブリスショップへようこそ
♪すべての商品は未開封の新品です
♪フォロー割あり
♪まとめ買い割あり：2点で2%OFF、3点で3%OFF、最大5%（一部商品適用外）
♪発送と送料：在庫品は1～2営業日以内に発送、再入荷商品は入荷後1～2営業日以内に発送いたします。北海道は基本的に追加送料不要です。沖縄への送料は別途お見積りが必須です。

【商品説明】

重量(kg): 6.6
長さ(cm): 52.5
幅(cm): 41
高さ(cm): 29.5
組立時重量: Not Applicable
組立時長さ: Not Applicable
組立時幅: Not Applicable
組立時高さ: Not Applicable
主要素材: Steel
主要カラー: LIGHT GREY",ライトグレー,0,N508P503873E,,,,,,,,,,,,,,,,,,,,,,,,,,,,,,,,,,,,,,,12001,hykv7J5GncCnyYCpUjMAfK,1,1,jp13,1,1,1,,,,,,,
"https://b2bfiles1.gigab2b.cn/image/wkseller/304/316c7ddef64862695c30866cdd13d604.jpg?x-cc=20&x-cu=28909&x-ct=1784098800&x-cs=dc7651eb63b37c97f25c97fbd56fcefe""","https://b2bfiles1.gigab2b.cn/image/wkseller/304/55958b57382d5ac4adcc9b061033e124.jpg?x-cc=20&x-cu=28909&x-ct=1784098800&x-cs=92147e86e1449cf376476df58d36bda7""","https://b2bfiles1.gigab2b.cn/image/wkseller/304/86b40068952b1824e1274a27b88684a9.jpg?x-cc=20&x-cu=28909&x-ct=1784098800&x-cs=0b9604bfdf5645464647cbb64b841978""","https://b2bfiles1.gigab2b.cn/image/wkseller/304/9437b04b269d60da935cc78938d25059.jpg?x-cc=20&x-cu=28909&x-ct=1784098800&x-cs=10a01e1539d842a390a7d4719c02839c""","https://b2bfiles1.gigab2b.cn/image/wkseller/304/f2474f09276c90ec1ceea6d49df43523.jpg?x-cc=20&x-cu=28909&x-ct=1784098800&x-cs=2af64216675832d08dc980888d6bf71b""","https://b2bfiles1.gigab2b.cn/image/wkseller/304/999feb3876be104b8bdd2a0496cd2545.jpg?x-cc=20&x-cu=28909&x-ct=1784098800&x-cs=12ebbf55b2568539b4f14f9df4902ef1""","https://b2bfiles1.gigab2b.cn/image/wkseller/304/39a77c2b54f35d93439feed799f3ba92.jpg?x-cc=20&x-cu=28909&x-ct=1784098800&x-cs=a8c8aee45b0ee42d3711b85e5b72178a""","https://b2bfiles1.gigab2b.cn/image/wkseller/304/5072cccc2b5fd7ccc96ecacb268aac8c.jpg?x-cc=20&x-cu=28909&x-ct=1784098800&x-cs=cbbcf5ba58cab5fe2d0527e0af1f5e30""","https://b2bfiles1.gigab2b.cn/image/wkseller/304/4eb3989c489d70502bdf1042bf3b4615.jpg?x-cc=20&x-cu=28909&x-ct=1784098800&x-cs=bb112ac1119a434b8c2f627a22bf9899""","https://b2bfiles1.gigab2b.cn/image/wkseller/304/1ed73856bc49c0f4491e310d657be34c.jpg?x-cc=20&x-cu=28909&x-ct=1784098800&x-cs=1ea69d885704ac5ccb6f7e54184a1790""","https://b2bfiles1.gigab2b.cn/image/wkseller/304/ae55330c1853bb443c9107fcf447814c.jpg?x-cc=20&x-cu=28909&x-ct=1784098800&x-cs=d0415354b421b55a70d5ecb5e7202057""","https://b2bfiles1.gigab2b.cn/image/wkseller/304/c693f5e16cf9a5f8c01594cd5d4a6a30.jpg?x-cc=20&x-cu=28909&x-ct=1784098800&x-cs=0e1aea727ed18a8e02d6c8fbdd93b21b""","https://b2bfiles1.gigab2b.cn/image/wkseller/304/e0d6a470179af89e641d139ea96ba235.jpg?x-cc=20&x-cu=28909&x-ct=1784098800&x-cs=3607879b291982f9d6cf4796870dd5fd""","https://b2bfiles1.gigab2b.cn/image/wkseller/304/88bff4c3443681e14a9205ce05f88fde.jpg?x-cc=20&x-cu=28909&x-ct=1784098800&x-cs=aa0e7db198de9b6551e52f885cf18041""","https://b2bfiles1.gigab2b.cn/image/wkseller/304/af040cad1c18702e76151d7b1ef3726b.jpg?x-cc=20&x-cu=28909&x-ct=1784098800&x-cs=099026ab5495bbc9f7ce8695b439b196""]",https://pub-606bcd6c031442e4959f73b5435fefd1.r2.dev/shipping-guide.png,,,,,『数量限定セール』 置き型 スタンド かご付きポスト鍵付き 玄関前 収納 スタンドポスト ポスト 北欧 一戸建て用  スタンドポスト メールボックス A4対応 新聞受け 高級 おしゃれ【グリーン】,"ホムブリスショップへようこそ
♪すべての商品は未開封の新品です
♪フォロー割あり
♪まとめ買い割あり：2点で2%OFF、3点で3%OFF、最大5%（一部商品適用外）
♪発送と送料：在庫品は1～2営業日以内に発送、再入荷商品は入荷後1～2営業日以内に発送いたします。北海道は基本的に追加送料不要です。沖縄への送料は別途お見積りが必須です。

【商品説明】

重量(kg): 6.6
長さ(cm): 52.5
幅(cm): 41
高さ(cm): 29.5
組立時重量: Not Applicable
組立時長さ: Not Applicable
組立時幅: Not Applicable
組立時高さ: Not Applicable
主要素材: Steel
主要カラー: Green",グリーン,0,N508P503873G,,,,,,,,,,,,,,,,,,,,,,,,,,,,,,,,,,,,,,,12001,hykv7J5GncCnyYCpUjMAfK,1,1,jp13,1,1,1,,,,,,,
"https://b2bfiles1.gigab2b.cn/image/wkseller/304/97b58562dbbd1587bd6e0c400c37ea42.jpg?x-cc=20&x-cu=28909&x-ct=1784098800&x-cs=c0bcbb445a7205948bf1273da9e2c8a4""","https://b2bfiles1.gigab2b.cn/image/wkseller/304/7270f44f12e450ebb8ca0a4d06d8aa94.jpg?x-cc=20&x-cu=28909&x-ct=1784098800&x-cs=73ff74cd7690693760ca567835037ac4""","https://b2bfiles1.gigab2b.cn/image/wkseller/304/493f8b6b160ec5edf859d4bc2999d135.jpg?x-cc=20&x-cu=28909&x-ct=1784098800&x-cs=6b61cb886501cec4f347b643f23e9903""","https://b2bfiles1.gigab2b.cn/image/wkseller/304/541445071206f67f829605f3c16430b6.jpg?x-cc=20&x-cu=28909&x-ct=1784098800&x-cs=aad0be00a77154b2b5fdf56f9f742271""","https://b2bfiles1.gigab2b.cn/image/wkseller/304/588207f427ea7d20b052a2a2f32d9f8c.jpg?x-cc=20&x-cu=28909&x-ct=1784098800&x-cs=78f791e71d2a3d9968b3a8cfaede416f""","https://b2bfiles1.gigab2b.cn/image/wkseller/304/cb8cb71939e5acb70d935c2e8e3af0b6.jpg?x-cc=20&x-cu=28909&x-ct=1784098800&x-cs=3844261c968a4ca7e6f843ba290961a7""","https://b2bfiles1.gigab2b.cn/image/wkseller/304/d25979def43d5b0d29d922786cd36b83.jpg?x-cc=20&x-cu=28909&x-ct=1784098800&x-cs=92affe8e46dd7e19298c2d98127977a2""","https://b2bfiles1.gigab2b.cn/image/wkseller/304/0d1c4b2b5ab461650950b456cd65d8d7.jpg?x-cc=20&x-cu=28909&x-ct=1784098800&x-cs=74a549528b2e532fb64faa6a92e0dc1d""","https://b2bfiles1.gigab2b.cn/image/wkseller/304/40a305d45a32e4f5f16410db0cd984ad.jpg?x-cc=20&x-cu=28909&x-ct=1784098800&x-cs=f72bc9f6372caf289118b9796c7c2d9e""","https://b2bfiles1.gigab2b.cn/image/wkseller/304/4bdf8d8d74f0c9b018bbcb2a50bbe78f.jpg?x-cc=20&x-cu=28909&x-ct=1784098800&x-cs=b39200a97eae351928b201d197e93d6b""","https://b2bfiles1.gigab2b.cn/image/wkseller/304/961c776b8b8bd6260bec4b7864231a2f.jpg?x-cc=20&x-cu=28909&x-ct=1784098800&x-cs=b2271f007f70951f9ce3ffb84b7c4db7""","https://b2bfiles1.gigab2b.cn/image/wkseller/304/23070d2ddca368cb279b577961e36384.jpg?x-cc=20&x-cu=28909&x-ct=1784098800&x-cs=4fd341ce68d3bde2f48e5f59ff7b3e0b""","https://b2bfiles1.gigab2b.cn/image/wkseller/304/024655654ac65fd0684194d8c3e438c7.jpg?x-cc=20&x-cu=28909&x-ct=1784098800&x-cs=ed6617e13f918ca3f72e747d9a8ce076""","https://b2bfiles1.gigab2b.cn/image/wkseller/304/3763af5c74e81814445c0f7253e56594.jpg?x-cc=20&x-cu=28909&x-ct=1784098800&x-cs=aabaf708d59314e96f89c97b07e7efc2""","https://b2bfiles1.gigab2b.cn/image/wkseller/304/b4cb0a37a5fd51c7c6832764cefe82ee.jpg?x-cc=20&x-cu=28909&x-ct=1784098800&x-cs=5a693324eccda7a72e7bd0e1daa2a24a""","https://b2bfiles1.gigab2b.cn/image/wkseller/304/bf7c9a7da43ef76c99cfe399be99d717.jpg?x-cc=20&x-cu=28909&x-ct=1784098800&x-cs=e9dbb8b4e11d4ce8a9c43a244f87c6e4""","https://b2bfiles1.gigab2b.cn/image/wkseller/304/19637bd6cb283d36701aac97d31e2f47.jpg?x-cc=20&x-cu=28909&x-ct=1784098800&x-cs=2459b5374d1a04c680fa6d2cc441f019""","https://b2bfiles1.gigab2b.cn/image/wkseller/304/952c4edbaae1ac5a225def20a8f2d5e0.jpg?x-cc=20&x-cu=28909&x-ct=1784098800&x-cs=06f353b2cf10cbf2a9dca6d3a7fb5d7d""]",https://pub-606bcd6c031442e4959f73b5435fefd1.r2.dev/shipping-guide.png,,『数量限定セール』 置き型 スタンド かご付きポスト鍵付き 玄関前 収納 スタンドポスト ポスト 北欧 一戸建て用  スタンドポスト メールボックス A4対応 新聞受け 高級 おしゃれ【ダークグレー】,"ホムブリスショップへようこそ
♪すべての商品は未開封の新品です
♪フォロー割あり
♪まとめ買い割あり：2点で2%OFF、3点で3%OFF、最大5%（一部商品適用外）
♪発送と送料：在庫品は1～2営業日以内に発送、再入荷商品は入荷後1～2営業日以内に発送いたします。北海道は基本的に追加送料不要です。沖縄への送料は別途お見積りが必須です。

【商品説明】

重量(kg): 6.6
長さ(cm): 37.5
幅(cm): 28
高さ(cm): 27.5
組立時重量: Not Applicable
組立時長さ: Not Applicable
組立時幅: Not Applicable
組立時高さ: Not Applicable
主要素材: Steel
主要カラー: Dark Gray",ダークグレー,0,N508P503876B,,,,,,,,,,,,,,,,,,,,,,,,,,,,,,,,,,,,,,,12001,hykv7J5GncCnyYCpUjMAfK,1,1,jp13,1,1,1,,,,,,,
"https://b2bfiles1.gigab2b.cn/image/wkseller/304/8ffe51d09f877e2b4f27865e491619b3.jpg?x-cc=20&x-cu=28909&x-ct=1784098800&x-cs=5ebf4fd96d46bae65c78cd89327017a7""","https://b2bfiles1.gigab2b.cn/image/wkseller/304/493f8b6b160ec5edf859d4bc2999d135.jpg?x-cc=20&x-cu=28909&x-ct=1784098800&x-cs=6b61cb886501cec4f347b643f23e9903""","https://b2bfiles1.gigab2b.cn/image/wkseller/304/89074b81931bf74c2f8d7670b6fa0f9f.jpg?x-cc=20&x-cu=28909&x-ct=1784098800&x-cs=d5b0914d119298106eadd7a8fe45df7f""","https://b2bfiles1.gigab2b.cn/image/wkseller/304/588207f427ea7d20b052a2a2f32d9f8c.jpg?x-cc=20&x-cu=28909&x-ct=1784098800&x-cs=78f791e71d2a3d9968b3a8cfaede416f""","https://b2bfiles1.gigab2b.cn/image/wkseller/304/cb8cb71939e5acb70d935c2e8e3af0b6.jpg?x-cc=20&x-cu=28909&x-ct=1784098800&x-cs=3844261c968a4ca7e6f843ba290961a7""","https://b2bfiles1.gigab2b.cn/image/wkseller/304/d25979def43d5b0d29d922786cd36b83.jpg?x-cc=20&x-cu=28909&x-ct=1784098800&x-cs=92affe8e46dd7e19298c2d98127977a2""","https://b2bfiles1.gigab2b.cn/image/wkseller/304/0d1c4b2b5ab461650950b456cd65d8d7.jpg?x-cc=20&x-cu=28909&x-ct=1784098800&x-cs=74a549528b2e532fb64faa6a92e0dc1d""","https://b2bfiles1.gigab2b.cn/image/wkseller/304/40a305d45a32e4f5f16410db0cd984ad.jpg?x-cc=20&x-cu=28909&x-ct=1784098800&x-cs=f72bc9f6372caf289118b9796c7c2d9e""","https://b2bfiles1.gigab2b.cn/image/wkseller/304/4bdf8d8d74f0c9b018bbcb2a50bbe78f.jpg?x-cc=20&x-cu=28909&x-ct=1784098800&x-cs=b39200a97eae351928b201d197e93d6b""","https://b2bfiles1.gigab2b.cn/image/wkseller/304/961c776b8b8bd6260bec4b7864231a2f.jpg?x-cc=20&x-cu=28909&x-ct=1784098800&x-cs=b2271f007f70951f9ce3ffb84b7c4db7""","https://b2bfiles1.gigab2b.cn/image/wkseller/304/23070d2ddca368cb279b577961e36384.jpg?x-cc=20&x-cu=28909&x-ct=1784098800&x-cs=4fd341ce68d3bde2f48e5f59ff7b3e0b""","https://b2bfiles1.gigab2b.cn/image/wkseller/304/024655654ac65fd0684194d8c3e438c7.jpg?x-cc=20&x-cu=28909&x-ct=1784098800&x-cs=ed6617e13f918ca3f72e747d9a8ce076""","https://b2bfiles1.gigab2b.cn/image/wkseller/304/3763af5c74e81814445c0f7253e56594.jpg?x-cc=20&x-cu=28909&x-ct=1784098800&x-cs=aabaf708d59314e96f89c97b07e7efc2""","https://b2bfiles1.gigab2b.cn/image/wkseller/304/b4cb0a37a5fd51c7c6832764cefe82ee.jpg?x-cc=20&x-cu=28909&x-ct=1784098800&x-cs=5a693324eccda7a72e7bd0e1daa2a24a""","https://b2bfiles1.gigab2b.cn/image/wkseller/304/bf7c9a7da43ef76c99cfe399be99d717.jpg?x-cc=20&x-cu=28909&x-ct=1784098800&x-cs=e9dbb8b4e11d4ce8a9c43a244f87c6e4""","https://b2bfiles1.gigab2b.cn/image/wkseller/304/2a0928479c6d71c69b79980808ff1965.jpg?x-cc=20&x-cu=28909&x-ct=1784098800&x-cs=ea2f7c71c4e6aad7fc381a8bc62c480c""","https://b2bfiles1.gigab2b.cn/image/wkseller/304/50ee6f1067f6776b3ea9c49bdc1420a3.jpg?x-cc=20&x-cu=28909&x-ct=1784098800&x-cs=aa0d9dadc0f56516747570919771201f""","https://b2bfiles1.gigab2b.cn/image/wkseller/304/df0901fe3cd7585e2b0f7c78605e10bf.jpg?x-cc=20&x-cu=28909&x-ct=1784098800&x-cs=e52ccbfc6e01322aac18a9bc55934e96""","https://b2bfiles1.gigab2b.cn/image/wkseller/304/93d93682726b54a7e01eeae7bc73ff6f.jpg?x-cc=20&x-cu=28909&x-ct=1784098800&x-cs=d4b6cb8b0f062d3226aed3a7bb0ebf50""",https://pub-606bcd6c031442e4959f73b5435fefd1.r2.dev/shipping-guide.png,『数量限定セール』 置き型 スタンド かご付きポスト鍵付き 玄関前 収納 スタンドポスト ポスト 北欧 一戸建て用  スタンドポスト メールボックス A4対応 新聞受け 高級 おしゃれ【ブラック×木目】,"ホムブリスショップへようこそ
♪すべての商品は未開封の新品です
♪フォロー割あり
♪まとめ買い割あり：2点で2%OFF、3点で3%OFF、最大5%（一部商品適用外）
♪発送と送料：在庫品は1～2営業日以内に発送、再入荷商品は入荷後1～2営業日以内に発送いたします。北海道は基本的に追加送料不要です。沖縄への送料は別途お見積りが必須です。

【商品説明】

重量(kg): 6.6
長さ(cm): 37.5
幅(cm): 28
高さ(cm): 27.5
組立時重量: Not Applicable
組立時長さ: Not Applicable
組立時幅: Not Applicable
組立時高さ: Not Applicable
主要素材: Steel
主要カラー: Black",ブラック,0,N508P503876D,,,,,,,,,,,,,,,,,,,,,,,,,,,,,,,,,,,,,,,12001,mUMNfozwBvStC3zfoTDZKb,1,1,jp13,1,1,1,,,,,,,
"https://b2bfiles1.gigab2b.cn/image/wkseller/304/bfa76c3b9df228f853b3891a70a69ee7.jpg?x-cc=20&x-cu=28909&x-ct=1784098800&x-cs=e26f4afec69ad24ba4946b62842bf5c5""","https://b2bfiles1.gigab2b.cn/image/wkseller/304/917594f49c9fc94960213f8be3642745.jpg?x-cc=20&x-cu=28909&x-ct=1784098800&x-cs=a4c48ef9cc1262d4bbffabac89dcfe1e""","https://b2bfiles1.gigab2b.cn/image/wkseller/304/493f8b6b160ec5edf859d4bc2999d135.jpg?x-cc=20&x-cu=28909&x-ct=1784098800&x-cs=6b61cb886501cec4f347b643f23e9903""","https://b2bfiles1.gigab2b.cn/image/wkseller/304/588207f427ea7d20b052a2a2f32d9f8c.jpg?x-cc=20&x-cu=28909&x-ct=1784098800&x-cs=78f791e71d2a3d9968b3a8cfaede416f""","https://b2bfiles1.gigab2b.cn/image/wkseller/304/cb8cb71939e5acb70d935c2e8e3af0b6.jpg?x-cc=20&x-cu=28909&x-ct=1784098800&x-cs=3844261c968a4ca7e6f843ba290961a7""","https://b2bfiles1.gigab2b.cn/image/wkseller/304/7e960b45103c22501d628bff93e33bac.jpg?x-cc=20&x-cu=28909&x-ct=1784098800&x-cs=c24180834b2b613dcf83a6c21931dc4d""","https://b2bfiles1.gigab2b.cn/image/wkseller/304/d25979def43d5b0d29d922786cd36b83.jpg?x-cc=20&x-cu=28909&x-ct=1784098800&x-cs=92affe8e46dd7e19298c2d98127977a2""","https://b2bfiles1.gigab2b.cn/image/wkseller/304/0d1c4b2b5ab461650950b456cd65d8d7.jpg?x-cc=20&x-cu=28909&x-ct=1784098800&x-cs=74a549528b2e532fb64faa6a92e0dc1d""","https://b2bfiles1.gigab2b.cn/image/wkseller/304/40a305d45a32e4f5f16410db0cd984ad.jpg?x-cc=20&x-cu=28909&x-ct=1784098800&x-cs=f72bc9f6372caf289118b9796c7c2d9e""","https://b2bfiles1.gigab2b.cn/image/wkseller/304/4bdf8d8d74f0c9b018bbcb2a50bbe78f.jpg?x-cc=20&x-cu=28909&x-ct=1784098800&x-cs=b39200a97eae351928b201d197e93d6b""","https://b2bfiles1.gigab2b.cn/image/wkseller/304/961c776b8b8bd6260bec4b7864231a2f.jpg?x-cc=20&x-cu=28909&x-ct=1784098800&x-cs=b2271f007f70951f9ce3ffb84b7c4db7""","https://b2bfiles1.gigab2b.cn/image/wkseller/304/23070d2ddca368cb279b577961e36384.jpg?x-cc=20&x-cu=28909&x-ct=1784098800&x-cs=4fd341ce68d3bde2f48e5f59ff7b3e0b""","https://b2bfiles1.gigab2b.cn/image/wkseller/304/024655654ac65fd0684194d8c3e438c7.jpg?x-cc=20&x-cu=28909&x-ct=1784098800&x-cs=ed6617e13f918ca3f72e747d9a8ce076""","https://b2bfiles1.gigab2b.cn/image/wkseller/304/3763af5c74e81814445c0f7253e56594.jpg?x-cc=20&x-cu=28909&x-ct=1784098800&x-cs=aabaf708d59314e96f89c97b07e7efc2""","https://b2bfiles1.gigab2b.cn/image/wkseller/304/b4cb0a37a5fd51c7c6832764cefe82ee.jpg?x-cc=20&x-cu=28909&x-ct=1784098800&x-cs=5a693324eccda7a72e7bd0e1daa2a24a""","https://b2bfiles1.gigab2b.cn/image/wkseller/304/bf7c9a7da43ef76c99cfe399be99d717.jpg?x-cc=20&x-cu=28909&x-ct=1784098800&x-cs=e9dbb8b4e11d4ce8a9c43a244f87c6e4""]",https://pub-606bcd6c031442e4959f73b5435fefd1.r2.dev/shipping-guide.png,,,,『数量限定セール』 置き型 スタンド かご付きポスト鍵付き 玄関前 収納 スタンドポスト ポスト 北欧 一戸建て用  スタンドポスト メールボックス A4対応 新聞受け 高級 おしゃれ【ライトグレー×木目】,"ホムブリスショップへようこそ
♪すべての商品は未開封の新品です
♪フォロー割あり
♪まとめ買い割あり：2点で2%OFF、3点で3%OFF、最大5%（一部商品適用外）
♪発送と送料：在庫品は1～2営業日以内に発送、再入荷商品は入荷後1～2営業日以内に発送いたします。北海道は基本的に追加送料不要です。沖縄への送料は別途お見積りが必須です。

【商品説明】

重量(kg): 6.6
長さ(cm): 37.5
幅(cm): 28
高さ(cm): 27.5
組立時重量: Not Applicable
組立時長さ: Not Applicable
組立時幅: Not Applicable
組立時高さ: Not Applicable
主要素材: Steel
主要カラー: LIGHT GREY",ライトグレー,0,N508P503876E,,,,,,,,,,,,,,,,,,,,,,,,,,,,,,,,,,,,,,,12001,hykv7J5GncCnyYCpUjMAfK,1,1,jp13,1,1,1,,,,,,,
"https://b2bfiles1.gigab2b.cn/image/wkseller/304/fd84133f435f44cd9c9699880ad79d77.jpg?x-cc=20&x-cu=28909&x-ct=1784098800&x-cs=a5210f4a4efeb470dc3b0cb5dcb36b9b""","https://b2bfiles1.gigab2b.cn/image/wkseller/304/d5c5716a216989836191dc2fcb39d508.JPG?x-cc=20&x-cu=28909&x-ct=1784098800&x-cs=57c483ec332f86b6654b42a1620e52fd""","https://b2bfiles1.gigab2b.cn/image/wkseller/304/7164c6224981baa882ce65c1ffbba9d9.jpg?x-cc=20&x-cu=28909&x-ct=1784098800&x-cs=d6099c2bc280c427f390a80f7cdfd7ce""","https://b2bfiles1.gigab2b.cn/image/wkseller/304/5121ee55c11eb8cc537f4cad6323eadd.jpg?x-cc=20&x-cu=28909&x-ct=1784098800&x-cs=c9783e0110e5d7d505bb669a1030e9b0""","https://b2bfiles1.gigab2b.cn/image/wkseller/304/1b59698196d1b293c3fbbb9876a363c8.jpg?x-cc=20&x-cu=28909&x-ct=1784098800&x-cs=765b5b4fd25f68f39c4d9ccb83e4f888""","https://b2bfiles1.gigab2b.cn/image/wkseller/304/6ffc758723aaffa8ee539a307136577a.jpg?x-cc=20&x-cu=28909&x-ct=1784098800&x-cs=46ad3bdb4e9040dd896ace3456942ea0""","https://b2bfiles1.gigab2b.cn/image/wkseller/304/bf81fb6aa6c3ef297b4306f194a102d8.jpg?x-cc=20&x-cu=28909&x-ct=1784098800&x-cs=cffabecb0a40e1cf2c510287338d811d""","https://b2bfiles1.gigab2b.cn/image/wkseller/304/5f76654dc36212e53fedb2b222c9269d.jpg?x-cc=20&x-cu=28909&x-ct=1784098800&x-cs=0b8a1605ea5b2796aa966219c89a3086""","https://b2bfiles1.gigab2b.cn/image/wkseller/304/0b4bb00d0eecb4c011b4c022c6196112.jpg?x-cc=20&x-cu=28909&x-ct=1784098800&x-cs=35df8b00c387b36bdcbc71bcf1763733""","https://b2bfiles1.gigab2b.cn/image/wkseller/304/973d549b6f729d1ebadd2861ab1d0cec.jpg?x-cc=20&x-cu=28909&x-ct=1784098800&x-cs=433357d565a72eea838c33c4cd95520e""","https://b2bfiles1.gigab2b.cn/image/wkseller/304/97821f1b7ada7d964b975c3f201bbd04.jpg?x-cc=20&x-cu=28909&x-ct=1784098800&x-cs=dccf814783833409f29a0e5c7ee80fa0""","https://b2bfiles1.gigab2b.cn/image/wkseller/304/b5f533e70a032b142b4050eed7f7f93a.jpg?x-cc=20&x-cu=28909&x-ct=1784098800&x-cs=2f4d5372ba8e27eaf93901c9808269a5""","https://b2bfiles1.gigab2b.cn/image/wkseller/304/a0b51439f167e5f8e51710d02f364a58.jpg?x-cc=20&x-cu=28909&x-ct=1784098800&x-cs=a536809d3f57967faa89cc4243fc0b00""","https://b2bfiles1.gigab2b.cn/image/wkseller/304/9ebbdea8111fa516decc1eea6a696a88.jpg?x-cc=20&x-cu=28909&x-ct=1784098800&x-cs=d97a1415261ca8fe992220f360188595""","https://b2bfiles1.gigab2b.cn/image/wkseller/304/59e94cec2fab70b2626cb61af8a5ddae.jpg?x-cc=20&x-cu=28909&x-ct=1784098800&x-cs=edef5fd24ce4dc53436d1d03e8e58ccb""","https://b2bfiles1.gigab2b.cn/image/wkseller/304/633fe244f33c69e214edb0eb91fe3c7b.jpg?x-cc=20&x-cu=28909&x-ct=1784098800&x-cs=10cee9f4408bbb9a9be56731bbf9b343""","https://b2bfiles1.gigab2b.cn/image/wkseller/304/b045459e5fd4b51384955a13fb20ffa9.jpg?x-cc=20&x-cu=28909&x-ct=1784098800&x-cs=eca6d3a63830b9aebea4b975f1123794""","https://b2bfiles1.gigab2b.cn/image/wkseller/304/6a10e3beb993f72d832393bd575a24c4.jpg?x-cc=20&x-cu=28909&x-ct=1784098800&x-cs=f5d75a3bde2357aa7115350202109da6""","https://b2bfiles1.gigab2b.cn/image/wkseller/304/b821fada970d43bd05200b5bbde783b1.JPG?x-cc=20&x-cu=28909&x-ct=1784098800&x-cs=267b7938eb184e4b8baf61bef45e96c1""]",https://pub-606bcd6c031442e4959f73b5435fefd1.r2.dev/shipping-guide.png,『数量限定セール』 【ブランコなしタイプ】滑り台 すべり台 遊具 室内 通路 望遠鏡 ジャングルジム 組立簡単 室内遊具 大型遊具 すべりだい バスケットゴール スウィング キッズパーク 遊び 屋内 家庭用 キッズ 男の子 女の子 【ホワイト+カーキ】,"ホムブリスショップへようこそ
♪すべての商品は未開封の新品です
♪フォロー割あり
♪まとめ買い割あり：2点で2%OFF、3点で3%OFF、最大5%（一部商品適用外）
♪発送と送料：在庫品は1～2営業日以内に発送、再入荷商品は入荷後1～2営業日以内に発送いたします。北海道は基本的に追加送料不要です。沖縄への送料は別途お見積りが必須です。

【商品説明】

重量(kg): 16.7
長さ(cm): 88
幅(cm): 53
高さ(cm): 39
組立時重量: Not Applicable
組立時長さ: Not Applicable
組立時幅: Not Applicable
組立時高さ: Not Applicable
主要素材: HDPE
主要カラー: White",ホワイト,0,N508P508927A,,,,,,,,,,,,,,,,,,,,,,,,,,,,,,,,,,,,,,,15857,RCVuRU7Ru3xvBFY6vr5xP7,1,1,jp13,1,1,1,,,,,,,
"https://b2bfiles1.gigab2b.cn/image/wkseller/304/df27d5d68f7605c8c899c12140837053.jpg?x-cc=20&x-cu=28909&x-ct=1784098800&x-cs=f3cb4e6176ff32f6998bc94cc31711f0""","https://b2bfiles1.gigab2b.cn/image/wkseller/304/8596d848d3227260d8d347793b7f4c0e.JPG?x-cc=20&x-cu=28909&x-ct=1784098800&x-cs=a2c445b843d4621f162c92f9d798b2fe""","https://b2bfiles1.gigab2b.cn/image/wkseller/304/344fcc4938d3e4b272d2a59762e8699c.jpg?x-cc=20&x-cu=28909&x-ct=1784098800&x-cs=1086108c93e4445e640d9e8e27ed7d3a""","https://b2bfiles1.gigab2b.cn/image/wkseller/304/5121ee55c11eb8cc537f4cad6323eadd.jpg?x-cc=20&x-cu=28909&x-ct=1784098800&x-cs=c9783e0110e5d7d505bb669a1030e9b0""","https://b2bfiles1.gigab2b.cn/image/wkseller/304/1b59698196d1b293c3fbbb9876a363c8.jpg?x-cc=20&x-cu=28909&x-ct=1784098800&x-cs=765b5b4fd25f68f39c4d9ccb83e4f888""","https://b2bfiles1.gigab2b.cn/image/wkseller/304/6ffc758723aaffa8ee539a307136577a.jpg?x-cc=20&x-cu=28909&x-ct=1784098800&x-cs=46ad3bdb4e9040dd896ace3456942ea0""","https://b2bfiles1.gigab2b.cn/image/wkseller/304/bf81fb6aa6c3ef297b4306f194a102d8.jpg?x-cc=20&x-cu=28909&x-ct=1784098800&x-cs=cffabecb0a40e1cf2c510287338d811d""","https://b2bfiles1.gigab2b.cn/image/wkseller/304/5f76654dc36212e53fedb2b222c9269d.jpg?x-cc=20&x-cu=28909&x-ct=1784098800&x-cs=0b8a1605ea5b2796aa966219c89a3086""","https://b2bfiles1.gigab2b.cn/image/wkseller/304/0b4bb00d0eecb4c011b4c022c6196112.jpg?x-cc=20&x-cu=28909&x-ct=1784098800&x-cs=35df8b00c387b36bdcbc71bcf1763733""","https://b2bfiles1.gigab2b.cn/image/wkseller/304/973d549b6f729d1ebadd2861ab1d0cec.jpg?x-cc=20&x-cu=28909&x-ct=1784098800&x-cs=433357d565a72eea838c33c4cd95520e""","https://b2bfiles1.gigab2b.cn/image/wkseller/304/8b514b4dcb6d2cb034cee61d7b64991c.jpg?x-cc=20&x-cu=28909&x-ct=1784098800&x-cs=69f6a44751de51992d7950a8e0407ac2""","https://b2bfiles1.gigab2b.cn/image/wkseller/304/97821f1b7ada7d964b975c3f201bbd04.jpg?x-cc=20&x-cu=28909&x-ct=1784098800&x-cs=dccf814783833409f29a0e5c7ee80fa0""","https://b2bfiles1.gigab2b.cn/image/wkseller/304/b5f533e70a032b142b4050eed7f7f93a.jpg?x-cc=20&x-cu=28909&x-ct=1784098800&x-cs=2f4d5372ba8e27eaf93901c9808269a5""","https://b2bfiles1.gigab2b.cn/image/wkseller/304/a0b51439f167e5f8e51710d02f364a58.jpg?x-cc=20&x-cu=28909&x-ct=1784098800&x-cs=a536809d3f57967faa89cc4243fc0b00""","https://b2bfiles1.gigab2b.cn/image/wkseller/304/9ebbdea8111fa516decc1eea6a696a88.jpg?x-cc=20&x-cu=28909&x-ct=1784098800&x-cs=d97a1415261ca8fe992220f360188595""","https://b2bfiles1.gigab2b.cn/image/wkseller/304/59e94cec2fab70b2626cb61af8a5ddae.jpg?x-cc=20&x-cu=28909&x-ct=1784098800&x-cs=edef5fd24ce4dc53436d1d03e8e58ccb""","https://b2bfiles1.gigab2b.cn/image/wkseller/304/633fe244f33c69e214edb0eb91fe3c7b.jpg?x-cc=20&x-cu=28909&x-ct=1784098800&x-cs=10cee9f4408bbb9a9be56731bbf9b343""","https://b2bfiles1.gigab2b.cn/image/wkseller/304/559dce8122e1f375325837850b0447a1.jpg?x-cc=20&x-cu=28909&x-ct=1784098800&x-cs=7917bdf376cb0848e00fa6dc46b1b3ec""","https://b2bfiles1.gigab2b.cn/image/wkseller/304/4f85c0c302d046e3971d17cc6321149f.JPG?x-cc=20&x-cu=28909&x-ct=1784098800&x-cs=0b71c97da8f35617a4b6feb828c1dd50""",https://pub-606bcd6c031442e4959f73b5435fefd1.r2.dev/shipping-guide.png,【ブランコ付きタイプ】滑り台 すべり台 遊具 室内 通路 望遠鏡 ジャングルジム 組立簡単 室内遊具 大型遊具 すべりだい バスケットゴール スウィング キッズパーク 遊び 屋内 家庭用 キッズ 男の子 女の子 【ホワイト+カーキ】,"ホムブリスショップへようこそ
♪すべての商品は未開封の新品です
♪フォロー割あり
♪まとめ買い割あり：2点で2%OFF、3点で3%OFF、最大5%（一部商品適用外）
♪発送と送料：在庫品は1～2営業日以内に発送、再入荷商品は入荷後1～2営業日以内に発送いたします。北海道は基本的に追加送料不要です。沖縄への送料は別途お見積りが必須です。

【商品説明】

重量(kg): 21.1
長さ(cm): 88
幅(cm): 55
高さ(cm): 50
組立時重量: Not Applicable
組立時長さ: Not Applicable
組立時幅: Not Applicable
組立時高さ: Not Applicable
主要素材: HDPE
主要カラー: White",ホワイト,0,N508P508928A,,,,,,,,,,,,,,,,,,,,,,,,,,,,,,,,,,,,,,,19830,RCVuRU7Ru3xvBFY6vr5xP7,1,1,jp13,1,1,1,,,,,,,
"https://b2bfiles1.gigab2b.cn/image/wkseller/304/cd47df82706091f988cebb6afc944683.jpg?x-cc=20&x-cu=28909&x-ct=1784098800&x-cs=c08c2b3199cbfff569f6d121d1c01f3f""","https://b2bfiles1.gigab2b.cn/image/wkseller/304/b8cde4c3beb0721ce591dd658a559705.jpg?x-cc=20&x-cu=28909&x-ct=1784098800&x-cs=6d4879d0b4be8982232d48cda4ab6f5d""","https://b2bfiles1.gigab2b.cn/image/wkseller/304/ece6b9ad3a6fd5b352666f11977f5c4a.jpg?x-cc=20&x-cu=28909&x-ct=1784098800&x-cs=b6025e205e09caac8a1aa5d3cb0b9734""","https://b2bfiles1.gigab2b.cn/image/wkseller/304/442cd144d1c0b1fcb7e2f78b4f613658.jpg?x-cc=20&x-cu=28909&x-ct=1784098800&x-cs=656ce677e785af9979eab12762b3f516""","https://b2bfiles1.gigab2b.cn/image/wkseller/304/df0b69ba0ac7723b5071041ae35beb48.jpg?x-cc=20&x-cu=28909&x-ct=1784098800&x-cs=66d197313a26af7efe402649c9516d25""","https://b2bfiles1.gigab2b.cn/image/wkseller/304/bd13481b9cfd49a12eb8b66f98af0944.jpg?x-cc=20&x-cu=28909&x-ct=1784098800&x-cs=2fa57a3e535f3739b51afaa297ef8006""","https://b2bfiles1.gigab2b.cn/image/wkseller/304/108a60c40a0472cc137167a97b4033f3.jpg?x-cc=20&x-cu=28909&x-ct=1784098800&x-cs=9c990b98ffb0f0714e3969f89d032758""","https://b2bfiles1.gigab2b.cn/image/wkseller/304/e40208667dabdbd5b8a592fb1a377b77.jpg?x-cc=20&x-cu=28909&x-ct=1784098800&x-cs=98bb9f3451917eb50e10237dfc91b31c""","https://b2bfiles1.gigab2b.cn/image/wkseller/304/630edd95799ca82b96eca6464d01eb30.jpg?x-cc=20&x-cu=28909&x-ct=1784098800&x-cs=5b7b847a761b2d30393555ff76653678""","https://b2bfiles1.gigab2b.cn/image/wkseller/304/1c2903b07d8b8940a2bb3735757c572d.jpg?x-cc=20&x-cu=28909&x-ct=1784098800&x-cs=90192e8beaeb741b39f4a82554ff218a""","https://b2bfiles1.gigab2b.cn/image/wkseller/304/f74c012e34c5d21c05573b42d8d04e8c.jpg?x-cc=20&x-cu=28909&x-ct=1784098800&x-cs=b9adbc6e298991bdcec8149efdd48c8d""","https://b2bfiles1.gigab2b.cn/image/wkseller/304/87f892e2911bfc3240dbe365fd76765c.jpg?x-cc=20&x-cu=28909&x-ct=1784098800&x-cs=53f31ef65d57bdb945781a3963ec8089""","https://b2bfiles1.gigab2b.cn/image/wkseller/304/061ff71d47721659ac7cd10918bc0dce.jpg?x-cc=20&x-cu=28909&x-ct=1784098800&x-cs=57b617bf0213d6b28ad7ae24bb48ef58""","https://b2bfiles1.gigab2b.cn/image/wkseller/304/ce1bef94cb386cea29857466e249e0a5.jpg?x-cc=20&x-cu=28909&x-ct=1784098800&x-cs=c932faf109c710ac7a7352b3b7775a59""","https://b2bfiles1.gigab2b.cn/image/wkseller/304/8e29370b3d0bc157b8d124dacc8bc6f8.jpg?x-cc=20&x-cu=28909&x-ct=1784098800&x-cs=56f5be00a4f210cd9785501c5a5677bc""","https://b2bfiles1.gigab2b.cn/image/wkseller/304/231edebf7cea391f14598fdd93329ec5.jpg?x-cc=20&x-cu=28909&x-ct=1784098800&x-cs=384b2939bdffed7aa1e4325b541543a6""","https://b2bfiles1.gigab2b.cn/image/wkseller/304/6f1907cdde2fb5cf9866669e29b11369.jpg?x-cc=20&x-cu=28909&x-ct=1784098800&x-cs=800afb439aa8432be394202c29558e5e""","https://b2bfiles1.gigab2b.cn/image/wkseller/304/ef82570ddc07da1df82ad5b3f5d2bc79.jpg?x-cc=20&x-cu=28909&x-ct=1784098800&x-cs=05baf547281d2fac86085fd86e46dfc7""","https://b2bfiles1.gigab2b.cn/image/wkseller/304/40a1620b2eeb94874845780d5e83d478.jpg?x-cc=20&x-cu=28909&x-ct=1784098800&x-cs=2d6dcd09eabac64d5a2d4e06e1cb29aa""",https://pub-606bcd6c031442e4959f73b5435fefd1.r2.dev/shipping-guide.png,『数量限定セール』 物置 屋外 スチール 倉庫 戸外収納庫 幅240*奥行き187*高192 物置き おしゃれ 大型 収納庫 屋外物置 防さび ベランダ 防水 ドア スチール物置 屋外収納 ガーデニング 庭 新作【ブルーグレー】,"ホムブリスショップへようこそ
♪すべての商品は未開封の新品です
♪フォロー割あり
♪まとめ買い割あり：2点で2%OFF、3点で3%OFF、最大5%（一部商品適用外）
♪発送と送料：在庫品は1～2営業日以内に発送、再入荷商品は入荷後1～2営業日以内に発送いたします。北海道は基本的に追加送料不要です。沖縄への送料は別途お見積りが必須です。

【商品説明】

組立時重量: Not Applicable
組立時長さ: Not Applicable
組立時幅: Not Applicable
組立時高さ: Not Applicable
主要素材: Steel
主要カラー: Blue+Grey",ブルー+グレー,0,N508SET496488B,,,,,,,,,,,,,,,,,,,,,,,,,,,,,,,,,,,,,,,40471,DkjqZAKBXaZN8FB2Kb6zhX,1,1,jp13,1,1,1,,,,,,,
"https://b2bfiles1.gigab2b.cn/image/wkseller/304/93b3e0b2ae33bb5b4a1014d03a06ea0d.jpg?x-cc=20&x-cu=28909&x-ct=1784098800&x-cs=6f2a74f3d30585f8fb93585748397ea8""","https://b2bfiles1.gigab2b.cn/image/wkseller/304/08f1ca83c7d7d15f1b21aa3c4327e52e.jpg?x-cc=20&x-cu=28909&x-ct=1784098800&x-cs=e49c8aa8b3465806b003cf800cd12bc9""","https://b2bfiles1.gigab2b.cn/image/wkseller/304/ece6b9ad3a6fd5b352666f11977f5c4a.jpg?x-cc=20&x-cu=28909&x-ct=1784098800&x-cs=b6025e205e09caac8a1aa5d3cb0b9734""","https://b2bfiles1.gigab2b.cn/image/wkseller/304/442cd144d1c0b1fcb7e2f78b4f613658.jpg?x-cc=20&x-cu=28909&x-ct=1784098800&x-cs=656ce677e785af9979eab12762b3f516""","https://b2bfiles1.gigab2b.cn/image/wkseller/304/df0b69ba0ac7723b5071041ae35beb48.jpg?x-cc=20&x-cu=28909&x-ct=1784098800&x-cs=66d197313a26af7efe402649c9516d25""","https://b2bfiles1.gigab2b.cn/image/wkseller/304/bd13481b9cfd49a12eb8b66f98af0944.jpg?x-cc=20&x-cu=28909&x-ct=1784098800&x-cs=2fa57a3e535f3739b51afaa297ef8006""","https://b2bfiles1.gigab2b.cn/image/wkseller/304/108a60c40a0472cc137167a97b4033f3.jpg?x-cc=20&x-cu=28909&x-ct=1784098800&x-cs=9c990b98ffb0f0714e3969f89d032758""","https://b2bfiles1.gigab2b.cn/image/wkseller/304/e40208667dabdbd5b8a592fb1a377b77.jpg?x-cc=20&x-cu=28909&x-ct=1784098800&x-cs=98bb9f3451917eb50e10237dfc91b31c""","https://b2bfiles1.gigab2b.cn/image/wkseller/304/630edd95799ca82b96eca6464d01eb30.jpg?x-cc=20&x-cu=28909&x-ct=1784098800&x-cs=5b7b847a761b2d30393555ff76653678""","https://b2bfiles1.gigab2b.cn/image/wkseller/304/1c2903b07d8b8940a2bb3735757c572d.jpg?x-cc=20&x-cu=28909&x-ct=1784098800&x-cs=90192e8beaeb741b39f4a82554ff218a""","https://b2bfiles1.gigab2b.cn/image/wkseller/304/f74c012e34c5d21c05573b42d8d04e8c.jpg?x-cc=20&x-cu=28909&x-ct=1784098800&x-cs=b9adbc6e298991bdcec8149efdd48c8d""","https://b2bfiles1.gigab2b.cn/image/wkseller/304/87f892e2911bfc3240dbe365fd76765c.jpg?x-cc=20&x-cu=28909&x-ct=1784098800&x-cs=53f31ef65d57bdb945781a3963ec8089""","https://b2bfiles1.gigab2b.cn/image/wkseller/304/061ff71d47721659ac7cd10918bc0dce.jpg?x-cc=20&x-cu=28909&x-ct=1784098800&x-cs=57b617bf0213d6b28ad7ae24bb48ef58""","https://b2bfiles1.gigab2b.cn/image/wkseller/304/ce1bef94cb386cea29857466e249e0a5.jpg?x-cc=20&x-cu=28909&x-ct=1784098800&x-cs=c932faf109c710ac7a7352b3b7775a59""","https://b2bfiles1.gigab2b.cn/image/wkseller/304/8e29370b3d0bc157b8d124dacc8bc6f8.jpg?x-cc=20&x-cu=28909&x-ct=1784098800&x-cs=56f5be00a4f210cd9785501c5a5677bc""","https://b2bfiles1.gigab2b.cn/image/wkseller/304/231edebf7cea391f14598fdd93329ec5.jpg?x-cc=20&x-cu=28909&x-ct=1784098800&x-cs=384b2939bdffed7aa1e4325b541543a6""","https://b2bfiles1.gigab2b.cn/image/wkseller/304/6f1907cdde2fb5cf9866669e29b11369.jpg?x-cc=20&x-cu=28909&x-ct=1784098800&x-cs=800afb439aa8432be394202c29558e5e""","https://b2bfiles1.gigab2b.cn/image/wkseller/304/ef82570ddc07da1df82ad5b3f5d2bc79.jpg?x-cc=20&x-cu=28909&x-ct=1784098800&x-cs=05baf547281d2fac86085fd86e46dfc7""","https://b2bfiles1.gigab2b.cn/image/wkseller/304/64a84f9534dc974fb376e9b2cc62cab1.jpg?x-cc=20&x-cu=28909&x-ct=1784098800&x-cs=f597d64a1a108541cad99bc424f85af2""]",https://pub-606bcd6c031442e4959f73b5435fefd1.r2.dev/shipping-guide.png,『数量限定セール』 物置 屋外 スチール 倉庫 戸外収納庫 幅240*奥行き187*高192 物置き おしゃれ 大型 収納庫 屋外物置 防さび ベランダ 防水 ドア スチール物置 屋外収納 ガーデニング 庭 新作【グレーホワイト】,"ホムブリスショップへようこそ
♪すべての商品は未開封の新品です
♪フォロー割あり
♪まとめ買い割あり：2点で2%OFF、3点で3%OFF、最大5%（一部商品適用外）
♪発送と送料：在庫品は1～2営業日以内に発送、再入荷商品は入荷後1～2営業日以内に発送いたします。北海道は基本的に追加送料不要です。沖縄への送料は別途お見積りが必須です。

【商品説明】

組立時重量: Not Applicable
組立時長さ: Not Applicable
組立時幅: Not Applicable
組立時高さ: Not Applicable
主要素材: Steel
主要カラー: White+gray",ホワイト+グレー,0,N508SET496488W,,,,,,,,,,,,,,,,,,,,,,,,,,,,,,,,,,,,,,,40471,DkjqZAKBXaZN8FB2Kb6zhX,1,1,jp13,1,1,1,,,,,,,
"https://b2bfiles1.gigab2b.cn/image/wkseller/305/f18389ba1e61b7131be2b8ce9855e151.jpg?x-cc=20&x-cu=28909&x-ct=1784098800&x-cs=ffdca821fb84f3ed5fb869f561e7d9ef""","https://b2bfiles1.gigab2b.cn/image/wkseller/305/81d15cd2081a77b1cab9afbb46be9b77.jpg?x-cc=20&x-cu=28909&x-ct=1784098800&x-cs=592372f9743da8ce0e3ccf37fbe40014""","https://b2bfiles1.gigab2b.cn/image/wkseller/305/48e59e1f2638e9d2662a06c5f8696552.jpg?x-cc=20&x-cu=28909&x-ct=1784098800&x-cs=0398e21d582d251028dacbd27e0d02a0""","https://b2bfiles1.gigab2b.cn/image/wkseller/305/ccecb5aab86666149c7f7b1903a9ecec.jpg?x-cc=20&x-cu=28909&x-ct=1784098800&x-cs=1c8dd1c69f5663e4fd42867dec561602""","https://b2bfiles1.gigab2b.cn/image/wkseller/305/02ef1ed742f34e5630ea1ac65b83bcd5.jpg?x-cc=20&x-cu=28909&x-ct=1784098800&x-cs=afbf31f714cb6468bb1a257bb2882011""","https://b2bfiles1.gigab2b.cn/image/wkseller/305/063e2722e87bf1872d0f040dcb79e029.jpg?x-cc=20&x-cu=28909&x-ct=1784098800&x-cs=40b29a1f7a9ba3a4356726c1eab85d68""","https://b2bfiles1.gigab2b.cn/image/wkseller/305/75b9215bb1c1e675549140b9e0f6dcb3.jpg?x-cc=20&x-cu=28909&x-ct=1784098800&x-cs=2e099bf626012f6e15000ab6d700a493""","https://b2bfiles1.gigab2b.cn/image/wkseller/305/8bdcff4d98126db42c446ed44b1e45ea.jpg?x-cc=20&x-cu=28909&x-ct=1784098800&x-cs=d3c1ddcce1fc9aabaae40598f4e3dd19""","https://b2bfiles1.gigab2b.cn/image/wkseller/305/da6a52da6f02944d97124be5486f2745.jpg?x-cc=20&x-cu=28909&x-ct=1784098800&x-cs=608bd0aaff23ef63da443e8a145aa905""","https://b2bfiles1.gigab2b.cn/image/wkseller/305/d5d77678f22e27c58dc91c048e3e9102.jpg?x-cc=20&x-cu=28909&x-ct=1784098800&x-cs=043741eb18f2574d8511577dc73598cd""","https://b2bfiles1.gigab2b.cn/image/wkseller/305/52f7acc9a8b39cdb02a0a9f163e547f3.jpg?x-cc=20&x-cu=28909&x-ct=1784098800&x-cs=f432f0af6438401c2aebdd03734a1172""","https://b2bfiles1.gigab2b.cn/image/wkseller/305/3fb9c70636d83d5afcf314f64e110a2d.jpg?x-cc=20&x-cu=28909&x-ct=1784098800&x-cs=fc138b47e991b91e9185ef7ca15dfbd8""","https://b2bfiles1.gigab2b.cn/image/wkseller/305/dba4e231b92415f11136670474c31eb2.jpg?x-cc=20&x-cu=28909&x-ct=1784098800&x-cs=d7e358a7c0cb021b86227b8ec51dc89c""","https://b2bfiles1.gigab2b.cn/image/wkseller/305/c2c04bb03d6fa16e4bc8438b0274e3f9.jpg?x-cc=20&x-cu=28909&x-ct=1784098800&x-cs=679d160a5af6825ab7c5016b661ce1f3""","https://b2bfiles1.gigab2b.cn/image/wkseller/305/2462eb3742b4198f23e4e4137c5b0760.jpg?x-cc=20&x-cu=28909&x-ct=1784098800&x-cs=c86f4322832fa6e52b8a6aeec5af8c34""","https://b2bfiles1.gigab2b.cn/image/wkseller/305/3a23cc0bb6c19e338fe7a8f7d618a9b1.jpg?x-cc=20&x-cu=28909&x-ct=1784098800&x-cs=ea0efdb4fdc1e64852d344d55ea10d6d""","https://b2bfiles1.gigab2b.cn/image/wkseller/305/8ee588e3ec51233c32fc69cd504f461e.jpg?x-cc=20&x-cu=28909&x-ct=1784098800&x-cs=b40862b4d7bbc3d581002c48d32833b0""","https://b2bfiles1.gigab2b.cn/image/wkseller/305/a6b409433b45ca473eeffc703dbe95f8.jpg?x-cc=20&x-cu=28909&x-ct=1784098800&x-cs=2d66e69e08f15dae7e76a53f8829301c""","https://b2bfiles1.gigab2b.cn/image/wkseller/305/cc52c19547d11407c4c27b6ea0e31334.jpg?x-cc=20&x-cu=28909&x-ct=1784098800&x-cs=5d83569f65c483c4408fa23270463abb""]",https://pub-606bcd6c031442e4959f73b5435fefd1.r2.dev/shipping-guide.png,【ブラック+ホワイト】880L 木目調  屋外収納  樹脂製 戸外収納庫 収納ボックス 置き配 ゴミ箱 小型 屋外 ストッカー 防水/耐侯 収納可能 ガーデン/庭/ベランダ  頑丈,"ホムブリスショップへようこそ
♪すべての商品は未開封の新品です
♪フォロー割あり
♪まとめ買い割あり：2点で2%OFF、3点で3%OFF、最大5%（一部商品適用外）
♪発送と送料：在庫品は1～2営業日以内に発送、再入荷商品は入荷後1～2営業日以内に発送いたします。北海道は基本的に追加送料不要です。沖縄への送料は別途お見積りが必須です。

【商品説明】

重量(kg): 25
長さ(cm): 132
幅(cm): 76
高さ(cm): 23
組立時重量: Not Applicable
組立時長さ: Not Applicable
組立時幅: Not Applicable
組立時高さ: Not Applicable
主要素材: Polypropylene
主要カラー: Black,White",,0,N509P305803A,,,,,,,,,,,,,,,,,,,,,,,,,,,,,,,,,,,,,,,28766,mUMNfozwBvStC3zfoTDZKb,1,1,jp13,1,1,1,,,,,,,
"https://b2bfiles1.gigab2b.cn/image/wkseller/305/6939fec851c3989f604399b0294bda07.jpg?x-cc=20&x-cu=28909&x-ct=1784098800&x-cs=aa00452d74e5d4ca7bb2c140106831bc""","https://b2bfiles1.gigab2b.cn/image/wkseller/305/af7764671fd698d992fb98b148948244.jpg?x-cc=20&x-cu=28909&x-ct=1784098800&x-cs=aaec87254a83d8bca7a15ff603b594d9""","https://b2bfiles1.gigab2b.cn/image/wkseller/305/16f2b648b8f5de93c7395c925abff2cd.jpg?x-cc=20&x-cu=28909&x-ct=1784098800&x-cs=581d0f0110f5996a331d903ed8e3e176""","https://b2bfiles1.gigab2b.cn/image/wkseller/305/c3e7cbf3500ed2b9d0367c830693de3d.jpg?x-cc=20&x-cu=28909&x-ct=1784098800&x-cs=c373223e5cbc711760b464f408e74654""","https://b2bfiles1.gigab2b.cn/image/wkseller/305/ade40b2bc3eba3748837a251240785e8.jpg?x-cc=20&x-cu=28909&x-ct=1784098800&x-cs=4fcc4e0a6009205ff09651bff933e5dc""","https://b2bfiles1.gigab2b.cn/image/wkseller/305/4f17d4ee11d8f6847144c57ee24b675f.jpg?x-cc=20&x-cu=28909&x-ct=1784098800&x-cs=ed41923cf974de31151c86a8c889a2ac""","https://b2bfiles1.gigab2b.cn/image/wkseller/305/2ec4c1ff44b25438362df5e7d5ef89e7.jpg?x-cc=20&x-cu=28909&x-ct=1784098800&x-cs=98e7d1b76d93c5e129369341c6e227c7""]",https://pub-606bcd6c031442e4959f73b5435fefd1.r2.dev/shipping-guide.png,,,,,,,,,,,,,ステッパー 健康器具 ダイエット 静音 有酸素運動 昇降運動 ひれり運動 ステップ運動,"ホムブリスショップへようこそ
♪すべての商品は未開封の新品です
♪フォロー割あり
♪まとめ買い割あり：2点で2%OFF、3点で3%OFF、最大5%（一部商品適用外）
♪発送と送料：在庫品は1～2営業日以内に発送、再入荷商品は入荷後1～2営業日以内に発送いたします。北海道は基本的に追加送料不要です。沖縄への送料は別途お見積りが必須です。

【商品説明】

重量(kg): 10
長さ(cm): 51
幅(cm): 36
高さ(cm): 25
組立時重量: Not Applicable
組立時長さ: Not Applicable
組立時幅: Not Applicable
組立時高さ: Not Applicable
主要素材: ABS+Rubber+Steel (Q235)
主要カラー: Black",ブラック,0,N509P308201B,,,,,,,,,,,,,,,,,,,,,,,,,,,,,,,,,,,,,,,7501,DkjqZAKBXaZN8FB2Kb6zhX,1,1,jp13,1,1,1,,,,,,,
"https://b2bfiles1.gigab2b.cn/image/wkseller/305/3c18d00cb3641d00986905298cc8af00.jpg?x-cc=20&x-cu=28909&x-ct=1784098800&x-cs=b47dc86a38f7005389d7680155942ef8""","https://b2bfiles1.gigab2b.cn/image/wkseller/305/83c414d061230be0daead09343e77e9c.jpg?x-cc=20&x-cu=28909&x-ct=1784098800&x-cs=dbedfb5e028860157dfdee68109f31ee""","https://b2bfiles1.gigab2b.cn/image/wkseller/305/fedf859f6b7d5315db87836448389b0b.jpg?x-cc=20&x-cu=28909&x-ct=1784098800&x-cs=f900e744188da4b84a51f3a049614422""","https://b2bfiles1.gigab2b.cn/image/wkseller/305/ff1a605b8830130dd3965333f1ab3253.jpg?x-cc=20&x-cu=28909&x-ct=1784098800&x-cs=f4240a8f85dac45604ac099e78a158ef""","https://b2bfiles1.gigab2b.cn/image/wkseller/305/0ad17aba0cf46c4fe16855cf87d09651.jpg?x-cc=20&x-cu=28909&x-ct=1784098800&x-cs=c9f0ff8ab9415762c08e8ddcfe68ffd9""","https://b2bfiles1.gigab2b.cn/image/wkseller/305/46bfc7627517d6abeeb8288db67d63b7.jpg?x-cc=20&x-cu=28909&x-ct=1784098800&x-cs=21cdb63cd88460d547cd448bd8c0ddb7""","https://b2bfiles1.gigab2b.cn/image/wkseller/305/b03cb95b69eb1b327f0d9d0f2bdf82c8.jpg?x-cc=20&x-cu=28909&x-ct=1784098800&x-cs=1803195c2d976ed4991297017512c072""","https://b2bfiles1.gigab2b.cn/image/wkseller/305/080489a637df1705e87327c2f84f2b01.jpg?x-cc=20&x-cu=28909&x-ct=1784098800&x-cs=e22bdb7e33d7a31c013e33205f9b63d7""","https://b2bfiles1.gigab2b.cn/image/wkseller/305/712fce6ce185c42c49e52ea446c7602d.jpg?x-cc=20&x-cu=28909&x-ct=1784098800&x-cs=b4900c4db83d1b83df109557b440b71e""","https://b2bfiles1.gigab2b.cn/image/wkseller/305/f5fc1d10f18992bd82fd866244bcaf0f.jpg?x-cc=20&x-cu=28909&x-ct=1784098800&x-cs=17da82db86c65065404bd939666ea460""","https://b2bfiles1.gigab2b.cn/image/wkseller/305/f3a594fd64e6fe16592cf66e9e52c7dc.jpg?x-cc=20&x-cu=28909&x-ct=1784098800&x-cs=c6a112e94946af8d160ba77509d554dc""","https://b2bfiles1.gigab2b.cn/image/wkseller/305/2aabf3cf65dcc05801024337e5bcb691.jpg?x-cc=20&x-cu=28909&x-ct=1784098800&x-cs=cd6b2751ad540aab98a8943900cac049""","https://b2bfiles1.gigab2b.cn/image/wkseller/305/efc0b027d301813eddb587dff33865e5.jpg?x-cc=20&x-cu=28909&x-ct=1784098800&x-cs=f7fe662ed208a8c5a6c0b0baecfcc3b5""","https://b2bfiles1.gigab2b.cn/image/wkseller/305/9cc321bd670400f8938bb0d82bd92492.jpg?x-cc=20&x-cu=28909&x-ct=1784098800&x-cs=4a6129deedb6ba9340debd010aaff670""","https://b2bfiles1.gigab2b.cn/image/wkseller/305/5cb9eab662464e8ecb60763bb9c4cffa.jpg?x-cc=20&x-cu=28909&x-ct=1784098800&x-cs=5fc9265f54c843f30ebda6ae7875bd14""","https://b2bfiles1.gigab2b.cn/image/wkseller/305/fc437154be2c85be07473a63d0734db2.png?x-cc=20&x-cu=28909&x-ct=1784098800&x-cs=91bf45b14ed3c1583416719348cb4bf5""]",https://pub-606bcd6c031442e4959f73b5435fefd1.r2.dev/shipping-guide.png,,,,【ブラック】システムベット ロフトベッド シングル  収納付き 北欧風  スチール 耐震,"ホムブリスショップへようこそ
♪すべての商品は未開封の新品です
♪フォロー割あり
♪まとめ買い割あり：2点で2%OFF、3点で3%OFF、最大5%（一部商品適用外）
♪発送と送料：在庫品は1～2営業日以内に発送、再入荷商品は入荷後1～2営業日以内に発送いたします。北海道は基本的に追加送料不要です。沖縄への送料は別途お見積りが必須です。

【商品説明】

重量(kg): 35.3
長さ(cm): 109
幅(cm): 40.5
高さ(cm): 27
組立時重量: Not Applicable
組立時長さ: Not Applicable
組立時幅: Not Applicable
組立時高さ: Not Applicable
主要素材: Iron
主要カラー: Black",ブラック,0,N509P353981A,,,,,,,,,,,,,,,,,,,,,,,,,,,,,,,,,,,,,,,16557,TH4acvDBAupdG2TnrVGVuC,1,1,jp13,1,1,1,,,,,,,
"https://b2bfiles1.gigab2b.cn/image/wkseller/305/2b61e248124b5aac16d826e28ccb1d79.jpg?x-cc=20&x-cu=28909&x-ct=1784098800&x-cs=ad2e2da87b35f91faa9d2e33499c86a3""","https://b2bfiles1.gigab2b.cn/image/wkseller/305/e5aca78377284ed55bd7d9be2fff29b7.jpg?x-cc=20&x-cu=28909&x-ct=1784098800&x-cs=b14910834f0880d8480ac7542d30c6bd""","https://b2bfiles1.gigab2b.cn/image/wkseller/305/7ff8f000fd2308bb2903eb65d7f279dd.jpg?x-cc=20&x-cu=28909&x-ct=1784098800&x-cs=934462c4d92cfe6fe349c3932d33896a""","https://b2bfiles1.gigab2b.cn/image/wkseller/305/b3740e38536084ffe799a7e409321cce.jpg?x-cc=20&x-cu=28909&x-ct=1784098800&x-cs=d66b69c7b38458779c7320c8b15e33a6""","https://b2bfiles1.gigab2b.cn/image/wkseller/305/0f923083ff22273a729e627243571892.jpg?x-cc=20&x-cu=28909&x-ct=1784098800&x-cs=270c01a923f238d297e1e3c52788166e""","https://b2bfiles1.gigab2b.cn/image/wkseller/305/c0aea9c9b41d473bf955609a0c66c5a5.jpg?x-cc=20&x-cu=28909&x-ct=1784098800&x-cs=e8001d810a5bc5b54df3df5f46c38ef2""","https://b2bfiles1.gigab2b.cn/image/wkseller/305/300838a9e4a2909ed2d2a549c40df389.jpg?x-cc=20&x-cu=28909&x-ct=1784098800&x-cs=418f36ce100666054b1269167691a060""","https://b2bfiles1.gigab2b.cn/image/wkseller/305/dc00088c5afc31555aa3054bbf595734.jpg?x-cc=20&x-cu=28909&x-ct=1784098800&x-cs=7b71372707844f08c69e165dcb82c0a0""","https://b2bfiles1.gigab2b.cn/image/wkseller/305/6bf06847e2969398557e032ca5ea3cea.jpg?x-cc=20&x-cu=28909&x-ct=1784098800&x-cs=ce58b0d9898224cb48cef4fa0feb8688""","https://b2bfiles1.gigab2b.cn/image/wkseller/305/5e039c6d0af237a8737ca0dfa312aaca.jpg?x-cc=20&x-cu=28909&x-ct=1784098800&x-cs=0369faf3f7d1eb9faa0fffb96407aee5""","https://b2bfiles1.gigab2b.cn/image/wkseller/305/2ef03990e9b1ef46bb83b4c29acb8168.jpg?x-cc=20&x-cu=28909&x-ct=1784098800&x-cs=93bc7551426c2f5f8db580920a0d9706""","https://b2bfiles1.gigab2b.cn/image/wkseller/305/551186a109d057167ec60f64cf443ee8.jpg?x-cc=20&x-cu=28909&x-ct=1784098800&x-cs=10a7f3f8309b8b6ae9d1457833858dda""","https://b2bfiles1.gigab2b.cn/image/wkseller/305/62b347445d88e962312de11359398adb.jpg?x-cc=20&x-cu=28909&x-ct=1784098800&x-cs=0b1a8d9a1f50ad985ac58c4ebb87cf57""]",https://pub-606bcd6c031442e4959f73b5435fefd1.r2.dev/shipping-guide.png,,,,,,,【ベージュｘブラウン おもちゃ ソフトブロック アスレチック ブロック クッション 布製 玩具 大型 室内 遊具 滑り台 キッズスペース 子供 こども キッズ 幼児 保育園 保育用品 クリスマスプレゼント,"ホムブリスショップへようこそ
♪すべての商品は未開封の新品です
♪フォロー割あり
♪まとめ買い割あり：2点で2%OFF、3点で3%OFF、最大5%（一部商品適用外）
♪発送と送料：在庫品は1～2営業日以内に発送、再入荷商品は入荷後1～2営業日以内に発送いたします。北海道は基本的に追加送料不要です。沖縄への送料は別途お見積りが必須です。

【商品説明】

重量(kg): 6.5
長さ(cm): 99
幅(cm): 51
高さ(cm): 44
組立時重量: Not Applicable
組立時長さ: Not Applicable
組立時幅: Not Applicable
組立時高さ: Not Applicable
主要素材: POLYVINYL CHLORIDE
主要カラー: beige brown",,0,N509P493727B,,,,,,,,,,,,,,,,,,,,,,,,,,,,,,,,,,,,,,,14530,RCVuRU7Ru3xvBFY6vr5xP7,1,1,jp13,1,1,1,,,,,,,
"https://b2bfiles1.gigab2b.cn/image/wkseller/305/08d4d18652c72ae6bec142604ea60a48.jpg?x-cc=20&x-cu=28909&x-ct=1784098800&x-cs=eab5f29d4d6dbf00fa249dfc48acbd2c""","https://b2bfiles1.gigab2b.cn/image/wkseller/305/fed7d0a1bc3498db932c17539e170e75.jpg?x-cc=20&x-cu=28909&x-ct=1784098800&x-cs=43ae3ea05c7d4ca00b009cd2eb9a9065""","https://b2bfiles1.gigab2b.cn/image/wkseller/305/6ecefecc63a8113ce676b76977206b8a.jpg?x-cc=20&x-cu=28909&x-ct=1784098800&x-cs=88bb3b97cfda84aae90c7bdd4698c8da""","https://b2bfiles1.gigab2b.cn/image/wkseller/305/69e142d461b3987397157182db13b110.jpg?x-cc=20&x-cu=28909&x-ct=1784098800&x-cs=48e3ef0bc819138067a67e023b796039""","https://b2bfiles1.gigab2b.cn/image/wkseller/305/8003c24d731515c35099b87ec208b681.jpg?x-cc=20&x-cu=28909&x-ct=1784098800&x-cs=9c9da6d293b36cf72b2ea59cfb96f305""","https://b2bfiles1.gigab2b.cn/image/wkseller/305/56a88d2e6f5ba8fc713894b1a67c2389.jpg?x-cc=20&x-cu=28909&x-ct=1784098800&x-cs=17f495f3e315561c8d839be12f60d9f5""","https://b2bfiles1.gigab2b.cn/image/wkseller/305/5ea455933c952f4d8bf36a4a03cb22ef.jpg?x-cc=20&x-cu=28909&x-ct=1784098800&x-cs=a2314379b15c8552486ff554c8395802""","https://b2bfiles1.gigab2b.cn/image/wkseller/305/a9fe1094803c81d5bcd1b9d089ff0859.jpg?x-cc=20&x-cu=28909&x-ct=1784098800&x-cs=1b3a848227865fa0e1df63fb6c83dffc""","https://b2bfiles1.gigab2b.cn/image/wkseller/305/0654edb02b538c0332f3233a85ad7ce2.jpg?x-cc=20&x-cu=28909&x-ct=1784098800&x-cs=6ff1a3285e5cbe3990047dc442f6bfe4""","https://b2bfiles1.gigab2b.cn/image/wkseller/305/0654edb02b538c0332f3233a85ad7ce2.jpg?x-cc=20&x-cu=28909&x-ct=1784098800&x-cs=6ff1a3285e5cbe3990047dc442f6bfe4""","https://b2bfiles1.gigab2b.cn/image/wkseller/305/be4b0a1f9f64ab637c55f5838b5d20f9.jpg?x-cc=20&x-cu=28909&x-ct=1784098800&x-cs=d3c26a60925b6eb2b2e2f4a3b74c2108""","https://b2bfiles1.gigab2b.cn/image/wkseller/305/5b6db52e59531af9d7cf38f9abc51921.jpg?x-cc=20&x-cu=28909&x-ct=1784098800&x-cs=bfddccd14a380459959fa68135a99163""","https://b2bfiles1.gigab2b.cn/image/wkseller/305/b34e6983fdb35759846dd42fa3e1f37e.jpg?x-cc=20&x-cu=28909&x-ct=1784098800&x-cs=742fbe84528ed9092a4c7628e30d9c1c""","https://b2bfiles1.gigab2b.cn/image/wkseller/305/83102d4075f7b7c247556d37500c8dd1.jpg?x-cc=20&x-cu=28909&x-ct=1784098800&x-cs=46769a1fb54271d3fc126ddcb5e0a74e""","https://b2bfiles1.gigab2b.cn/image/wkseller/305/bd4d9033c18c1de1841d1a39da326b1d.jpg?x-cc=20&x-cu=28909&x-ct=1784098800&x-cs=d9d4f2db05a631be448a158d9bb0047c""","https://b2bfiles1.gigab2b.cn/image/wkseller/305/309b0f5fe76082860df2a897a7a35912.jpg?x-cc=20&x-cu=28909&x-ct=1784098800&x-cs=4b7edbf6d2ca74d2d3e52de201719fe6""","https://b2bfiles1.gigab2b.cn/image/wkseller/305/84c46fe413d59394efbcc54c4ca6f2e7.jpg?x-cc=20&x-cu=28909&x-ct=1784098800&x-cs=4784d85aca84928a47b460dfb724e24e""","https://b2bfiles1.gigab2b.cn/image/wkseller/305/13b74153002b388ef8873de3c66a0d15.jpg?x-cc=20&x-cu=28909&x-ct=1784098800&x-cs=355a294aa6acfdbcfa515d089c107357""","https://b2bfiles1.gigab2b.cn/image/wkseller/305/083581be5e68e5dfc93c47f9848925de.jpg?x-cc=20&x-cu=28909&x-ct=1784098800&x-cs=e7378ce3c1d57ed8a65c8dd984aef841""",https://pub-606bcd6c031442e4959f73b5435fefd1.r2.dev/shipping-guide.png,【ASC（アートセッティングデリバリー）配送】電動ランニングマシン ルームランナー MAX16km/h  20段電動傾斜調整機能付き フィットネスマシーン  心拍数計測 ダイエット器具 有酸素運動 静音 折りたたみ  家庭用 トレッドミル エクササイズ,"ホムブリスショップへようこそ
♪すべての商品は未開封の新品です
♪フォロー割あり
♪まとめ買い割あり：2点で2%OFF、3点で3%OFF、最大5%（一部商品適用外）
♪発送と送料：在庫品は1～2営業日以内に発送、再入荷商品は入荷後1～2営業日以内に発送いたします。北海道は基本的に追加送料不要です。沖縄への送料は別途お見積りが必須です。

【商品説明】

重量(kg): 55
長さ(cm): 151
幅(cm): 75
高さ(cm): 24
組立時重量: Not Applicable
組立時長さ: Not Applicable
組立時幅: Not Applicable
組立時高さ: Not Applicable
主要素材: Steel
主要カラー: Black",ブラック,39,N509P494611B,,,,,,,,,,,,,,,,,,,,,,,,,,,,,,,,,,,,,,,48983,DkjqZAKBXaZN8FB2Kb6zhX,1,1,jp13,1,1,1,,,,,,,
"https://b2bfiles1.gigab2b.cn/image/wkseller/305/e6eedffbcb494bc10ae481e2c13eac00.jpg?x-cc=20&x-cu=28909&x-ct=1784098800&x-cs=7024c0551304b2499022f60fc712ec4b""","https://b2bfiles1.gigab2b.cn/image/wkseller/305/7a9491cfd34132363574dbd041466115.jpg?x-cc=20&x-cu=28909&x-ct=1784098800&x-cs=33430a4506ba9b6647ab72d52ceec0e5""","https://b2bfiles1.gigab2b.cn/image/wkseller/305/03a639339f8233b7fccbdddbbcbf4b3a.jpg?x-cc=20&x-cu=28909&x-ct=1784098800&x-cs=8f4559814af7536581f288f4e9f9308a""","https://b2bfiles1.gigab2b.cn/image/wkseller/305/eae3b77fd3b967d7c92c295446655d00.jpg?x-cc=20&x-cu=28909&x-ct=1784098800&x-cs=a0e5420d521f020d74946b113ecf6000""","https://b2bfiles1.gigab2b.cn/image/wkseller/305/17dffc608d3889e29c5e8ea1d8cb6786.jpg?x-cc=20&x-cu=28909&x-ct=1784098800&x-cs=62c1c5e6476d299352e83e5adfdea932""","https://b2bfiles1.gigab2b.cn/image/wkseller/305/5f5abb60bbb4c8846d463086a4867ad7.jpg?x-cc=20&x-cu=28909&x-ct=1784098800&x-cs=2301d51176ea82ee03b5416ace87d8b4""","https://b2bfiles1.gigab2b.cn/image/wkseller/305/e1167f47b64c6879352680e29206c470.jpg?x-cc=20&x-cu=28909&x-ct=1784098800&x-cs=fdd61da4463120883407a0c29f683283""","https://b2bfiles1.gigab2b.cn/image/wkseller/305/9312febc4fc42f459642244f5f37a271.jpg?x-cc=20&x-cu=28909&x-ct=1784098800&x-cs=d253ca5488d197daddcc2a0112f45348""","https://b2bfiles1.gigab2b.cn/image/wkseller/305/f58ed9c68d49372f43677a088ed19110.jpg?x-cc=20&x-cu=28909&x-ct=1784098800&x-cs=2311afd8eb03fa434eaa03b56cdb7bd6""","https://b2bfiles1.gigab2b.cn/image/wkseller/305/4f2279b5c230d5f69d8ce0b0e0ffec65.jpg?x-cc=20&x-cu=28909&x-ct=1784098800&x-cs=ee4c416485a7d7cc6e0c43a855333af4""","https://b2bfiles1.gigab2b.cn/image/wkseller/305/5029a79ab8fd12fcfc402dc75f0926b4.jpg?x-cc=20&x-cu=28909&x-ct=1784098800&x-cs=ef058b67a7f029b4cf34c4f4fa68bc1c""","https://b2bfiles1.gigab2b.cn/image/wkseller/305/17dffc608d3889e29c5e8ea1d8cb6786.jpg?x-cc=20&x-cu=28909&x-ct=1784098800&x-cs=62c1c5e6476d299352e83e5adfdea932""","https://b2bfiles1.gigab2b.cn/image/wkseller/305/d8601a5ab6e29a7e3ae7e39289b8ed3c.jpg?x-cc=20&x-cu=28909&x-ct=1784098800&x-cs=5e1a125c12370701f1b5a1f69e8efe3c""","https://b2bfiles1.gigab2b.cn/image/wkseller/305/b190bf5f34cb2b72f4d93abaf282b048.jpg?x-cc=20&x-cu=28909&x-ct=1784098800&x-cs=d65a010a86e4cc25391bb1c6f9f37028""","https://b2bfiles1.gigab2b.cn/image/wkseller/305/6247fc07e1c1df501c129ad471525804.jpg?x-cc=20&x-cu=28909&x-ct=1784098800&x-cs=d3bd4adcb6c4fb9a70f1e896109715f9""","https://b2bfiles1.gigab2b.cn/image/wkseller/305/022828eac0d4aceb7f69c149305a209e.jpg?x-cc=20&x-cu=28909&x-ct=1784098800&x-cs=cd51e63bf10d4f563bec67fff5588811""","https://b2bfiles1.gigab2b.cn/image/wkseller/305/413abd2b31510e1f8a678478a2867e4e.jpg?x-cc=20&x-cu=28909&x-ct=1784098800&x-cs=1a882d9a046e2456284bc3d3f127eafa""","https://b2bfiles1.gigab2b.cn/image/wkseller/305/c6b5795277a42b367d81541968a1664c.jpg?x-cc=20&x-cu=28909&x-ct=1784098800&x-cs=b0cf7e84121a725b36daa028fbd6440e""","https://b2bfiles1.gigab2b.cn/image/wkseller/305/30be35c0f102cac737f0f3c57bfa3b06.jpg?x-cc=20&x-cu=28909&x-ct=1784098800&x-cs=1c0db1266bc186775d53e7d6bfb40fb8""",https://pub-606bcd6c031442e4959f73b5435fefd1.r2.dev/shipping-guide.png,『数量限定セール』 【タイプ　A　ブランコ＋すべり台＋階段】すべり台  キャッスル  大型遊具 すべりだい  スライダー  室内  遊具 バスケットゴール 収納 グレー×ホワイト,"ホムブリスショップへようこそ
♪すべての商品は未開封の新品です
♪フォロー割あり
♪まとめ買い割あり：2点で2%OFF、3点で3%OFF、最大5%（一部商品適用外）
♪発送と送料：在庫品は1～2営業日以内に発送、再入荷商品は入荷後1～2営業日以内に発送いたします。北海道は基本的に追加送料不要です。沖縄への送料は別途お見積りが必須です。

【商品説明】

重量(kg): 10
長さ(cm): 90
幅(cm): 48
高さ(cm): 32
組立時重量: Not Applicable
組立時長さ: Not Applicable
組立時幅: Not Applicable
組立時高さ: Not Applicable
主要素材: Polypropylene
主要カラー: Grey+White",グレー+ホワイト,0,N509P507663A,,,,,,,,,,,,,,,,,,,,,,,,,,,,,,,,,,,,,,,11205,RCVuRU7Ru3xvBFY6vr5xP7,1,1,jp13,1,1,1,,,,,,,
"https://b2bfiles1.gigab2b.cn/image/wkseller/305/e6eedffbcb494bc10ae481e2c13eac00.jpg?x-cc=20&x-cu=28909&x-ct=1784098800&x-cs=7024c0551304b2499022f60fc712ec4b""","https://b2bfiles1.gigab2b.cn/image/wkseller/305/7a9491cfd34132363574dbd041466115.jpg?x-cc=20&x-cu=28909&x-ct=1784098800&x-cs=33430a4506ba9b6647ab72d52ceec0e5""","https://b2bfiles1.gigab2b.cn/image/wkseller/305/03a639339f8233b7fccbdddbbcbf4b3a.jpg?x-cc=20&x-cu=28909&x-ct=1784098800&x-cs=8f4559814af7536581f288f4e9f9308a""","https://b2bfiles1.gigab2b.cn/image/wkseller/305/eae3b77fd3b967d7c92c295446655d00.jpg?x-cc=20&x-cu=28909&x-ct=1784098800&x-cs=a0e5420d521f020d74946b113ecf6000""","https://b2bfiles1.gigab2b.cn/image/wkseller/305/17dffc608d3889e29c5e8ea1d8cb6786.jpg?x-cc=20&x-cu=28909&x-ct=1784098800&x-cs=62c1c5e6476d299352e83e5adfdea932""","https://b2bfiles1.gigab2b.cn/image/wkseller/305/5f5abb60bbb4c8846d463086a4867ad7.jpg?x-cc=20&x-cu=28909&x-ct=1784098800&x-cs=2301d51176ea82ee03b5416ace87d8b4""","https://b2bfiles1.gigab2b.cn/image/wkseller/305/e1167f47b64c6879352680e29206c470.jpg?x-cc=20&x-cu=28909&x-ct=1784098800&x-cs=fdd61da4463120883407a0c29f683283""","https://b2bfiles1.gigab2b.cn/image/wkseller/305/9312febc4fc42f459642244f5f37a271.jpg?x-cc=20&x-cu=28909&x-ct=1784098800&x-cs=d253ca5488d197daddcc2a0112f45348""","https://b2bfiles1.gigab2b.cn/image/wkseller/305/f58ed9c68d49372f43677a088ed19110.jpg?x-cc=20&x-cu=28909&x-ct=1784098800&x-cs=2311afd8eb03fa434eaa03b56cdb7bd6""","https://b2bfiles1.gigab2b.cn/image/wkseller/305/4f2279b5c230d5f69d8ce0b0e0ffec65.jpg?x-cc=20&x-cu=28909&x-ct=1784098800&x-cs=ee4c416485a7d7cc6e0c43a855333af4""","https://b2bfiles1.gigab2b.cn/image/wkseller/305/5029a79ab8fd12fcfc402dc75f0926b4.jpg?x-cc=20&x-cu=28909&x-ct=1784098800&x-cs=ef058b67a7f029b4cf34c4f4fa68bc1c""","https://b2bfiles1.gigab2b.cn/image/wkseller/305/4f2279b5c230d5f69d8ce0b0e0ffec65.jpg?x-cc=20&x-cu=28909&x-ct=1784098800&x-cs=ee4c416485a7d7cc6e0c43a855333af4""","https://b2bfiles1.gigab2b.cn/image/wkseller/305/d8601a5ab6e29a7e3ae7e39289b8ed3c.jpg?x-cc=20&x-cu=28909&x-ct=1784098800&x-cs=5e1a125c12370701f1b5a1f69e8efe3c""","https://b2bfiles1.gigab2b.cn/image/wkseller/305/b190bf5f34cb2b72f4d93abaf282b048.jpg?x-cc=20&x-cu=28909&x-ct=1784098800&x-cs=d65a010a86e4cc25391bb1c6f9f37028""","https://b2bfiles1.gigab2b.cn/image/wkseller/305/6247fc07e1c1df501c129ad471525804.jpg?x-cc=20&x-cu=28909&x-ct=1784098800&x-cs=d3bd4adcb6c4fb9a70f1e896109715f9""","https://b2bfiles1.gigab2b.cn/image/wkseller/305/022828eac0d4aceb7f69c149305a209e.jpg?x-cc=20&x-cu=28909&x-ct=1784098800&x-cs=cd51e63bf10d4f563bec67fff5588811""","https://b2bfiles1.gigab2b.cn/image/wkseller/305/413abd2b31510e1f8a678478a2867e4e.jpg?x-cc=20&x-cu=28909&x-ct=1784098800&x-cs=1a882d9a046e2456284bc3d3f127eafa""","https://b2bfiles1.gigab2b.cn/image/wkseller/305/c6b5795277a42b367d81541968a1664c.jpg?x-cc=20&x-cu=28909&x-ct=1784098800&x-cs=b0cf7e84121a725b36daa028fbd6440e""","https://b2bfiles1.gigab2b.cn/image/wkseller/305/30be35c0f102cac737f0f3c57bfa3b06.jpg?x-cc=20&x-cu=28909&x-ct=1784098800&x-cs=1c0db1266bc186775d53e7d6bfb40fb8""",https://pub-606bcd6c031442e4959f73b5435fefd1.r2.dev/shipping-guide.png,【タイプ B　すべり台＋通路＋階段】すべり台  キャッスル  大型遊具 すべりだい  スライダー  室内  遊具 バスケットゴール 収納 グレー×ホワイト,"ホムブリスショップへようこそ
♪すべての商品は未開封の新品です
♪フォロー割あり
♪まとめ買い割あり：2点で2%OFF、3点で3%OFF、最大5%（一部商品適用外）
♪発送と送料：在庫品は1～2営業日以内に発送、再入荷商品は入荷後1～2営業日以内に発送いたします。北海道は基本的に追加送料不要です。沖縄への送料は別途お見積りが必須です。

【商品説明】

重量(kg): 12
長さ(cm): 86
幅(cm): 48
高さ(cm): 32
組立時重量: Not Applicable
組立時長さ: Not Applicable
組立時幅: Not Applicable
組立時高さ: Not Applicable
主要素材: Polypropylene
主要カラー: Grey+White",グレー+ホワイト,0,N509P507664A,,,,,,,,,,,,,,,,,,,,,,,,,,,,,,,,,,,,,,,12005,RCVuRU7Ru3xvBFY6vr5xP7,1,1,jp13,1,1,1,,,,,,,
"https://b2bfiles1.gigab2b.cn/image/wkseller/305/e6eedffbcb494bc10ae481e2c13eac00.jpg?x-cc=20&x-cu=28909&x-ct=1784098800&x-cs=7024c0551304b2499022f60fc712ec4b""","https://b2bfiles1.gigab2b.cn/image/wkseller/305/7a9491cfd34132363574dbd041466115.jpg?x-cc=20&x-cu=28909&x-ct=1784098800&x-cs=33430a4506ba9b6647ab72d52ceec0e5""","https://b2bfiles1.gigab2b.cn/image/wkseller/305/03a639339f8233b7fccbdddbbcbf4b3a.jpg?x-cc=20&x-cu=28909&x-ct=1784098800&x-cs=8f4559814af7536581f288f4e9f9308a""","https://b2bfiles1.gigab2b.cn/image/wkseller/305/eae3b77fd3b967d7c92c295446655d00.jpg?x-cc=20&x-cu=28909&x-ct=1784098800&x-cs=a0e5420d521f020d74946b113ecf6000""","https://b2bfiles1.gigab2b.cn/image/wkseller/305/17dffc608d3889e29c5e8ea1d8cb6786.jpg?x-cc=20&x-cu=28909&x-ct=1784098800&x-cs=62c1c5e6476d299352e83e5adfdea932""","https://b2bfiles1.gigab2b.cn/image/wkseller/305/5f5abb60bbb4c8846d463086a4867ad7.jpg?x-cc=20&x-cu=28909&x-ct=1784098800&x-cs=2301d51176ea82ee03b5416ace87d8b4""","https://b2bfiles1.gigab2b.cn/image/wkseller/305/e1167f47b64c6879352680e29206c470.jpg?x-cc=20&x-cu=28909&x-ct=1784098800&x-cs=fdd61da4463120883407a0c29f683283""","https://b2bfiles1.gigab2b.cn/image/wkseller/305/9312febc4fc42f459642244f5f37a271.jpg?x-cc=20&x-cu=28909&x-ct=1784098800&x-cs=d253ca5488d197daddcc2a0112f45348""","https://b2bfiles1.gigab2b.cn/image/wkseller/305/f58ed9c68d49372f43677a088ed19110.jpg?x-cc=20&x-cu=28909&x-ct=1784098800&x-cs=2311afd8eb03fa434eaa03b56cdb7bd6""","https://b2bfiles1.gigab2b.cn/image/wkseller/305/4f2279b5c230d5f69d8ce0b0e0ffec65.jpg?x-cc=20&x-cu=28909&x-ct=1784098800&x-cs=ee4c416485a7d7cc6e0c43a855333af4""","https://b2bfiles1.gigab2b.cn/image/wkseller/305/5029a79ab8fd12fcfc402dc75f0926b4.jpg?x-cc=20&x-cu=28909&x-ct=1784098800&x-cs=ef058b67a7f029b4cf34c4f4fa68bc1c""","https://b2bfiles1.gigab2b.cn/image/wkseller/305/e1167f47b64c6879352680e29206c470.jpg?x-cc=20&x-cu=28909&x-ct=1784098800&x-cs=fdd61da4463120883407a0c29f683283""","https://b2bfiles1.gigab2b.cn/image/wkseller/305/d8601a5ab6e29a7e3ae7e39289b8ed3c.jpg?x-cc=20&x-cu=28909&x-ct=1784098800&x-cs=5e1a125c12370701f1b5a1f69e8efe3c""","https://b2bfiles1.gigab2b.cn/image/wkseller/305/b190bf5f34cb2b72f4d93abaf282b048.jpg?x-cc=20&x-cu=28909&x-ct=1784098800&x-cs=d65a010a86e4cc25391bb1c6f9f37028""","https://b2bfiles1.gigab2b.cn/image/wkseller/305/6247fc07e1c1df501c129ad471525804.jpg?x-cc=20&x-cu=28909&x-ct=1784098800&x-cs=d3bd4adcb6c4fb9a70f1e896109715f9""","https://b2bfiles1.gigab2b.cn/image/wkseller/305/022828eac0d4aceb7f69c149305a209e.jpg?x-cc=20&x-cu=28909&x-ct=1784098800&x-cs=cd51e63bf10d4f563bec67fff5588811""","https://b2bfiles1.gigab2b.cn/image/wkseller/305/413abd2b31510e1f8a678478a2867e4e.jpg?x-cc=20&x-cu=28909&x-ct=1784098800&x-cs=1a882d9a046e2456284bc3d3f127eafa""","https://b2bfiles1.gigab2b.cn/image/wkseller/305/c6b5795277a42b367d81541968a1664c.jpg?x-cc=20&x-cu=28909&x-ct=1784098800&x-cs=b0cf7e84121a725b36daa028fbd6440e""","https://b2bfiles1.gigab2b.cn/image/wkseller/305/30be35c0f102cac737f0f3c57bfa3b06.jpg?x-cc=20&x-cu=28909&x-ct=1784098800&x-cs=1c0db1266bc186775d53e7d6bfb40fb8""",https://pub-606bcd6c031442e4959f73b5435fefd1.r2.dev/shipping-guide.png,【タイプC　すべり台＋通路＋収納スペース＋階段】すべり台  キャッスル  大型遊具 すべりだい  スライダー  室内  遊具 バスケットゴール 収納 グレー×ホワイト,"ホムブリスショップへようこそ
♪すべての商品は未開封の新品です
♪フォロー割あり
♪まとめ買い割あり：2点で2%OFF、3点で3%OFF、最大5%（一部商品適用外）
♪発送と送料：在庫品は1～2営業日以内に発送、再入荷商品は入荷後1～2営業日以内に発送いたします。北海道は基本的に追加送料不要です。沖縄への送料は別途お見積りが必須です。

【商品説明】

重量(kg): 15
長さ(cm): 86
幅(cm): 47
高さ(cm): 37
組立時重量: Not Applicable
組立時長さ: Not Applicable
組立時幅: Not Applicable
組立時高さ: Not Applicable
主要素材: Polypropylene
主要カラー: Grey+White",グレー+ホワイト,0,N509P507665A,,,,,,,,,,,,,,,,,,,,,,,,,,,,,,,,,,,,,,,13505,RCVuRU7Ru3xvBFY6vr5xP7,1,1,jp13,1,1,1,,,,,,,
"https://b2bfiles1.gigab2b.cn/image/wkseller/305/e6eedffbcb494bc10ae481e2c13eac00.jpg?x-cc=20&x-cu=28909&x-ct=1784098800&x-cs=7024c0551304b2499022f60fc712ec4b""","https://b2bfiles1.gigab2b.cn/image/wkseller/305/7a9491cfd34132363574dbd041466115.jpg?x-cc=20&x-cu=28909&x-ct=1784098800&x-cs=33430a4506ba9b6647ab72d52ceec0e5""","https://b2bfiles1.gigab2b.cn/image/wkseller/305/03a639339f8233b7fccbdddbbcbf4b3a.jpg?x-cc=20&x-cu=28909&x-ct=1784098800&x-cs=8f4559814af7536581f288f4e9f9308a""","https://b2bfiles1.gigab2b.cn/image/wkseller/305/eae3b77fd3b967d7c92c295446655d00.jpg?x-cc=20&x-cu=28909&x-ct=1784098800&x-cs=a0e5420d521f020d74946b113ecf6000""","https://b2bfiles1.gigab2b.cn/image/wkseller/305/17dffc608d3889e29c5e8ea1d8cb6786.jpg?x-cc=20&x-cu=28909&x-ct=1784098800&x-cs=62c1c5e6476d299352e83e5adfdea932""","https://b2bfiles1.gigab2b.cn/image/wkseller/305/5f5abb60bbb4c8846d463086a4867ad7.jpg?x-cc=20&x-cu=28909&x-ct=1784098800&x-cs=2301d51176ea82ee03b5416ace87d8b4""","https://b2bfiles1.gigab2b.cn/image/wkseller/305/e1167f47b64c6879352680e29206c470.jpg?x-cc=20&x-cu=28909&x-ct=1784098800&x-cs=fdd61da4463120883407a0c29f683283""","https://b2bfiles1.gigab2b.cn/image/wkseller/305/9312febc4fc42f459642244f5f37a271.jpg?x-cc=20&x-cu=28909&x-ct=1784098800&x-cs=d253ca5488d197daddcc2a0112f45348""","https://b2bfiles1.gigab2b.cn/image/wkseller/305/f58ed9c68d49372f43677a088ed19110.jpg?x-cc=20&x-cu=28909&x-ct=1784098800&x-cs=2311afd8eb03fa434eaa03b56cdb7bd6""","https://b2bfiles1.gigab2b.cn/image/wkseller/305/4f2279b5c230d5f69d8ce0b0e0ffec65.jpg?x-cc=20&x-cu=28909&x-ct=1784098800&x-cs=ee4c416485a7d7cc6e0c43a855333af4""","https://b2bfiles1.gigab2b.cn/image/wkseller/305/5029a79ab8fd12fcfc402dc75f0926b4.jpg?x-cc=20&x-cu=28909&x-ct=1784098800&x-cs=ef058b67a7f029b4cf34c4f4fa68bc1c""","https://b2bfiles1.gigab2b.cn/image/wkseller/305/03a639339f8233b7fccbdddbbcbf4b3a.jpg?x-cc=20&x-cu=28909&x-ct=1784098800&x-cs=8f4559814af7536581f288f4e9f9308a""","https://b2bfiles1.gigab2b.cn/image/wkseller/305/d8601a5ab6e29a7e3ae7e39289b8ed3c.jpg?x-cc=20&x-cu=28909&x-ct=1784098800&x-cs=5e1a125c12370701f1b5a1f69e8efe3c""","https://b2bfiles1.gigab2b.cn/image/wkseller/305/b190bf5f34cb2b72f4d93abaf282b048.jpg?x-cc=20&x-cu=28909&x-ct=1784098800&x-cs=d65a010a86e4cc25391bb1c6f9f37028""","https://b2bfiles1.gigab2b.cn/image/wkseller/305/6247fc07e1c1df501c129ad471525804.jpg?x-cc=20&x-cu=28909&x-ct=1784098800&x-cs=d3bd4adcb6c4fb9a70f1e896109715f9""","https://b2bfiles1.gigab2b.cn/image/wkseller/305/022828eac0d4aceb7f69c149305a209e.jpg?x-cc=20&x-cu=28909&x-ct=1784098800&x-cs=cd51e63bf10d4f563bec67fff5588811""","https://b2bfiles1.gigab2b.cn/image/wkseller/305/413abd2b31510e1f8a678478a2867e4e.jpg?x-cc=20&x-cu=28909&x-ct=1784098800&x-cs=1a882d9a046e2456284bc3d3f127eafa""","https://b2bfiles1.gigab2b.cn/image/wkseller/305/c6b5795277a42b367d81541968a1664c.jpg?x-cc=20&x-cu=28909&x-ct=1784098800&x-cs=b0cf7e84121a725b36daa028fbd6440e""","https://b2bfiles1.gigab2b.cn/image/wkseller/305/30be35c0f102cac737f0f3c57bfa3b06.jpg?x-cc=20&x-cu=28909&x-ct=1784098800&x-cs=1c0db1266bc186775d53e7d6bfb40fb8""",https://pub-606bcd6c031442e4959f73b5435fefd1.r2.dev/shipping-guide.png,【タイプ D ブランコ＋すべり台＋通路＋階段】すべり台  キャッスル  大型遊具 すべりだい  スライダー  室内  遊具 バスケットゴール 収納 グレー×ホワイト,"ホムブリスショップへようこそ
♪すべての商品は未開封の新品です
♪フォロー割あり
♪まとめ買い割あり：2点で2%OFF、3点で3%OFF、最大5%（一部商品適用外）
♪発送と送料：在庫品は1～2営業日以内に発送、再入荷商品は入荷後1～2営業日以内に発送いたします。北海道は基本的に追加送料不要です。沖縄への送料は別途お見積りが必須です。

【商品説明】

重量(kg): 16
長さ(cm): 86
幅(cm): 51
高さ(cm): 37
組立時重量: Not Applicable
組立時長さ: Not Applicable
組立時幅: Not Applicable
組立時高さ: Not Applicable
主要素材: Polypropylene
主要カラー: Grey+White",グレー+ホワイト,0,N509P507666A,,,,,,,,,,,,,,,,,,,,,,,,,,,,,,,,,,,,,,,14857,RCVuRU7Ru3xvBFY6vr5xP7,1,1,jp13,1,1,1,,,,,,,
"https://b2bfiles1.gigab2b.cn/image/wkseller/305/e6eedffbcb494bc10ae481e2c13eac00.jpg?x-cc=20&x-cu=28909&x-ct=1784098800&x-cs=7024c0551304b2499022f60fc712ec4b""","https://b2bfiles1.gigab2b.cn/image/wkseller/305/7a9491cfd34132363574dbd041466115.jpg?x-cc=20&x-cu=28909&x-ct=1784098800&x-cs=33430a4506ba9b6647ab72d52ceec0e5""","https://b2bfiles1.gigab2b.cn/image/wkseller/305/03a639339f8233b7fccbdddbbcbf4b3a.jpg?x-cc=20&x-cu=28909&x-ct=1784098800&x-cs=8f4559814af7536581f288f4e9f9308a""","https://b2bfiles1.gigab2b.cn/image/wkseller/305/eae3b77fd3b967d7c92c295446655d00.jpg?x-cc=20&x-cu=28909&x-ct=1784098800&x-cs=a0e5420d521f020d74946b113ecf6000""","https://b2bfiles1.gigab2b.cn/image/wkseller/305/17dffc608d3889e29c5e8ea1d8cb6786.jpg?x-cc=20&x-cu=28909&x-ct=1784098800&x-cs=62c1c5e6476d299352e83e5adfdea932""","https://b2bfiles1.gigab2b.cn/image/wkseller/305/5f5abb60bbb4c8846d463086a4867ad7.jpg?x-cc=20&x-cu=28909&x-ct=1784098800&x-cs=2301d51176ea82ee03b5416ace87d8b4""","https://b2bfiles1.gigab2b.cn/image/wkseller/305/e1167f47b64c6879352680e29206c470.jpg?x-cc=20&x-cu=28909&x-ct=1784098800&x-cs=fdd61da4463120883407a0c29f683283""","https://b2bfiles1.gigab2b.cn/image/wkseller/305/9312febc4fc42f459642244f5f37a271.jpg?x-cc=20&x-cu=28909&x-ct=1784098800&x-cs=d253ca5488d197daddcc2a0112f45348""","https://b2bfiles1.gigab2b.cn/image/wkseller/305/f58ed9c68d49372f43677a088ed19110.jpg?x-cc=20&x-cu=28909&x-ct=1784098800&x-cs=2311afd8eb03fa434eaa03b56cdb7bd6""","https://b2bfiles1.gigab2b.cn/image/wkseller/305/4f2279b5c230d5f69d8ce0b0e0ffec65.jpg?x-cc=20&x-cu=28909&x-ct=1784098800&x-cs=ee4c416485a7d7cc6e0c43a855333af4""","https://b2bfiles1.gigab2b.cn/image/wkseller/305/5029a79ab8fd12fcfc402dc75f0926b4.jpg?x-cc=20&x-cu=28909&x-ct=1784098800&x-cs=ef058b67a7f029b4cf34c4f4fa68bc1c""","https://b2bfiles1.gigab2b.cn/image/wkseller/305/5029a79ab8fd12fcfc402dc75f0926b4.jpg?x-cc=20&x-cu=28909&x-ct=1784098800&x-cs=ef058b67a7f029b4cf34c4f4fa68bc1c""","https://b2bfiles1.gigab2b.cn/image/wkseller/305/d8601a5ab6e29a7e3ae7e39289b8ed3c.jpg?x-cc=20&x-cu=28909&x-ct=1784098800&x-cs=5e1a125c12370701f1b5a1f69e8efe3c""","https://b2bfiles1.gigab2b.cn/image/wkseller/305/b190bf5f34cb2b72f4d93abaf282b048.jpg?x-cc=20&x-cu=28909&x-ct=1784098800&x-cs=d65a010a86e4cc25391bb1c6f9f37028""","https://b2bfiles1.gigab2b.cn/image/wkseller/305/6247fc07e1c1df501c129ad471525804.jpg?x-cc=20&x-cu=28909&x-ct=1784098800&x-cs=d3bd4adcb6c4fb9a70f1e896109715f9""","https://b2bfiles1.gigab2b.cn/image/wkseller/305/022828eac0d4aceb7f69c149305a209e.jpg?x-cc=20&x-cu=28909&x-ct=1784098800&x-cs=cd51e63bf10d4f563bec67fff5588811""","https://b2bfiles1.gigab2b.cn/image/wkseller/305/413abd2b31510e1f8a678478a2867e4e.jpg?x-cc=20&x-cu=28909&x-ct=1784098800&x-cs=1a882d9a046e2456284bc3d3f127eafa""","https://b2bfiles1.gigab2b.cn/image/wkseller/305/c6b5795277a42b367d81541968a1664c.jpg?x-cc=20&x-cu=28909&x-ct=1784098800&x-cs=b0cf7e84121a725b36daa028fbd6440e""","https://b2bfiles1.gigab2b.cn/image/wkseller/305/30be35c0f102cac737f0f3c57bfa3b06.jpg?x-cc=20&x-cu=28909&x-ct=1784098800&x-cs=1c0db1266bc186775d53e7d6bfb40fb8""",https://pub-606bcd6c031442e4959f73b5435fefd1.r2.dev/shipping-guide.png,【タイプ E　ブランコ＋すべり台＋通路＋収納スペース＋階段】すべり台  キャッスル  大型遊具 すべりだい  スライダー  室内  遊具 バスケットゴール 収納 グレー×ホワイト,"ホムブリスショップへようこそ
♪すべての商品は未開封の新品です
♪フォロー割あり
♪まとめ買い割あり：2点で2%OFF、3点で3%OFF、最大5%（一部商品適用外）
♪発送と送料：在庫品は1～2営業日以内に発送、再入荷商品は入荷後1～2営業日以内に発送いたします。北海道は基本的に追加送料不要です。沖縄への送料は別途お見積りが必須です。

【商品説明】

重量(kg): 18
長さ(cm): 87
幅(cm): 55
高さ(cm): 43
組立時重量: Not Applicable
組立時長さ: Not Applicable
組立時幅: Not Applicable
組立時高さ: Not Applicable
主要素材: Polypropylene
主要カラー: Grey+White",グレー+ホワイト,0,N509P507668A,,,,,,,,,,,,,,,,,,,,,,,,,,,,,,,,,,,,,,,17330,RCVuRU7Ru3xvBFY6vr5xP7,1,1,jp13,1,1,1,,,,,,,
"https://b2bfiles1.gigab2b.cn/image/wkseller/302/c1112d7eaf5839ae581c1451d4152063.jpg?x-cc=20&x-cu=28909&x-ct=1784098800&x-cs=fa974f20ceec90ffcd4d81051393b4df""","https://b2bfiles1.gigab2b.cn/image/wkseller/302/7af12abc92ffa8f0d9d38b8c40d4e1ae.jpg?x-cc=20&x-cu=28909&x-ct=1784098800&x-cs=69cea553494535be6877fed7847247b4""","https://b2bfiles1.gigab2b.cn/image/wkseller/302/94ac5202b8f2fa61791338b82286ffbd.jpg?x-cc=20&x-cu=28909&x-ct=1784098800&x-cs=f290db132aaeaa24ac61bfa1b523f35e""","https://b2bfiles1.gigab2b.cn/image/wkseller/302/7c21e1f60acd2b986c7ec4a97f570dcb.jpg?x-cc=20&x-cu=28909&x-ct=1784098800&x-cs=4a85b1c4117b9fc920616fe4940d6a9c""","https://b2bfiles1.gigab2b.cn/image/wkseller/302/2759437bb1505bf858773237232f24ac.jpg?x-cc=20&x-cu=28909&x-ct=1784098800&x-cs=9a0cd898efd25e80068ffc6d3b963a71""","https://b2bfiles1.gigab2b.cn/image/wkseller/302/e8a5bf8929cde8c244407c3f8ea67ed8.jpg?x-cc=20&x-cu=28909&x-ct=1784098800&x-cs=57195d2a4933bf374134f5dfd442881c""","https://b2bfiles1.gigab2b.cn/image/wkseller/302/1bb50880d545be91f91299966e6eebd1.jpg?x-cc=20&x-cu=28909&x-ct=1784098800&x-cs=4383379962fc1ab4bc66a0a79ec08e25""","https://b2bfiles1.gigab2b.cn/image/wkseller/302/a9faf7282d90e2bac65aaa58944a82e2.jpg?x-cc=20&x-cu=28909&x-ct=1784098800&x-cs=38941b13f17cbbd6af8fa4efeba39a9c""","https://b2bfiles1.gigab2b.cn/image/wkseller/302/de8c97f655d2137141e9dcc0004db690.jpg?x-cc=20&x-cu=28909&x-ct=1784098800&x-cs=e7b930adac269adbe3769ddc6f8775eb""","https://b2bfiles1.gigab2b.cn/image/wkseller/302/8edc0c4dacd77d7b461e2b72f7f6d5ee.jpg?x-cc=20&x-cu=28909&x-ct=1784098800&x-cs=dd6df6eb089c07ccb1872143f908a97a""","https://b2bfiles1.gigab2b.cn/image/wkseller/302/f8c3b421895ebef5f8fd3c8a5e2cebfa.jpg?x-cc=20&x-cu=28909&x-ct=1784098800&x-cs=bfbc9c06726fddac116bebc10ca8fafb""","https://b2bfiles1.gigab2b.cn/image/wkseller/302/9e6d9767a0aa86c59d843e34e3902d42.jpg?x-cc=20&x-cu=28909&x-ct=1784098800&x-cs=ecf74a24aeee92f55ed85c085534703f""","https://b2bfiles1.gigab2b.cn/image/wkseller/302/ea0f2c1419790fde4ec9595ed0f802a9.jpg?x-cc=20&x-cu=28909&x-ct=1784098800&x-cs=9e3a86876a44887fdefce86892b560b9""","https://b2bfiles1.gigab2b.cn/image/wkseller/302/504b522a83b6a2f779c1038bd0af2afe.jpg?x-cc=20&x-cu=28909&x-ct=1784098800&x-cs=b2ae1afab3e0883901ebfd0aa0aa433e""","https://b2bfiles1.gigab2b.cn/image/wkseller/302/d1c113e1cea5ee7022c208b44be6be2c.jpg?x-cc=20&x-cu=28909&x-ct=1784098800&x-cs=be8206b6e5aff29774db333241b221f8""","https://b2bfiles1.gigab2b.cn/image/wkseller/302/ae5434ffba1ceb50bbffaba8b874b972.jpg?x-cc=20&x-cu=28909&x-ct=1784098800&x-cs=abec06246ad3c827412007a106b820d9""","https://b2bfiles1.gigab2b.cn/image/wkseller/302/9e1d05263ba4bb99d2443a2c278b5763.jpg?x-cc=20&x-cu=28909&x-ct=1784098800&x-cs=1848b2e96cf3ce1ddbe8af8dcdbba9c8""","https://b2bfiles1.gigab2b.cn/image/wkseller/302/1be32551606fa7d07c0b3c8bdb3771cc.jpg?x-cc=20&x-cu=28909&x-ct=1784098800&x-cs=c061e398aca7d5880bce3f10f292ae7e""","https://b2bfiles1.gigab2b.cn/image/wkseller/302/e35305dd825bf0d0ebfe113bd5e15b61.jpg?x-cc=20&x-cu=28909&x-ct=1784098800&x-cs=be2249f4573b62fdba23ab35ed6e6aad""",https://pub-606bcd6c031442e4959f73b5435fefd1.r2.dev/shipping-guide.png,冷凍庫 上開き 家庭用 252L ノンフロン チェストフリーザー  業務用 バスケット付き フリーザー ストッカー 冷凍  省エネ スリム 冷凍冷蔵庫 温度調整 氷 静音 大容量 食品 冷凍食品 ストック キッチン家電 白,"ホムブリスショップへようこそ
♪すべての商品は未開封の新品です
♪フォロー割あり
♪まとめ買い割あり：2点で2%OFF、3点で3%OFF、最大5%（一部商品適用外）
♪発送と送料：在庫品は1～2営業日以内に発送、再入荷商品は入荷後1～2営業日以内に発送いたします。北海道は基本的に追加送料不要です。沖縄への送料は別途お見積りが必須です。

【商品説明】

重量(kg): 35
長さ(cm): 108
幅(cm): 88
高さ(cm): 58
組立時重量: 32.00
組立時長さ: 105.40
組立時幅: 55.50
組立時高さ: 84.50
主要素材: Iron+Plastic
主要カラー: White",ホワイト,0,N510P447593A,,,,,,,,,,,,,,,,,,,,,,,,,,,,,,,,,,,,,,,40183,FLDJNR2Ztsu32JrPWGg6i,1,1,jp13,1,1,1,,,,,,,
"https://b2bfiles1.gigab2b.cn/image/wkseller/302/3f5efada803175f474c3c9c7b8078dc8.jpg?x-cc=20&x-cu=28909&x-ct=1784098800&x-cs=ee7547836b7f46869cf1d5d5066affe8""","https://b2bfiles1.gigab2b.cn/image/wkseller/302/8185506da19a3e8df96573ca66944b33.jpg?x-cc=20&x-cu=28909&x-ct=1784098800&x-cs=da3e4001dd06414d0da807486cb2861b""","https://b2bfiles1.gigab2b.cn/image/wkseller/302/913ff09377757773c6352231f515da34.jpg?x-cc=20&x-cu=28909&x-ct=1784098800&x-cs=9c4e34a4c098f9bb7830c5e0d9605cb7""","https://b2bfiles1.gigab2b.cn/image/wkseller/302/3311572f40c9d97a628e3775c5e7f0e9.jpg?x-cc=20&x-cu=28909&x-ct=1784098800&x-cs=beb3946960319fdee18ed99317a23a17""","https://b2bfiles1.gigab2b.cn/image/wkseller/302/4cba0565824109d869bd0b0981b2b448.jpg?x-cc=20&x-cu=28909&x-ct=1784098800&x-cs=4ebe3731ce82b6c994a637779efe19ef""","https://b2bfiles1.gigab2b.cn/image/wkseller/302/32fbb56f81f7e8df1202535c1ada33da.jpg?x-cc=20&x-cu=28909&x-ct=1784098800&x-cs=24eb826a4a7b92d65dea3057ccf9f51e""","https://b2bfiles1.gigab2b.cn/image/wkseller/302/75b293131404a43bff3cd6df79749b9b.jpg?x-cc=20&x-cu=28909&x-ct=1784098800&x-cs=508148c75cadfcf05f890f2e8b0e0a43""","https://b2bfiles1.gigab2b.cn/image/wkseller/302/c057ae74516d0f776d4cb0823434e9bb.jpg?x-cc=20&x-cu=28909&x-ct=1784098800&x-cs=1b00281b38379bfd31dfab4213fb5e11""","https://b2bfiles1.gigab2b.cn/image/wkseller/302/8ad9001473cb40b35e91e792e1046447.jpg?x-cc=20&x-cu=28909&x-ct=1784098800&x-cs=c66e74e82bd17338dec75dbed5fe1eb7""","https://b2bfiles1.gigab2b.cn/image/wkseller/302/8d1f559d2ee1797f0de8b36ee5fd83ba.jpg?x-cc=20&x-cu=28909&x-ct=1784098800&x-cs=afcb9a92299282da959f60f54f817c80""","https://b2bfiles1.gigab2b.cn/image/wkseller/302/4d441004a8beaeacb3ac0c94fd7808c9.jpg?x-cc=20&x-cu=28909&x-ct=1784098800&x-cs=8d4b216c81219786485beba39e15d4ad""","https://b2bfiles1.gigab2b.cn/image/wkseller/302/b70e15043759a27c94e70eb328284854.jpg?x-cc=20&x-cu=28909&x-ct=1784098800&x-cs=28b078242d1c8e331cf79aeebe6da28f""","https://b2bfiles1.gigab2b.cn/image/wkseller/302/1054d566f0125faa8b27496bbeed01cc.jpg?x-cc=20&x-cu=28909&x-ct=1784098800&x-cs=f0e5c16ff4c0863bb241817bcd6c2a4d""","https://b2bfiles1.gigab2b.cn/image/wkseller/302/b7e77b19d87cf6d1aab8bd324f4de28b.jpg?x-cc=20&x-cu=28909&x-ct=1784098800&x-cs=d2b5e51a30d6650d1b363da20fa43004""","https://b2bfiles1.gigab2b.cn/image/wkseller/302/97fe9f1504e54723fbf0d77d8daf5939.jpg?x-cc=20&x-cu=28909&x-ct=1784098800&x-cs=4f0efd8b084f6d563d903ecd3464f01b""","https://b2bfiles1.gigab2b.cn/image/wkseller/302/1eda3e23ec2a804d077cdee4a7ba982d.jpg?x-cc=20&x-cu=28909&x-ct=1784098800&x-cs=8cc51f06142bfbe078423e0e87872bc2""","https://b2bfiles1.gigab2b.cn/image/wkseller/302/0cd6b085562add86f092aae318d6408e.jpg?x-cc=20&x-cu=28909&x-ct=1784098800&x-cs=bcb7cccf6fc8a0161c50dd4c8eeeb931""","https://b2bfiles1.gigab2b.cn/image/wkseller/302/49142248d46dfed7e236d97e4545aadc.jpg?x-cc=20&x-cu=28909&x-ct=1784098800&x-cs=3745cbf62ab5a362b7be87b201438b7a""","https://b2bfiles1.gigab2b.cn/image/wkseller/302/d9bf872b7ff24027f7ca0679f27a4cc8.jpg?x-cc=20&x-cu=28909&x-ct=1784098800&x-cs=6e26dea49192736e8805f09341fc0d64""",https://pub-606bcd6c031442e4959f73b5435fefd1.r2.dev/shipping-guide.png,スーツケース XLサイズ 容量拡張 ダブルキャスター ストッパー付き フック USBポートスマホスタンド ドリンクホルダー TSAロック 海外 修学旅行 合宿 ビジネス出張 女性 男性 軽量 大容量 静音 7~14日 大型,"ホムブリスショップへようこそ
♪すべての商品は未開封の新品です
♪フォロー割あり
♪まとめ買い割あり：2点で2%OFF、3点で3%OFF、最大5%（一部商品適用外）
♪発送と送料：在庫品は1～2営業日以内に発送、再入荷商品は入荷後1～2営業日以内に発送いたします。北海道は基本的に追加送料不要です。沖縄への送料は別途お見積りが必須です。

【商品説明】

重量(kg): 5.35
長さ(cm): 76
幅(cm): 50.5
高さ(cm): 32.5
組立時重量: 4.65
組立時長さ: 50.00
組立時幅: 33.00
組立時高さ: 76.00
主要素材: ABS
主要カラー: Blue",ブルー,69,N510P465593C,,,,,,,,,,,,,,,,,,,,,,,,,,,,,,,,,,,,,,,6001,vQuSuG5WNXXFHKEZ5n3oMH,1,1,jp13,1,1,1,,,,,,,
"https://b2bfiles1.gigab2b.cn/image/wkseller/302/a20d766dd52c27c94dab1c86ef2bb555.jpg?x-cc=20&x-cu=28909&x-ct=1784098800&x-cs=4b18b6b80a99186113653111642fd891""","https://b2bfiles1.gigab2b.cn/image/wkseller/302/b47ff0b229a75e4bfaafbc9f8f4ea12c.jpg?x-cc=20&x-cu=28909&x-ct=1784098800&x-cs=e94286e664e71a36dc165aca356f769e""","https://b2bfiles1.gigab2b.cn/image/wkseller/302/f39d4c2eb49800c5e5467dc12ecb3067.jpg?x-cc=20&x-cu=28909&x-ct=1784098800&x-cs=1d38faa246d2d518e82e12731d7674f8""","https://b2bfiles1.gigab2b.cn/image/wkseller/302/7b130f2b688ade01adacca92fe42b48c.jpg?x-cc=20&x-cu=28909&x-ct=1784098800&x-cs=32d7c4049323a7d474c15fe116b8fd9d""","https://b2bfiles1.gigab2b.cn/image/wkseller/302/41dd17c2bb299a379e622718e9dfda18.jpg?x-cc=20&x-cu=28909&x-ct=1784098800&x-cs=47c9cd8fa96d7bf5027f3a3d05437bc0""","https://b2bfiles1.gigab2b.cn/image/wkseller/302/bbd7a3fceea830c1a90da533507d28a3.jpg?x-cc=20&x-cu=28909&x-ct=1784098800&x-cs=874dc1256d7a33778cd6d5743612fb22""","https://b2bfiles1.gigab2b.cn/image/wkseller/302/d9e4f5cb302c10680c77dc2dba1a4313.jpg?x-cc=20&x-cu=28909&x-ct=1784098800&x-cs=ee018d3c6dbed0c5e84aa490c6114a8e""","https://b2bfiles1.gigab2b.cn/image/wkseller/302/a45d186ca9956d8a9e28f0e45dbdce48.jpg?x-cc=20&x-cu=28909&x-ct=1784098800&x-cs=daf352c3ef938227962a61af8358756f""","https://b2bfiles1.gigab2b.cn/image/wkseller/302/4b6692fada4ae26d2639659b009e3686.jpg?x-cc=20&x-cu=28909&x-ct=1784098800&x-cs=188508f55fc92bc426b834e0e1d42dc8""","https://b2bfiles1.gigab2b.cn/image/wkseller/302/59cfabe8cd338afbd7c102b00795b0c5.JPG?x-cc=20&x-cu=28909&x-ct=1784098800&x-cs=b22eb804aff2f65b05b191931504f45b""","https://b2bfiles1.gigab2b.cn/image/wkseller/302/5192e7f74fa332849f7c3dba6992f864.jpg?x-cc=20&x-cu=28909&x-ct=1784098800&x-cs=bc6e82e8bdb5e07a93d4f2790e3b5756""","https://b2bfiles1.gigab2b.cn/image/wkseller/302/82abe791627f858bafa23090da7e718d.jpg?x-cc=20&x-cu=28909&x-ct=1784098800&x-cs=2d2afd8e07292f40f791e033d682475f""","https://b2bfiles1.gigab2b.cn/image/wkseller/302/4724f048c8a550a04cf67a8a7a803f99.jpg?x-cc=20&x-cu=28909&x-ct=1784098800&x-cs=fcee594819191608d840d8a9fea9f900""","https://b2bfiles1.gigab2b.cn/image/wkseller/302/62ef4652847c22cd5301307cc2fa5dcd.jpg?x-cc=20&x-cu=28909&x-ct=1784098800&x-cs=6dca72e97f1b0dd626c73194471e1ab8""","https://b2bfiles1.gigab2b.cn/image/wkseller/302/cc632f93ea84d4b626d3e1d1a32d705b.jpg?x-cc=20&x-cu=28909&x-ct=1784098800&x-cs=31c29f8b0a5c7440ca7caf91851677b4""]",https://pub-606bcd6c031442e4959f73b5435fefd1.r2.dev/shipping-guide.png,,,,,スーツケース Sサイズ  フレームタイプ  ドリンクホルダー 大容量 ストッパー付き  軽量 キャリーケース 高級感 海外 頑丈 静音  おすすめ 修学旅行 学生,"ホムブリスショップへようこそ
♪すべての商品は未開封の新品です
♪フォロー割あり
♪まとめ買い割あり：2点で2%OFF、3点で3%OFF、最大5%（一部商品適用外）
♪発送と送料：在庫品は1～2営業日以内に発送、再入荷商品は入荷後1～2営業日以内に発送いたします。北海道は基本的に追加送料不要です。沖縄への送料は別途お見積りが必須です。

【商品説明】

重量(kg): 4.5
長さ(cm): 59
幅(cm): 39
高さ(cm): 25
組立時重量: 3.51
組立時長さ: 38.50
組立時幅: 24.40
組立時高さ: 57.00
主要素材: ABS
主要カラー: Silver grey",シルバーグレー,0,N510P479803D,,,,,,,,,,,,,,,,,,,,,,,,,,,,,,,,,,,,,,,11000,vQuSuG5WNXXFHKEZ5n3oMH,1,1,jp13,1,1,1,,,,,,,
"https://b2bfiles1.gigab2b.cn/image/wkseller/302/6526c9ca2253008d45e5abae09734e65.jpg?x-cc=20&x-cu=28909&x-ct=1784098800&x-cs=743c6cc12e3be0fd37607a99d3c72df7""","https://b2bfiles1.gigab2b.cn/image/wkseller/302/b47ff0b229a75e4bfaafbc9f8f4ea12c.jpg?x-cc=20&x-cu=28909&x-ct=1784098800&x-cs=e94286e664e71a36dc165aca356f769e""","https://b2bfiles1.gigab2b.cn/image/wkseller/302/f39d4c2eb49800c5e5467dc12ecb3067.jpg?x-cc=20&x-cu=28909&x-ct=1784098800&x-cs=1d38faa246d2d518e82e12731d7674f8""","https://b2bfiles1.gigab2b.cn/image/wkseller/302/7b130f2b688ade01adacca92fe42b48c.jpg?x-cc=20&x-cu=28909&x-ct=1784098800&x-cs=32d7c4049323a7d474c15fe116b8fd9d""","https://b2bfiles1.gigab2b.cn/image/wkseller/302/41dd17c2bb299a379e622718e9dfda18.jpg?x-cc=20&x-cu=28909&x-ct=1784098800&x-cs=47c9cd8fa96d7bf5027f3a3d05437bc0""","https://b2bfiles1.gigab2b.cn/image/wkseller/302/bbd7a3fceea830c1a90da533507d28a3.jpg?x-cc=20&x-cu=28909&x-ct=1784098800&x-cs=874dc1256d7a33778cd6d5743612fb22""","https://b2bfiles1.gigab2b.cn/image/wkseller/302/d9e4f5cb302c10680c77dc2dba1a4313.jpg?x-cc=20&x-cu=28909&x-ct=1784098800&x-cs=ee018d3c6dbed0c5e84aa490c6114a8e""","https://b2bfiles1.gigab2b.cn/image/wkseller/302/a45d186ca9956d8a9e28f0e45dbdce48.jpg?x-cc=20&x-cu=28909&x-ct=1784098800&x-cs=daf352c3ef938227962a61af8358756f""","https://b2bfiles1.gigab2b.cn/image/wkseller/302/4b6692fada4ae26d2639659b009e3686.jpg?x-cc=20&x-cu=28909&x-ct=1784098800&x-cs=188508f55fc92bc426b834e0e1d42dc8""","https://b2bfiles1.gigab2b.cn/image/wkseller/302/cafda66742415ad22b9599a86310e05a.JPG?x-cc=20&x-cu=28909&x-ct=1784098800&x-cs=d176a84fe4722db129b1a61a84bb3732""","https://b2bfiles1.gigab2b.cn/image/wkseller/302/5192e7f74fa332849f7c3dba6992f864.jpg?x-cc=20&x-cu=28909&x-ct=1784098800&x-cs=bc6e82e8bdb5e07a93d4f2790e3b5756""","https://b2bfiles1.gigab2b.cn/image/wkseller/302/82abe791627f858bafa23090da7e718d.jpg?x-cc=20&x-cu=28909&x-ct=1784098800&x-cs=2d2afd8e07292f40f791e033d682475f""","https://b2bfiles1.gigab2b.cn/image/wkseller/302/da8fea1450df974440e78134aecb2f76.jpg?x-cc=20&x-cu=28909&x-ct=1784098800&x-cs=660d54c1a54fc80b1d9a01b46047f393""]",https://pub-606bcd6c031442e4959f73b5435fefd1.r2.dev/shipping-guide.png,,,,,,,スーツケース Lサイズ  フレームタイプ  ドリンクホルダー 大容量 ストッパー付き  軽量 キャリーケース 高級感 海外 頑丈 静音  おすすめ 修学旅行 学生,"ホムブリスショップへようこそ
♪すべての商品は未開封の新品です
♪フォロー割あり
♪まとめ買い割あり：2点で2%OFF、3点で3%OFF、最大5%（一部商品適用外）
♪発送と送料：在庫品は1～2営業日以内に発送、再入荷商品は入荷後1～2営業日以内に発送いたします。北海道は基本的に追加送料不要です。沖縄への送料は別途お見積りが必須です。

【商品説明】

重量(kg): 5.8
長さ(cm): 77
幅(cm): 51
高さ(cm): 31
組立時重量: 5.01
組立時長さ: 52.00
組立時幅: 30.00
組立時高さ: 78.00
主要素材: ABS
主要カラー: Blush+Grey",Blush+グレー,0,N510P479805A,,,,,,,,,,,,,,,,,,,,,,,,,,,,,,,,,,,,,,,11000,vQuSuG5WNXXFHKEZ5n3oMH,1,1,jp13,1,1,1,,,,,,,
"https://b2bfiles1.gigab2b.cn/image/wkseller/302/a20d766dd52c27c94dab1c86ef2bb555.jpg?x-cc=20&x-cu=28909&x-ct=1784098800&x-cs=4b18b6b80a99186113653111642fd891""","https://b2bfiles1.gigab2b.cn/image/wkseller/302/b47ff0b229a75e4bfaafbc9f8f4ea12c.jpg?x-cc=20&x-cu=28909&x-ct=1784098800&x-cs=e94286e664e71a36dc165aca356f769e""","https://b2bfiles1.gigab2b.cn/image/wkseller/302/f39d4c2eb49800c5e5467dc12ecb3067.jpg?x-cc=20&x-cu=28909&x-ct=1784098800&x-cs=1d38faa246d2d518e82e12731d7674f8""","https://b2bfiles1.gigab2b.cn/image/wkseller/302/7b130f2b688ade01adacca92fe42b48c.jpg?x-cc=20&x-cu=28909&x-ct=1784098800&x-cs=32d7c4049323a7d474c15fe116b8fd9d""","https://b2bfiles1.gigab2b.cn/image/wkseller/302/41dd17c2bb299a379e622718e9dfda18.jpg?x-cc=20&x-cu=28909&x-ct=1784098800&x-cs=47c9cd8fa96d7bf5027f3a3d05437bc0""","https://b2bfiles1.gigab2b.cn/image/wkseller/302/bbd7a3fceea830c1a90da533507d28a3.jpg?x-cc=20&x-cu=28909&x-ct=1784098800&x-cs=874dc1256d7a33778cd6d5743612fb22""","https://b2bfiles1.gigab2b.cn/image/wkseller/302/d9e4f5cb302c10680c77dc2dba1a4313.jpg?x-cc=20&x-cu=28909&x-ct=1784098800&x-cs=ee018d3c6dbed0c5e84aa490c6114a8e""","https://b2bfiles1.gigab2b.cn/image/wkseller/302/a45d186ca9956d8a9e28f0e45dbdce48.jpg?x-cc=20&x-cu=28909&x-ct=1784098800&x-cs=daf352c3ef938227962a61af8358756f""","https://b2bfiles1.gigab2b.cn/image/wkseller/302/4b6692fada4ae26d2639659b009e3686.jpg?x-cc=20&x-cu=28909&x-ct=1784098800&x-cs=188508f55fc92bc426b834e0e1d42dc8""","https://b2bfiles1.gigab2b.cn/image/wkseller/302/59cfabe8cd338afbd7c102b00795b0c5.JPG?x-cc=20&x-cu=28909&x-ct=1784098800&x-cs=b22eb804aff2f65b05b191931504f45b""","https://b2bfiles1.gigab2b.cn/image/wkseller/302/5192e7f74fa332849f7c3dba6992f864.jpg?x-cc=20&x-cu=28909&x-ct=1784098800&x-cs=bc6e82e8bdb5e07a93d4f2790e3b5756""","https://b2bfiles1.gigab2b.cn/image/wkseller/302/82abe791627f858bafa23090da7e718d.jpg?x-cc=20&x-cu=28909&x-ct=1784098800&x-cs=2d2afd8e07292f40f791e033d682475f""","https://b2bfiles1.gigab2b.cn/image/wkseller/302/4724f048c8a550a04cf67a8a7a803f99.jpg?x-cc=20&x-cu=28909&x-ct=1784098800&x-cs=fcee594819191608d840d8a9fea9f900""","https://b2bfiles1.gigab2b.cn/image/wkseller/302/62ef4652847c22cd5301307cc2fa5dcd.jpg?x-cc=20&x-cu=28909&x-ct=1784098800&x-cs=6dca72e97f1b0dd626c73194471e1ab8""","https://b2bfiles1.gigab2b.cn/image/wkseller/302/cc632f93ea84d4b626d3e1d1a32d705b.jpg?x-cc=20&x-cu=28909&x-ct=1784098800&x-cs=31c29f8b0a5c7440ca7caf91851677b4""]",https://pub-606bcd6c031442e4959f73b5435fefd1.r2.dev/shipping-guide.png,,,,,スーツケース Lサイズ  フレームタイプ  ドリンクホルダー 大容量 ストッパー付き  軽量 キャリーケース 高級感 海外 頑丈 静音  おすすめ 修学旅行 学生,"ホムブリスショップへようこそ
♪すべての商品は未開封の新品です
♪フォロー割あり
♪まとめ買い割あり：2点で2%OFF、3点で3%OFF、最大5%（一部商品適用外）
♪発送と送料：在庫品は1～2営業日以内に発送、再入荷商品は入荷後1～2営業日以内に発送いたします。北海道は基本的に追加送料不要です。沖縄への送料は別途お見積りが必須です。

【商品説明】

重量(kg): 5.8
長さ(cm): 77
幅(cm): 51
高さ(cm): 31
組立時重量: 5.01
組立時長さ: 52.00
組立時幅: 30.00
組立時高さ: 78.00
主要素材: ABS
主要カラー: Silver grey",シルバーグレー,0,N510P479805D,,,,,,,,,,,,,,,,,,,,,,,,,,,,,,,,,,,,,,,11000,vQuSuG5WNXXFHKEZ5n3oMH,1,1,jp13,1,1,1,,,,,,,
"https://b2bfiles1.gigab2b.cn/image/wkseller/302/12043890b88590d47f63fbd06f9d8d72.jpg?x-cc=20&x-cu=28909&x-ct=1784098800&x-cs=156bfb1cf5c4b8742ba6773e968c4269""","https://b2bfiles1.gigab2b.cn/image/wkseller/302/b47ff0b229a75e4bfaafbc9f8f4ea12c.jpg?x-cc=20&x-cu=28909&x-ct=1784098800&x-cs=e94286e664e71a36dc165aca356f769e""","https://b2bfiles1.gigab2b.cn/image/wkseller/302/f39d4c2eb49800c5e5467dc12ecb3067.jpg?x-cc=20&x-cu=28909&x-ct=1784098800&x-cs=1d38faa246d2d518e82e12731d7674f8""","https://b2bfiles1.gigab2b.cn/image/wkseller/302/7b130f2b688ade01adacca92fe42b48c.jpg?x-cc=20&x-cu=28909&x-ct=1784098800&x-cs=32d7c4049323a7d474c15fe116b8fd9d""","https://b2bfiles1.gigab2b.cn/image/wkseller/302/41dd17c2bb299a379e622718e9dfda18.jpg?x-cc=20&x-cu=28909&x-ct=1784098800&x-cs=47c9cd8fa96d7bf5027f3a3d05437bc0""","https://b2bfiles1.gigab2b.cn/image/wkseller/302/bbd7a3fceea830c1a90da533507d28a3.jpg?x-cc=20&x-cu=28909&x-ct=1784098800&x-cs=874dc1256d7a33778cd6d5743612fb22""","https://b2bfiles1.gigab2b.cn/image/wkseller/302/d9e4f5cb302c10680c77dc2dba1a4313.jpg?x-cc=20&x-cu=28909&x-ct=1784098800&x-cs=ee018d3c6dbed0c5e84aa490c6114a8e""","https://b2bfiles1.gigab2b.cn/image/wkseller/302/a45d186ca9956d8a9e28f0e45dbdce48.jpg?x-cc=20&x-cu=28909&x-ct=1784098800&x-cs=daf352c3ef938227962a61af8358756f""","https://b2bfiles1.gigab2b.cn/image/wkseller/302/4b6692fada4ae26d2639659b009e3686.jpg?x-cc=20&x-cu=28909&x-ct=1784098800&x-cs=188508f55fc92bc426b834e0e1d42dc8""","https://b2bfiles1.gigab2b.cn/image/wkseller/302/b3b3467d22bdf5f626c91913ff02bfb3.JPG?x-cc=20&x-cu=28909&x-ct=1784098800&x-cs=615377f8fdbd2cdda3d8871c50c52335""","https://b2bfiles1.gigab2b.cn/image/wkseller/302/5192e7f74fa332849f7c3dba6992f864.jpg?x-cc=20&x-cu=28909&x-ct=1784098800&x-cs=bc6e82e8bdb5e07a93d4f2790e3b5756""","https://b2bfiles1.gigab2b.cn/image/wkseller/302/82abe791627f858bafa23090da7e718d.jpg?x-cc=20&x-cu=28909&x-ct=1784098800&x-cs=2d2afd8e07292f40f791e033d682475f""","https://b2bfiles1.gigab2b.cn/image/wkseller/302/efbbaa6c6dc44ab00a8b67f82bdaf131.jpg?x-cc=20&x-cu=28909&x-ct=1784098800&x-cs=7eed9f5e81d9552fd272883f3ddfda72""]",https://pub-606bcd6c031442e4959f73b5435fefd1.r2.dev/shipping-guide.png,,,,,,,スーツケース Lサイズ  フレームタイプ  ドリンクホルダー 大容量 ストッパー付き  軽量 キャリーケース 高級感 海外 頑丈 静音  おすすめ 修学旅行 学生,"ホムブリスショップへようこそ
♪すべての商品は未開封の新品です
♪フォロー割あり
♪まとめ買い割あり：2点で2%OFF、3点で3%OFF、最大5%（一部商品適用外）
♪発送と送料：在庫品は1～2営業日以内に発送、再入荷商品は入荷後1～2営業日以内に発送いたします。北海道は基本的に追加送料不要です。沖縄への送料は別途お見積りが必須です。

【商品説明】

重量(kg): 5.8
長さ(cm): 77
幅(cm): 51
高さ(cm): 31
組立時重量: 5.01
組立時長さ: 52.00
組立時幅: 30.00
組立時高さ: 78.00
主要素材: ABS
主要カラー: Green",グリーン,0,N510P479805L,,,,,,,,,,,,,,,,,,,,,,,,,,,,,,,,,,,,,,,11000,vQuSuG5WNXXFHKEZ5n3oMH,1,1,jp13,1,1,1,,,,,,,
"https://b2bfiles1.gigab2b.cn/image/wkseller/302/02ed2abca41fe1b53ec88cf8f5b00048.jpg?x-cc=20&x-cu=28909&x-ct=1784098800&x-cs=3270a1cae6ee0cc928734af23a5819dd""","https://b2bfiles1.gigab2b.cn/image/wkseller/302/b47ff0b229a75e4bfaafbc9f8f4ea12c.jpg?x-cc=20&x-cu=28909&x-ct=1784098800&x-cs=e94286e664e71a36dc165aca356f769e""","https://b2bfiles1.gigab2b.cn/image/wkseller/302/f39d4c2eb49800c5e5467dc12ecb3067.jpg?x-cc=20&x-cu=28909&x-ct=1784098800&x-cs=1d38faa246d2d518e82e12731d7674f8""","https://b2bfiles1.gigab2b.cn/image/wkseller/302/7b130f2b688ade01adacca92fe42b48c.jpg?x-cc=20&x-cu=28909&x-ct=1784098800&x-cs=32d7c4049323a7d474c15fe116b8fd9d""","https://b2bfiles1.gigab2b.cn/image/wkseller/302/41dd17c2bb299a379e622718e9dfda18.jpg?x-cc=20&x-cu=28909&x-ct=1784098800&x-cs=47c9cd8fa96d7bf5027f3a3d05437bc0""","https://b2bfiles1.gigab2b.cn/image/wkseller/302/bbd7a3fceea830c1a90da533507d28a3.jpg?x-cc=20&x-cu=28909&x-ct=1784098800&x-cs=874dc1256d7a33778cd6d5743612fb22""","https://b2bfiles1.gigab2b.cn/image/wkseller/302/d9e4f5cb302c10680c77dc2dba1a4313.jpg?x-cc=20&x-cu=28909&x-ct=1784098800&x-cs=ee018d3c6dbed0c5e84aa490c6114a8e""","https://b2bfiles1.gigab2b.cn/image/wkseller/302/a45d186ca9956d8a9e28f0e45dbdce48.jpg?x-cc=20&x-cu=28909&x-ct=1784098800&x-cs=daf352c3ef938227962a61af8358756f""","https://b2bfiles1.gigab2b.cn/image/wkseller/302/4b6692fada4ae26d2639659b009e3686.jpg?x-cc=20&x-cu=28909&x-ct=1784098800&x-cs=188508f55fc92bc426b834e0e1d42dc8""","https://b2bfiles1.gigab2b.cn/image/wkseller/302/9c8a87368ba260abf7ea767ac2f22de8.JPG?x-cc=20&x-cu=28909&x-ct=1784098800&x-cs=751a1d5376a8d71a9426f9cbcc2355e3""","https://b2bfiles1.gigab2b.cn/image/wkseller/302/5192e7f74fa332849f7c3dba6992f864.jpg?x-cc=20&x-cu=28909&x-ct=1784098800&x-cs=bc6e82e8bdb5e07a93d4f2790e3b5756""","https://b2bfiles1.gigab2b.cn/image/wkseller/302/82abe791627f858bafa23090da7e718d.jpg?x-cc=20&x-cu=28909&x-ct=1784098800&x-cs=2d2afd8e07292f40f791e033d682475f""","https://b2bfiles1.gigab2b.cn/image/wkseller/302/d96d12f5299e2aa86bb205b4ed2e84e1.jpg?x-cc=20&x-cu=28909&x-ct=1784098800&x-cs=1b64b4b9f91b119d3dcd2bd348373e5f""","https://b2bfiles1.gigab2b.cn/image/wkseller/302/a7709abe0038374547d2e9cb6709eb81.jpg?x-cc=20&x-cu=28909&x-ct=1784098800&x-cs=4a47c398750d9b9c4342c0356f27fc9c""]",https://pub-606bcd6c031442e4959f73b5435fefd1.r2.dev/shipping-guide.png,,,,,,スーツケース Lサイズ  フレームタイプ  ドリンクホルダー 大容量 ストッパー付き  軽量 キャリーケース 高級感 海外 頑丈 静音  おすすめ 修学旅行 学生,"ホムブリスショップへようこそ
♪すべての商品は未開封の新品です
♪フォロー割あり
♪まとめ買い割あり：2点で2%OFF、3点で3%OFF、最大5%（一部商品適用外）
♪発送と送料：在庫品は1～2営業日以内に発送、再入荷商品は入荷後1～2営業日以内に発送いたします。北海道は基本的に追加送料不要です。沖縄への送料は別途お見積りが必須です。

【商品説明】

重量(kg): 5.8
長さ(cm): 77
幅(cm): 51
高さ(cm): 31
組立時重量: 5.01
組立時長さ: 52.00
組立時幅: 30.00
組立時高さ: 78.00
主要素材: ABS
主要カラー: White",ホワイト,0,N510P479805O,,,,,,,,,,,,,,,,,,,,,,,,,,,,,,,,,,,,,,,11000,vQuSuG5WNXXFHKEZ5n3oMH,1,1,jp13,1,1,1,,,,,,,
"https://b2bfiles1.gigab2b.cn/image/wkseller/302/e85434d9591cb3ad95c1406ab94fb2e6.jpg?x-cc=20&x-cu=28909&x-ct=1784098800&x-cs=d7eabcd88d2debadcf2e9fad63085191""","https://b2bfiles1.gigab2b.cn/image/wkseller/302/b47ff0b229a75e4bfaafbc9f8f4ea12c.jpg?x-cc=20&x-cu=28909&x-ct=1784098800&x-cs=e94286e664e71a36dc165aca356f769e""","https://b2bfiles1.gigab2b.cn/image/wkseller/302/f39d4c2eb49800c5e5467dc12ecb3067.jpg?x-cc=20&x-cu=28909&x-ct=1784098800&x-cs=1d38faa246d2d518e82e12731d7674f8""","https://b2bfiles1.gigab2b.cn/image/wkseller/302/7b130f2b688ade01adacca92fe42b48c.jpg?x-cc=20&x-cu=28909&x-ct=1784098800&x-cs=32d7c4049323a7d474c15fe116b8fd9d""","https://b2bfiles1.gigab2b.cn/image/wkseller/302/41dd17c2bb299a379e622718e9dfda18.jpg?x-cc=20&x-cu=28909&x-ct=1784098800&x-cs=47c9cd8fa96d7bf5027f3a3d05437bc0""","https://b2bfiles1.gigab2b.cn/image/wkseller/302/bbd7a3fceea830c1a90da533507d28a3.jpg?x-cc=20&x-cu=28909&x-ct=1784098800&x-cs=874dc1256d7a33778cd6d5743612fb22""","https://b2bfiles1.gigab2b.cn/image/wkseller/302/d9e4f5cb302c10680c77dc2dba1a4313.jpg?x-cc=20&x-cu=28909&x-ct=1784098800&x-cs=ee018d3c6dbed0c5e84aa490c6114a8e""","https://b2bfiles1.gigab2b.cn/image/wkseller/302/a45d186ca9956d8a9e28f0e45dbdce48.jpg?x-cc=20&x-cu=28909&x-ct=1784098800&x-cs=daf352c3ef938227962a61af8358756f""","https://b2bfiles1.gigab2b.cn/image/wkseller/302/4b6692fada4ae26d2639659b009e3686.jpg?x-cc=20&x-cu=28909&x-ct=1784098800&x-cs=188508f55fc92bc426b834e0e1d42dc8""","https://b2bfiles1.gigab2b.cn/image/wkseller/302/84db7cc3e945cfcae9709e98707c16a2.JPG?x-cc=20&x-cu=28909&x-ct=1784098800&x-cs=378a39096cbe085d087029827f3dd289""","https://b2bfiles1.gigab2b.cn/image/wkseller/302/5192e7f74fa332849f7c3dba6992f864.jpg?x-cc=20&x-cu=28909&x-ct=1784098800&x-cs=bc6e82e8bdb5e07a93d4f2790e3b5756""","https://b2bfiles1.gigab2b.cn/image/wkseller/302/82abe791627f858bafa23090da7e718d.jpg?x-cc=20&x-cu=28909&x-ct=1784098800&x-cs=2d2afd8e07292f40f791e033d682475f""","https://b2bfiles1.gigab2b.cn/image/wkseller/302/226a6f16cfa415470a37deda5ff92813.jpg?x-cc=20&x-cu=28909&x-ct=1784098800&x-cs=41c47f431b1179f3a1bf14db139cd68b""]",https://pub-606bcd6c031442e4959f73b5435fefd1.r2.dev/shipping-guide.png,,,,,,,スーツケース Lサイズ  フレームタイプ  ドリンクホルダー 大容量 ストッパー付き  軽量 キャリーケース 高級感 海外 頑丈 静音  おすすめ 修学旅行 学生,"ホムブリスショップへようこそ
♪すべての商品は未開封の新品です
♪フォロー割あり
♪まとめ買い割あり：2点で2%OFF、3点で3%OFF、最大5%（一部商品適用外）
♪発送と送料：在庫品は1～2営業日以内に発送、再入荷商品は入荷後1～2営業日以内に発送いたします。北海道は基本的に追加送料不要です。沖縄への送料は別途お見積りが必須です。

【商品説明】

重量(kg): 5.8
長さ(cm): 77
幅(cm): 51
高さ(cm): 31
組立時重量: 5.01
組立時長さ: 52.00
組立時幅: 30.00
組立時高さ: 78.00
主要素材: ABS
主要カラー: Dark Gray",ダークグレー,0,N510P479805Z,,,,,,,,,,,,,,,,,,,,,,,,,,,,,,,,,,,,,,,11000,vQuSuG5WNXXFHKEZ5n3oMH,1,1,jp13,1,1,1,,,,,,,
"https://b2bfiles1.gigab2b.cn/image/wkseller/302/135834f628478ca917f5a0f4d5456ae4.jpg?x-cc=20&x-cu=28909&x-ct=1784098800&x-cs=0a0b4ce36aef7f5c6db52880ca66020e""","https://b2bfiles1.gigab2b.cn/image/wkseller/302/f9c2d06db1f392602153af4ae8844d6b.jpg?x-cc=20&x-cu=28909&x-ct=1784098800&x-cs=da64ee236dd3f85a1c66555cad400bb2""","https://b2bfiles1.gigab2b.cn/image/wkseller/302/f84f67bf2dff4c6e72b17937785edb4d.jpg?x-cc=20&x-cu=28909&x-ct=1784098800&x-cs=6027e0bec4759502a86c7b8de8b4e2f3""","https://b2bfiles1.gigab2b.cn/image/wkseller/302/c4ddcbf872e078467258bd6f7aabe12f.jpg?x-cc=20&x-cu=28909&x-ct=1784098800&x-cs=32fd3db1f4b03e0d059cbe3e3e56b86b""","https://b2bfiles1.gigab2b.cn/image/wkseller/302/528936ab68fca839164878cad149a7c8.jpg?x-cc=20&x-cu=28909&x-ct=1784098800&x-cs=a34e1f4281e8c12eb8dd1d17548d4564""","https://b2bfiles1.gigab2b.cn/image/wkseller/302/aa882533a392a93e5bbd3fc4663cb0c2.jpg?x-cc=20&x-cu=28909&x-ct=1784098800&x-cs=2b9ac4b2a72f23c37c6fa1e04b8e0746""","https://b2bfiles1.gigab2b.cn/image/wkseller/302/5a205e9a388a5e93a59bee2c693b856d.jpg?x-cc=20&x-cu=28909&x-ct=1784098800&x-cs=179cc65ddf964146a677f268cc9438ae""","https://b2bfiles1.gigab2b.cn/image/wkseller/302/6c08dca1504d137624561fbab1347cdd.jpg?x-cc=20&x-cu=28909&x-ct=1784098800&x-cs=a727c171043288586ae5f2586d943160""","https://b2bfiles1.gigab2b.cn/image/wkseller/302/995af060e5efc744d33606740cf34f78.jpg?x-cc=20&x-cu=28909&x-ct=1784098800&x-cs=9d3be2e0260bbfab9eddac4c0cddf790""","https://b2bfiles1.gigab2b.cn/image/wkseller/302/78b30e47e69cf313bd3e20ef97a43654.jpg?x-cc=20&x-cu=28909&x-ct=1784098800&x-cs=e7cb5aee512918c857a8376365e8464b""","https://b2bfiles1.gigab2b.cn/image/wkseller/302/ab97f3f08b84f984c0cdeff50a7e83bf.jpg?x-cc=20&x-cu=28909&x-ct=1784098800&x-cs=e90cb439bc211e4a133ee1b82bcffd6f""","https://b2bfiles1.gigab2b.cn/image/wkseller/302/2d264a743b532536b71f76998cc19415.JPG?x-cc=20&x-cu=28909&x-ct=1784098800&x-cs=b1b94444d1b9307e3f58998e3bf7808e""","https://b2bfiles1.gigab2b.cn/image/wkseller/302/281e92e8f6d1488ebe2ea5b963f3469b.jpg?x-cc=20&x-cu=28909&x-ct=1784098800&x-cs=b0dde6ea14b2c6c8f119c31b0cbf8837""","https://b2bfiles1.gigab2b.cn/image/wkseller/302/c7ab3229d8655cdceb2260cb2198b513.jpg?x-cc=20&x-cu=28909&x-ct=1784098800&x-cs=be92fee41ceb82fc01f4f2f983987382""]",https://pub-606bcd6c031442e4959f73b5435fefd1.r2.dev/shipping-guide.png,,,,,,スーツケース  Sサイズ 機内持込 容量拡張 軽量 キャリーバッグ 大容量 ダイヤル式ロック搭載 ダブルキャスター かわいい おしゃれ 軽い 静音 女性 超軽量 修学 旅行 海外 頑丈 ビジネス,"ホムブリスショップへようこそ
♪すべての商品は未開封の新品です
♪フォロー割あり
♪まとめ買い割あり：2点で2%OFF、3点で3%OFF、最大5%（一部商品適用外）
♪発送と送料：在庫品は1～2営業日以内に発送、再入荷商品は入荷後1～2営業日以内に発送いたします。北海道は基本的に追加送料不要です。沖縄への送料は別途お見積りが必須です。

【商品説明】

重量(kg): 3
長さ(cm): 56
幅(cm): 39
高さ(cm): 24
組立時重量: 2.74
組立時長さ: 57.00
組立時幅: 35.80
組立時高さ: 21.40
主要素材: ABS+PC
主要カラー: White",ホワイト,0,N510P479806N,,,,,,,,,,,,,,,,,,,,,,,,,,,,,,,,,,,,,,,4701,vQuSuG5WNXXFHKEZ5n3oMH,1,1,jp13,1,1,1,,,,,,,
"https://b2bfiles1.gigab2b.cn/image/wkseller/302/4d2941a50831c3facdf50144d697a5fb.jpg?x-cc=20&x-cu=28909&x-ct=1784098800&x-cs=95cd24443220f2eee75fb8c9379ebad0""","https://b2bfiles1.gigab2b.cn/image/wkseller/302/f9c2d06db1f392602153af4ae8844d6b.jpg?x-cc=20&x-cu=28909&x-ct=1784098800&x-cs=da64ee236dd3f85a1c66555cad400bb2""","https://b2bfiles1.gigab2b.cn/image/wkseller/302/f84f67bf2dff4c6e72b17937785edb4d.jpg?x-cc=20&x-cu=28909&x-ct=1784098800&x-cs=6027e0bec4759502a86c7b8de8b4e2f3""","https://b2bfiles1.gigab2b.cn/image/wkseller/302/c4ddcbf872e078467258bd6f7aabe12f.jpg?x-cc=20&x-cu=28909&x-ct=1784098800&x-cs=32fd3db1f4b03e0d059cbe3e3e56b86b""","https://b2bfiles1.gigab2b.cn/image/wkseller/302/528936ab68fca839164878cad149a7c8.jpg?x-cc=20&x-cu=28909&x-ct=1784098800&x-cs=a34e1f4281e8c12eb8dd1d17548d4564""","https://b2bfiles1.gigab2b.cn/image/wkseller/302/aa882533a392a93e5bbd3fc4663cb0c2.jpg?x-cc=20&x-cu=28909&x-ct=1784098800&x-cs=2b9ac4b2a72f23c37c6fa1e04b8e0746""","https://b2bfiles1.gigab2b.cn/image/wkseller/302/5a205e9a388a5e93a59bee2c693b856d.jpg?x-cc=20&x-cu=28909&x-ct=1784098800&x-cs=179cc65ddf964146a677f268cc9438ae""","https://b2bfiles1.gigab2b.cn/image/wkseller/302/6c08dca1504d137624561fbab1347cdd.jpg?x-cc=20&x-cu=28909&x-ct=1784098800&x-cs=a727c171043288586ae5f2586d943160""","https://b2bfiles1.gigab2b.cn/image/wkseller/302/995af060e5efc744d33606740cf34f78.jpg?x-cc=20&x-cu=28909&x-ct=1784098800&x-cs=9d3be2e0260bbfab9eddac4c0cddf790""","https://b2bfiles1.gigab2b.cn/image/wkseller/302/78b30e47e69cf313bd3e20ef97a43654.jpg?x-cc=20&x-cu=28909&x-ct=1784098800&x-cs=e7cb5aee512918c857a8376365e8464b""","https://b2bfiles1.gigab2b.cn/image/wkseller/302/ab97f3f08b84f984c0cdeff50a7e83bf.jpg?x-cc=20&x-cu=28909&x-ct=1784098800&x-cs=e90cb439bc211e4a133ee1b82bcffd6f""","https://b2bfiles1.gigab2b.cn/image/wkseller/302/0d1e32fcbbaa9d1774fa8dd1efc05132.JPG?x-cc=20&x-cu=28909&x-ct=1784098800&x-cs=445dcda0bcc687e8f208edb8d1b362e7""","https://b2bfiles1.gigab2b.cn/image/wkseller/302/281e92e8f6d1488ebe2ea5b963f3469b.jpg?x-cc=20&x-cu=28909&x-ct=1784098800&x-cs=b0dde6ea14b2c6c8f119c31b0cbf8837""","https://b2bfiles1.gigab2b.cn/image/wkseller/302/c7ab3229d8655cdceb2260cb2198b513.jpg?x-cc=20&x-cu=28909&x-ct=1784098800&x-cs=be92fee41ceb82fc01f4f2f983987382""]",https://pub-606bcd6c031442e4959f73b5435fefd1.r2.dev/shipping-guide.png,,,,,,スーツケース  Sサイズ 機内持込 容量拡張 軽量 キャリーバッグ 大容量 ダイヤル式ロック搭載 ダブルキャスター かわいい おしゃれ 軽い 静音 女性 超軽量 修学 旅行 海外 頑丈 ビジネス,"ホムブリスショップへようこそ
♪すべての商品は未開封の新品です
♪フォロー割あり
♪まとめ買い割あり：2点で2%OFF、3点で3%OFF、最大5%（一部商品適用外）
♪発送と送料：在庫品は1～2営業日以内に発送、再入荷商品は入荷後1～2営業日以内に発送いたします。北海道は基本的に追加送料不要です。沖縄への送料は別途お見積りが必須です。

【商品説明】

重量(kg): 3
長さ(cm): 56
幅(cm): 39
高さ(cm): 24
組立時重量: 2.74
組立時長さ: 57.00
組立時幅: 35.80
組立時高さ: 21.40
主要素材: ABS+PC
主要カラー: Green",グリーン,0,N510P479806P,,,,,,,,,,,,,,,,,,,,,,,,,,,,,,,,,,,,,,,4701,vQuSuG5WNXXFHKEZ5n3oMH,1,1,jp13,1,1,1,,,,,,,
"https://b2bfiles1.gigab2b.cn/image/wkseller/302/5d430edb69aba348cb3345b650ebb771.png?x-cc=20&x-cu=28909&x-ct=1784098800&x-cs=024dd92c6fd14a041e5e4d3c52c86f1a""","https://b2bfiles1.gigab2b.cn/image/wkseller/302/f9c2d06db1f392602153af4ae8844d6b.jpg?x-cc=20&x-cu=28909&x-ct=1784098800&x-cs=da64ee236dd3f85a1c66555cad400bb2""","https://b2bfiles1.gigab2b.cn/image/wkseller/302/f84f67bf2dff4c6e72b17937785edb4d.jpg?x-cc=20&x-cu=28909&x-ct=1784098800&x-cs=6027e0bec4759502a86c7b8de8b4e2f3""","https://b2bfiles1.gigab2b.cn/image/wkseller/302/c4ddcbf872e078467258bd6f7aabe12f.jpg?x-cc=20&x-cu=28909&x-ct=1784098800&x-cs=32fd3db1f4b03e0d059cbe3e3e56b86b""","https://b2bfiles1.gigab2b.cn/image/wkseller/302/528936ab68fca839164878cad149a7c8.jpg?x-cc=20&x-cu=28909&x-ct=1784098800&x-cs=a34e1f4281e8c12eb8dd1d17548d4564""","https://b2bfiles1.gigab2b.cn/image/wkseller/302/aa882533a392a93e5bbd3fc4663cb0c2.jpg?x-cc=20&x-cu=28909&x-ct=1784098800&x-cs=2b9ac4b2a72f23c37c6fa1e04b8e0746""","https://b2bfiles1.gigab2b.cn/image/wkseller/302/5a205e9a388a5e93a59bee2c693b856d.jpg?x-cc=20&x-cu=28909&x-ct=1784098800&x-cs=179cc65ddf964146a677f268cc9438ae""","https://b2bfiles1.gigab2b.cn/image/wkseller/302/6c08dca1504d137624561fbab1347cdd.jpg?x-cc=20&x-cu=28909&x-ct=1784098800&x-cs=a727c171043288586ae5f2586d943160""","https://b2bfiles1.gigab2b.cn/image/wkseller/302/995af060e5efc744d33606740cf34f78.jpg?x-cc=20&x-cu=28909&x-ct=1784098800&x-cs=9d3be2e0260bbfab9eddac4c0cddf790""","https://b2bfiles1.gigab2b.cn/image/wkseller/302/78b30e47e69cf313bd3e20ef97a43654.jpg?x-cc=20&x-cu=28909&x-ct=1784098800&x-cs=e7cb5aee512918c857a8376365e8464b""","https://b2bfiles1.gigab2b.cn/image/wkseller/302/ab97f3f08b84f984c0cdeff50a7e83bf.jpg?x-cc=20&x-cu=28909&x-ct=1784098800&x-cs=e90cb439bc211e4a133ee1b82bcffd6f""","https://b2bfiles1.gigab2b.cn/image/wkseller/302/f460ffa6885b45640eeac7a94fa779ab.JPG?x-cc=20&x-cu=28909&x-ct=1784098800&x-cs=c487cd8c5249e2530c03bc6d38c57e5f""","https://b2bfiles1.gigab2b.cn/image/wkseller/302/281e92e8f6d1488ebe2ea5b963f3469b.jpg?x-cc=20&x-cu=28909&x-ct=1784098800&x-cs=b0dde6ea14b2c6c8f119c31b0cbf8837""","https://b2bfiles1.gigab2b.cn/image/wkseller/302/c7ab3229d8655cdceb2260cb2198b513.jpg?x-cc=20&x-cu=28909&x-ct=1784098800&x-cs=be92fee41ceb82fc01f4f2f983987382""]",https://pub-606bcd6c031442e4959f73b5435fefd1.r2.dev/shipping-guide.png,,,,,,スーツケース  Sサイズ 機内持込 容量拡張 軽量 キャリーバッグ 大容量 ダイヤル式ロック搭載 ダブルキャスター かわいい おしゃれ 軽い 静音 女性 超軽量 修学 旅行 海外 頑丈 ビジネス,"ホムブリスショップへようこそ
♪すべての商品は未開封の新品です
♪フォロー割あり
♪まとめ買い割あり：2点で2%OFF、3点で3%OFF、最大5%（一部商品適用外）
♪発送と送料：在庫品は1～2営業日以内に発送、再入荷商品は入荷後1～2営業日以内に発送いたします。北海道は基本的に追加送料不要です。沖縄への送料は別途お見積りが必須です。

【商品説明】

重量(kg): 3
長さ(cm): 56
幅(cm): 39
高さ(cm): 24
組立時重量: 2.74
組立時長さ: 57.00
組立時幅: 35.80
組立時高さ: 21.40
主要素材: ABS+PC
主要カラー: Chocolate",,0,N510P479806Q,,,,,,,,,,,,,,,,,,,,,,,,,,,,,,,,,,,,,,,4701,vQuSuG5WNXXFHKEZ5n3oMH,1,1,jp13,1,1,1,,,,,,,
"https://b2bfiles1.gigab2b.cn/image/wkseller/302/e59a77cca8671a0508a6962e5f3187d4.jpg?x-cc=20&x-cu=28909&x-ct=1784098800&x-cs=c39479c45f21b19336b15196d82a52c4""","https://b2bfiles1.gigab2b.cn/image/wkseller/302/f9c2d06db1f392602153af4ae8844d6b.jpg?x-cc=20&x-cu=28909&x-ct=1784098800&x-cs=da64ee236dd3f85a1c66555cad400bb2""","https://b2bfiles1.gigab2b.cn/image/wkseller/302/f84f67bf2dff4c6e72b17937785edb4d.jpg?x-cc=20&x-cu=28909&x-ct=1784098800&x-cs=6027e0bec4759502a86c7b8de8b4e2f3""","https://b2bfiles1.gigab2b.cn/image/wkseller/302/c4ddcbf872e078467258bd6f7aabe12f.jpg?x-cc=20&x-cu=28909&x-ct=1784098800&x-cs=32fd3db1f4b03e0d059cbe3e3e56b86b""","https://b2bfiles1.gigab2b.cn/image/wkseller/302/528936ab68fca839164878cad149a7c8.jpg?x-cc=20&x-cu=28909&x-ct=1784098800&x-cs=a34e1f4281e8c12eb8dd1d17548d4564""","https://b2bfiles1.gigab2b.cn/image/wkseller/302/aa882533a392a93e5bbd3fc4663cb0c2.jpg?x-cc=20&x-cu=28909&x-ct=1784098800&x-cs=2b9ac4b2a72f23c37c6fa1e04b8e0746""","https://b2bfiles1.gigab2b.cn/image/wkseller/302/5a205e9a388a5e93a59bee2c693b856d.jpg?x-cc=20&x-cu=28909&x-ct=1784098800&x-cs=179cc65ddf964146a677f268cc9438ae""","https://b2bfiles1.gigab2b.cn/image/wkseller/302/6c08dca1504d137624561fbab1347cdd.jpg?x-cc=20&x-cu=28909&x-ct=1784098800&x-cs=a727c171043288586ae5f2586d943160""","https://b2bfiles1.gigab2b.cn/image/wkseller/302/995af060e5efc744d33606740cf34f78.jpg?x-cc=20&x-cu=28909&x-ct=1784098800&x-cs=9d3be2e0260bbfab9eddac4c0cddf790""","https://b2bfiles1.gigab2b.cn/image/wkseller/302/78b30e47e69cf313bd3e20ef97a43654.jpg?x-cc=20&x-cu=28909&x-ct=1784098800&x-cs=e7cb5aee512918c857a8376365e8464b""","https://b2bfiles1.gigab2b.cn/image/wkseller/302/ab97f3f08b84f984c0cdeff50a7e83bf.jpg?x-cc=20&x-cu=28909&x-ct=1784098800&x-cs=e90cb439bc211e4a133ee1b82bcffd6f""","https://b2bfiles1.gigab2b.cn/image/wkseller/302/b7a7cad6e3bfad81327d2906d57037d1.JPG?x-cc=20&x-cu=28909&x-ct=1784098800&x-cs=cd7489d7a524b0b3e0b7c7244e4d21f1""","https://b2bfiles1.gigab2b.cn/image/wkseller/302/281e92e8f6d1488ebe2ea5b963f3469b.jpg?x-cc=20&x-cu=28909&x-ct=1784098800&x-cs=b0dde6ea14b2c6c8f119c31b0cbf8837""","https://b2bfiles1.gigab2b.cn/image/wkseller/302/c7ab3229d8655cdceb2260cb2198b513.jpg?x-cc=20&x-cu=28909&x-ct=1784098800&x-cs=be92fee41ceb82fc01f4f2f983987382""]",https://pub-606bcd6c031442e4959f73b5435fefd1.r2.dev/shipping-guide.png,,,,,,スーツケース  Mサイズ  容量拡張 軽量 キャリーバッグ 大容量 ダイヤル式ロック搭載 ダブルキャスター フック かわいい おしゃれ 軽い 静音 女性 超軽量 修学 旅行 海外 頑丈 ビジネス,"ホムブリスショップへようこそ
♪すべての商品は未開封の新品です
♪フォロー割あり
♪まとめ買い割あり：2点で2%OFF、3点で3%OFF、最大5%（一部商品適用外）
♪発送と送料：在庫品は1～2営業日以内に発送、再入荷商品は入荷後1～2営業日以内に発送いたします。北海道は基本的に追加送料不要です。沖縄への送料は別途お見積りが必須です。

【商品説明】

重量(kg): 3.8
長さ(cm): 65
幅(cm): 45
高さ(cm): 26
組立時重量: 3.54
組立時長さ: 42.80
組立時幅: 27.00
組立時高さ: 67.00
主要素材: ABS+PC
主要カラー: Black",ブラック,0,N510P479807B,,,,,,,,,,,,,,,,,,,,,,,,,,,,,,,,,,,,,,,5201,vQuSuG5WNXXFHKEZ5n3oMH,1,1,jp13,1,1,1,,,,,,,
"https://b2bfiles1.gigab2b.cn/image/wkseller/302/8b1674d3c575e8ec71f03283db759bd4.jpg?x-cc=20&x-cu=28909&x-ct=1784098800&x-cs=6b8f1f853323eed2eceb8ce84679e79f""","https://b2bfiles1.gigab2b.cn/image/wkseller/302/f9c2d06db1f392602153af4ae8844d6b.jpg?x-cc=20&x-cu=28909&x-ct=1784098800&x-cs=da64ee236dd3f85a1c66555cad400bb2""","https://b2bfiles1.gigab2b.cn/image/wkseller/302/f84f67bf2dff4c6e72b17937785edb4d.jpg?x-cc=20&x-cu=28909&x-ct=1784098800&x-cs=6027e0bec4759502a86c7b8de8b4e2f3""","https://b2bfiles1.gigab2b.cn/image/wkseller/302/c4ddcbf872e078467258bd6f7aabe12f.jpg?x-cc=20&x-cu=28909&x-ct=1784098800&x-cs=32fd3db1f4b03e0d059cbe3e3e56b86b""","https://b2bfiles1.gigab2b.cn/image/wkseller/302/528936ab68fca839164878cad149a7c8.jpg?x-cc=20&x-cu=28909&x-ct=1784098800&x-cs=a34e1f4281e8c12eb8dd1d17548d4564""","https://b2bfiles1.gigab2b.cn/image/wkseller/302/aa882533a392a93e5bbd3fc4663cb0c2.jpg?x-cc=20&x-cu=28909&x-ct=1784098800&x-cs=2b9ac4b2a72f23c37c6fa1e04b8e0746""","https://b2bfiles1.gigab2b.cn/image/wkseller/302/5a205e9a388a5e93a59bee2c693b856d.jpg?x-cc=20&x-cu=28909&x-ct=1784098800&x-cs=179cc65ddf964146a677f268cc9438ae""","https://b2bfiles1.gigab2b.cn/image/wkseller/302/6c08dca1504d137624561fbab1347cdd.jpg?x-cc=20&x-cu=28909&x-ct=1784098800&x-cs=a727c171043288586ae5f2586d943160""","https://b2bfiles1.gigab2b.cn/image/wkseller/302/995af060e5efc744d33606740cf34f78.jpg?x-cc=20&x-cu=28909&x-ct=1784098800&x-cs=9d3be2e0260bbfab9eddac4c0cddf790""","https://b2bfiles1.gigab2b.cn/image/wkseller/302/78b30e47e69cf313bd3e20ef97a43654.jpg?x-cc=20&x-cu=28909&x-ct=1784098800&x-cs=e7cb5aee512918c857a8376365e8464b""","https://b2bfiles1.gigab2b.cn/image/wkseller/302/ab97f3f08b84f984c0cdeff50a7e83bf.jpg?x-cc=20&x-cu=28909&x-ct=1784098800&x-cs=e90cb439bc211e4a133ee1b82bcffd6f""","https://b2bfiles1.gigab2b.cn/image/wkseller/302/162721dd1ca9f8e39381ad5f8fffaad8.JPG?x-cc=20&x-cu=28909&x-ct=1784098800&x-cs=b0a90b8323cc0887f2b1bd5eda6dc7e2""","https://b2bfiles1.gigab2b.cn/image/wkseller/302/281e92e8f6d1488ebe2ea5b963f3469b.jpg?x-cc=20&x-cu=28909&x-ct=1784098800&x-cs=b0dde6ea14b2c6c8f119c31b0cbf8837""","https://b2bfiles1.gigab2b.cn/image/wkseller/302/c7ab3229d8655cdceb2260cb2198b513.jpg?x-cc=20&x-cu=28909&x-ct=1784098800&x-cs=be92fee41ceb82fc01f4f2f983987382""]",https://pub-606bcd6c031442e4959f73b5435fefd1.r2.dev/shipping-guide.png,,,,,,スーツケース  Mサイズ  容量拡張 軽量 キャリーバッグ 大容量 ダイヤル式ロック搭載 ダブルキャスター フック かわいい おしゃれ 軽い 静音 女性 超軽量 修学 旅行 海外 頑丈 ビジネス,"ホムブリスショップへようこそ
♪すべての商品は未開封の新品です
♪フォロー割あり
♪まとめ買い割あり：2点で2%OFF、3点で3%OFF、最大5%（一部商品適用外）
♪発送と送料：在庫品は1～2営業日以内に発送、再入荷商品は入荷後1～2営業日以内に発送いたします。北海道は基本的に追加送料不要です。沖縄への送料は別途お見積りが必須です。

【商品説明】

重量(kg): 3.8
長さ(cm): 65
幅(cm): 45
高さ(cm): 26
組立時重量: 3.54
組立時長さ: 42.80
組立時幅: 27.00
組立時高さ: 67.00
主要素材: ABS+PC
主要カラー: Silver",シルバー,0,N510P479807D,,,,,,,,,,,,,,,,,,,,,,,,,,,,,,,,,,,,,,,5201,vQuSuG5WNXXFHKEZ5n3oMH,1,1,jp13,1,1,1,,,,,,,
"https://b2bfiles1.gigab2b.cn/image/wkseller/302/135834f628478ca917f5a0f4d5456ae4.jpg?x-cc=20&x-cu=28909&x-ct=1784098800&x-cs=0a0b4ce36aef7f5c6db52880ca66020e""","https://b2bfiles1.gigab2b.cn/image/wkseller/302/f9c2d06db1f392602153af4ae8844d6b.jpg?x-cc=20&x-cu=28909&x-ct=1784098800&x-cs=da64ee236dd3f85a1c66555cad400bb2""","https://b2bfiles1.gigab2b.cn/image/wkseller/302/f84f67bf2dff4c6e72b17937785edb4d.jpg?x-cc=20&x-cu=28909&x-ct=1784098800&x-cs=6027e0bec4759502a86c7b8de8b4e2f3""","https://b2bfiles1.gigab2b.cn/image/wkseller/302/c4ddcbf872e078467258bd6f7aabe12f.jpg?x-cc=20&x-cu=28909&x-ct=1784098800&x-cs=32fd3db1f4b03e0d059cbe3e3e56b86b""","https://b2bfiles1.gigab2b.cn/image/wkseller/302/528936ab68fca839164878cad149a7c8.jpg?x-cc=20&x-cu=28909&x-ct=1784098800&x-cs=a34e1f4281e8c12eb8dd1d17548d4564""","https://b2bfiles1.gigab2b.cn/image/wkseller/302/aa882533a392a93e5bbd3fc4663cb0c2.jpg?x-cc=20&x-cu=28909&x-ct=1784098800&x-cs=2b9ac4b2a72f23c37c6fa1e04b8e0746""","https://b2bfiles1.gigab2b.cn/image/wkseller/302/5a205e9a388a5e93a59bee2c693b856d.jpg?x-cc=20&x-cu=28909&x-ct=1784098800&x-cs=179cc65ddf964146a677f268cc9438ae""","https://b2bfiles1.gigab2b.cn/image/wkseller/302/6c08dca1504d137624561fbab1347cdd.jpg?x-cc=20&x-cu=28909&x-ct=1784098800&x-cs=a727c171043288586ae5f2586d943160""","https://b2bfiles1.gigab2b.cn/image/wkseller/302/995af060e5efc744d33606740cf34f78.jpg?x-cc=20&x-cu=28909&x-ct=1784098800&x-cs=9d3be2e0260bbfab9eddac4c0cddf790""","https://b2bfiles1.gigab2b.cn/image/wkseller/302/78b30e47e69cf313bd3e20ef97a43654.jpg?x-cc=20&x-cu=28909&x-ct=1784098800&x-cs=e7cb5aee512918c857a8376365e8464b""","https://b2bfiles1.gigab2b.cn/image/wkseller/302/ab97f3f08b84f984c0cdeff50a7e83bf.jpg?x-cc=20&x-cu=28909&x-ct=1784098800&x-cs=e90cb439bc211e4a133ee1b82bcffd6f""","https://b2bfiles1.gigab2b.cn/image/wkseller/302/2d264a743b532536b71f76998cc19415.JPG?x-cc=20&x-cu=28909&x-ct=1784098800&x-cs=b1b94444d1b9307e3f58998e3bf7808e""","https://b2bfiles1.gigab2b.cn/image/wkseller/302/281e92e8f6d1488ebe2ea5b963f3469b.jpg?x-cc=20&x-cu=28909&x-ct=1784098800&x-cs=b0dde6ea14b2c6c8f119c31b0cbf8837""","https://b2bfiles1.gigab2b.cn/image/wkseller/302/c7ab3229d8655cdceb2260cb2198b513.jpg?x-cc=20&x-cu=28909&x-ct=1784098800&x-cs=be92fee41ceb82fc01f4f2f983987382""]",https://pub-606bcd6c031442e4959f73b5435fefd1.r2.dev/shipping-guide.png,,,,,,スーツケース  Mサイズ  容量拡張 軽量 キャリーバッグ 大容量 ダイヤル式ロック搭載 ダブルキャスター フック かわいい おしゃれ 軽い 静音 女性 超軽量 修学 旅行 海外 頑丈 ビジネス,"ホムブリスショップへようこそ
♪すべての商品は未開封の新品です
♪フォロー割あり
♪まとめ買い割あり：2点で2%OFF、3点で3%OFF、最大5%（一部商品適用外）
♪発送と送料：在庫品は1～2営業日以内に発送、再入荷商品は入荷後1～2営業日以内に発送いたします。北海道は基本的に追加送料不要です。沖縄への送料は別途お見積りが必須です。

【商品説明】

重量(kg): 3.8
長さ(cm): 65
幅(cm): 45
高さ(cm): 26
組立時重量: 3.54
組立時長さ: 42.80
組立時幅: 27.00
組立時高さ: 67.00
主要素材: ABS+PC
主要カラー: White",ホワイト,56,N510P479807N,,,,,,,,,,,,,,,,,,,,,,,,,,,,,,,,,,,,,,,5201,vQuSuG5WNXXFHKEZ5n3oMH,1,1,jp13,1,1,1,,,,,,,
"https://b2bfiles1.gigab2b.cn/image/wkseller/302/4d2941a50831c3facdf50144d697a5fb.jpg?x-cc=20&x-cu=28909&x-ct=1784098800&x-cs=95cd24443220f2eee75fb8c9379ebad0""","https://b2bfiles1.gigab2b.cn/image/wkseller/302/f9c2d06db1f392602153af4ae8844d6b.jpg?x-cc=20&x-cu=28909&x-ct=1784098800&x-cs=da64ee236dd3f85a1c66555cad400bb2""","https://b2bfiles1.gigab2b.cn/image/wkseller/302/f84f67bf2dff4c6e72b17937785edb4d.jpg?x-cc=20&x-cu=28909&x-ct=1784098800&x-cs=6027e0bec4759502a86c7b8de8b4e2f3""","https://b2bfiles1.gigab2b.cn/image/wkseller/302/c4ddcbf872e078467258bd6f7aabe12f.jpg?x-cc=20&x-cu=28909&x-ct=1784098800&x-cs=32fd3db1f4b03e0d059cbe3e3e56b86b""","https://b2bfiles1.gigab2b.cn/image/wkseller/302/528936ab68fca839164878cad149a7c8.jpg?x-cc=20&x-cu=28909&x-ct=1784098800&x-cs=a34e1f4281e8c12eb8dd1d17548d4564""","https://b2bfiles1.gigab2b.cn/image/wkseller/302/aa882533a392a93e5bbd3fc4663cb0c2.jpg?x-cc=20&x-cu=28909&x-ct=1784098800&x-cs=2b9ac4b2a72f23c37c6fa1e04b8e0746""","https://b2bfiles1.gigab2b.cn/image/wkseller/302/5a205e9a388a5e93a59bee2c693b856d.jpg?x-cc=20&x-cu=28909&x-ct=1784098800&x-cs=179cc65ddf964146a677f268cc9438ae""","https://b2bfiles1.gigab2b.cn/image/wkseller/302/6c08dca1504d137624561fbab1347cdd.jpg?x-cc=20&x-cu=28909&x-ct=1784098800&x-cs=a727c171043288586ae5f2586d943160""","https://b2bfiles1.gigab2b.cn/image/wkseller/302/995af060e5efc744d33606740cf34f78.jpg?x-cc=20&x-cu=28909&x-ct=1784098800&x-cs=9d3be2e0260bbfab9eddac4c0cddf790""","https://b2bfiles1.gigab2b.cn/image/wkseller/302/78b30e47e69cf313bd3e20ef97a43654.jpg?x-cc=20&x-cu=28909&x-ct=1784098800&x-cs=e7cb5aee512918c857a8376365e8464b""","https://b2bfiles1.gigab2b.cn/image/wkseller/302/ab97f3f08b84f984c0cdeff50a7e83bf.jpg?x-cc=20&x-cu=28909&x-ct=1784098800&x-cs=e90cb439bc211e4a133ee1b82bcffd6f""","https://b2bfiles1.gigab2b.cn/image/wkseller/302/0d1e32fcbbaa9d1774fa8dd1efc05132.JPG?x-cc=20&x-cu=28909&x-ct=1784098800&x-cs=445dcda0bcc687e8f208edb8d1b362e7""","https://b2bfiles1.gigab2b.cn/image/wkseller/302/281e92e8f6d1488ebe2ea5b963f3469b.jpg?x-cc=20&x-cu=28909&x-ct=1784098800&x-cs=b0dde6ea14b2c6c8f119c31b0cbf8837""","https://b2bfiles1.gigab2b.cn/image/wkseller/302/c7ab3229d8655cdceb2260cb2198b513.jpg?x-cc=20&x-cu=28909&x-ct=1784098800&x-cs=be92fee41ceb82fc01f4f2f983987382""]",https://pub-606bcd6c031442e4959f73b5435fefd1.r2.dev/shipping-guide.png,,,,,,スーツケース  Mサイズ  容量拡張 軽量 キャリーバッグ 大容量 ダイヤル式ロック搭載 ダブルキャスター フック かわいい おしゃれ 軽い 静音 女性 超軽量 修学 旅行 海外 頑丈 ビジネス,"ホムブリスショップへようこそ
♪すべての商品は未開封の新品です
♪フォロー割あり
♪まとめ買い割あり：2点で2%OFF、3点で3%OFF、最大5%（一部商品適用外）
♪発送と送料：在庫品は1～2営業日以内に発送、再入荷商品は入荷後1～2営業日以内に発送いたします。北海道は基本的に追加送料不要です。沖縄への送料は別途お見積りが必須です。

【商品説明】

重量(kg): 3.8
長さ(cm): 65
幅(cm): 45
高さ(cm): 26
組立時重量: 3.54
組立時長さ: 42.80
組立時幅: 27.00
組立時高さ: 67.00
主要素材: ABS+PC
主要カラー: Green",グリーン,0,N510P479807P,,,,,,,,,,,,,,,,,,,,,,,,,,,,,,,,,,,,,,,5201,vQuSuG5WNXXFHKEZ5n3oMH,1,1,jp13,1,1,1,,,,,,,
"https://b2bfiles1.gigab2b.cn/image/wkseller/302/5d430edb69aba348cb3345b650ebb771.png?x-cc=20&x-cu=28909&x-ct=1784098800&x-cs=024dd92c6fd14a041e5e4d3c52c86f1a""","https://b2bfiles1.gigab2b.cn/image/wkseller/302/f9c2d06db1f392602153af4ae8844d6b.jpg?x-cc=20&x-cu=28909&x-ct=1784098800&x-cs=da64ee236dd3f85a1c66555cad400bb2""","https://b2bfiles1.gigab2b.cn/image/wkseller/302/f84f67bf2dff4c6e72b17937785edb4d.jpg?x-cc=20&x-cu=28909&x-ct=1784098800&x-cs=6027e0bec4759502a86c7b8de8b4e2f3""","https://b2bfiles1.gigab2b.cn/image/wkseller/302/c4ddcbf872e078467258bd6f7aabe12f.jpg?x-cc=20&x-cu=28909&x-ct=1784098800&x-cs=32fd3db1f4b03e0d059cbe3e3e56b86b""","https://b2bfiles1.gigab2b.cn/image/wkseller/302/528936ab68fca839164878cad149a7c8.jpg?x-cc=20&x-cu=28909&x-ct=1784098800&x-cs=a34e1f4281e8c12eb8dd1d17548d4564""","https://b2bfiles1.gigab2b.cn/image/wkseller/302/aa882533a392a93e5bbd3fc4663cb0c2.jpg?x-cc=20&x-cu=28909&x-ct=1784098800&x-cs=2b9ac4b2a72f23c37c6fa1e04b8e0746""","https://b2bfiles1.gigab2b.cn/image/wkseller/302/5a205e9a388a5e93a59bee2c693b856d.jpg?x-cc=20&x-cu=28909&x-ct=1784098800&x-cs=179cc65ddf964146a677f268cc9438ae""","https://b2bfiles1.gigab2b.cn/image/wkseller/302/6c08dca1504d137624561fbab1347cdd.jpg?x-cc=20&x-cu=28909&x-ct=1784098800&x-cs=a727c171043288586ae5f2586d943160""","https://b2bfiles1.gigab2b.cn/image/wkseller/302/995af060e5efc744d33606740cf34f78.jpg?x-cc=20&x-cu=28909&x-ct=1784098800&x-cs=9d3be2e0260bbfab9eddac4c0cddf790""","https://b2bfiles1.gigab2b.cn/image/wkseller/302/78b30e47e69cf313bd3e20ef97a43654.jpg?x-cc=20&x-cu=28909&x-ct=1784098800&x-cs=e7cb5aee512918c857a8376365e8464b""","https://b2bfiles1.gigab2b.cn/image/wkseller/302/ab97f3f08b84f984c0cdeff50a7e83bf.jpg?x-cc=20&x-cu=28909&x-ct=1784098800&x-cs=e90cb439bc211e4a133ee1b82bcffd6f""","https://b2bfiles1.gigab2b.cn/image/wkseller/302/f460ffa6885b45640eeac7a94fa779ab.JPG?x-cc=20&x-cu=28909&x-ct=1784098800&x-cs=c487cd8c5249e2530c03bc6d38c57e5f""","https://b2bfiles1.gigab2b.cn/image/wkseller/302/281e92e8f6d1488ebe2ea5b963f3469b.jpg?x-cc=20&x-cu=28909&x-ct=1784098800&x-cs=b0dde6ea14b2c6c8f119c31b0cbf8837""","https://b2bfiles1.gigab2b.cn/image/wkseller/302/c7ab3229d8655cdceb2260cb2198b513.jpg?x-cc=20&x-cu=28909&x-ct=1784098800&x-cs=be92fee41ceb82fc01f4f2f983987382""]",https://pub-606bcd6c031442e4959f73b5435fefd1.r2.dev/shipping-guide.png,,,,,,スーツケース  Mサイズ  容量拡張 軽量 キャリーバッグ 大容量 ダイヤル式ロック搭載 ダブルキャスター フック かわいい おしゃれ 軽い 静音 女性 超軽量 修学 旅行 海外 頑丈 ビジネス,"ホムブリスショップへようこそ
♪すべての商品は未開封の新品です
♪フォロー割あり
♪まとめ買い割あり：2点で2%OFF、3点で3%OFF、最大5%（一部商品適用外）
♪発送と送料：在庫品は1～2営業日以内に発送、再入荷商品は入荷後1～2営業日以内に発送いたします。北海道は基本的に追加送料不要です。沖縄への送料は別途お見積りが必須です。

【商品説明】

重量(kg): 3.8
長さ(cm): 65
幅(cm): 45
高さ(cm): 26
組立時重量: 3.54
組立時長さ: 42.80
組立時幅: 27.00
組立時高さ: 67.00
主要素材: ABS+PC
主要カラー: Chocolate",,0,N510P479807Q,,,,,,,,,,,,,,,,,,,,,,,,,,,,,,,,,,,,,,,5201,vQuSuG5WNXXFHKEZ5n3oMH,1,1,jp13,1,1,1,,,,,,,
"https://b2bfiles1.gigab2b.cn/image/wkseller/302/e59a77cca8671a0508a6962e5f3187d4.jpg?x-cc=20&x-cu=28909&x-ct=1784098800&x-cs=c39479c45f21b19336b15196d82a52c4""","https://b2bfiles1.gigab2b.cn/image/wkseller/302/f9c2d06db1f392602153af4ae8844d6b.jpg?x-cc=20&x-cu=28909&x-ct=1784098800&x-cs=da64ee236dd3f85a1c66555cad400bb2""","https://b2bfiles1.gigab2b.cn/image/wkseller/302/f84f67bf2dff4c6e72b17937785edb4d.jpg?x-cc=20&x-cu=28909&x-ct=1784098800&x-cs=6027e0bec4759502a86c7b8de8b4e2f3""","https://b2bfiles1.gigab2b.cn/image/wkseller/302/c4ddcbf872e078467258bd6f7aabe12f.jpg?x-cc=20&x-cu=28909&x-ct=1784098800&x-cs=32fd3db1f4b03e0d059cbe3e3e56b86b""","https://b2bfiles1.gigab2b.cn/image/wkseller/302/528936ab68fca839164878cad149a7c8.jpg?x-cc=20&x-cu=28909&x-ct=1784098800&x-cs=a34e1f4281e8c12eb8dd1d17548d4564""","https://b2bfiles1.gigab2b.cn/image/wkseller/302/aa882533a392a93e5bbd3fc4663cb0c2.jpg?x-cc=20&x-cu=28909&x-ct=1784098800&x-cs=2b9ac4b2a72f23c37c6fa1e04b8e0746""","https://b2bfiles1.gigab2b.cn/image/wkseller/302/5a205e9a388a5e93a59bee2c693b856d.jpg?x-cc=20&x-cu=28909&x-ct=1784098800&x-cs=179cc65ddf964146a677f268cc9438ae""","https://b2bfiles1.gigab2b.cn/image/wkseller/302/6c08dca1504d137624561fbab1347cdd.jpg?x-cc=20&x-cu=28909&x-ct=1784098800&x-cs=a727c171043288586ae5f2586d943160""","https://b2bfiles1.gigab2b.cn/image/wkseller/302/995af060e5efc744d33606740cf34f78.jpg?x-cc=20&x-cu=28909&x-ct=1784098800&x-cs=9d3be2e0260bbfab9eddac4c0cddf790""","https://b2bfiles1.gigab2b.cn/image/wkseller/302/78b30e47e69cf313bd3e20ef97a43654.jpg?x-cc=20&x-cu=28909&x-ct=1784098800&x-cs=e7cb5aee512918c857a8376365e8464b""","https://b2bfiles1.gigab2b.cn/image/wkseller/302/ab97f3f08b84f984c0cdeff50a7e83bf.jpg?x-cc=20&x-cu=28909&x-ct=1784098800&x-cs=e90cb439bc211e4a133ee1b82bcffd6f""","https://b2bfiles1.gigab2b.cn/image/wkseller/302/b7a7cad6e3bfad81327d2906d57037d1.JPG?x-cc=20&x-cu=28909&x-ct=1784098800&x-cs=cd7489d7a524b0b3e0b7c7244e4d21f1""","https://b2bfiles1.gigab2b.cn/image/wkseller/302/281e92e8f6d1488ebe2ea5b963f3469b.jpg?x-cc=20&x-cu=28909&x-ct=1784098800&x-cs=b0dde6ea14b2c6c8f119c31b0cbf8837""","https://b2bfiles1.gigab2b.cn/image/wkseller/302/c7ab3229d8655cdceb2260cb2198b513.jpg?x-cc=20&x-cu=28909&x-ct=1784098800&x-cs=be92fee41ceb82fc01f4f2f983987382""]",https://pub-606bcd6c031442e4959f73b5435fefd1.r2.dev/shipping-guide.png,,,,,,スーツケース  Lサイズ  容量拡張 軽量 キャリーバッグ 大容量 ダイヤル式ロック搭載 ダブルキャスター フック かわいい おしゃれ 軽い 静音 女性 超軽量 修学 旅行 海外 頑丈 ビジネス,"ホムブリスショップへようこそ
♪すべての商品は未開封の新品です
♪フォロー割あり
♪まとめ買い割あり：2点で2%OFF、3点で3%OFF、最大5%（一部商品適用外）
♪発送と送料：在庫品は1～2営業日以内に発送、再入荷商品は入荷後1～2営業日以内に発送いたします。北海道は基本的に追加送料不要です。沖縄への送料は別途お見積りが必須です。

【商品説明】

重量(kg): 4.5
長さ(cm): 76
幅(cm): 51
高さ(cm): 30
組立時重量: 4.42
組立時長さ: 48.70
組立時幅: 31.00
組立時高さ: 77.00
主要素材: ABS+PC
主要カラー: Black",ブラック,0,N510P479808B,,,,,,,,,,,,,,,,,,,,,,,,,,,,,,,,,,,,,,,5551,vQuSuG5WNXXFHKEZ5n3oMH,1,1,jp13,1,1,1,,,,,,,
"https://b2bfiles1.gigab2b.cn/image/wkseller/302/8b1674d3c575e8ec71f03283db759bd4.jpg?x-cc=20&x-cu=28909&x-ct=1784098800&x-cs=6b8f1f853323eed2eceb8ce84679e79f""","https://b2bfiles1.gigab2b.cn/image/wkseller/302/f9c2d06db1f392602153af4ae8844d6b.jpg?x-cc=20&x-cu=28909&x-ct=1784098800&x-cs=da64ee236dd3f85a1c66555cad400bb2""","https://b2bfiles1.gigab2b.cn/image/wkseller/302/f84f67bf2dff4c6e72b17937785edb4d.jpg?x-cc=20&x-cu=28909&x-ct=1784098800&x-cs=6027e0bec4759502a86c7b8de8b4e2f3""","https://b2bfiles1.gigab2b.cn/image/wkseller/302/c4ddcbf872e078467258bd6f7aabe12f.jpg?x-cc=20&x-cu=28909&x-ct=1784098800&x-cs=32fd3db1f4b03e0d059cbe3e3e56b86b""","https://b2bfiles1.gigab2b.cn/image/wkseller/302/528936ab68fca839164878cad149a7c8.jpg?x-cc=20&x-cu=28909&x-ct=1784098800&x-cs=a34e1f4281e8c12eb8dd1d17548d4564""","https://b2bfiles1.gigab2b.cn/image/wkseller/302/aa882533a392a93e5bbd3fc4663cb0c2.jpg?x-cc=20&x-cu=28909&x-ct=1784098800&x-cs=2b9ac4b2a72f23c37c6fa1e04b8e0746""","https://b2bfiles1.gigab2b.cn/image/wkseller/302/5a205e9a388a5e93a59bee2c693b856d.jpg?x-cc=20&x-cu=28909&x-ct=1784098800&x-cs=179cc65ddf964146a677f268cc9438ae""","https://b2bfiles1.gigab2b.cn/image/wkseller/302/6c08dca1504d137624561fbab1347cdd.jpg?x-cc=20&x-cu=28909&x-ct=1784098800&x-cs=a727c171043288586ae5f2586d943160""","https://b2bfiles1.gigab2b.cn/image/wkseller/302/995af060e5efc744d33606740cf34f78.jpg?x-cc=20&x-cu=28909&x-ct=1784098800&x-cs=9d3be2e0260bbfab9eddac4c0cddf790""","https://b2bfiles1.gigab2b.cn/image/wkseller/302/78b30e47e69cf313bd3e20ef97a43654.jpg?x-cc=20&x-cu=28909&x-ct=1784098800&x-cs=e7cb5aee512918c857a8376365e8464b""","https://b2bfiles1.gigab2b.cn/image/wkseller/302/ab97f3f08b84f984c0cdeff50a7e83bf.jpg?x-cc=20&x-cu=28909&x-ct=1784098800&x-cs=e90cb439bc211e4a133ee1b82bcffd6f""","https://b2bfiles1.gigab2b.cn/image/wkseller/302/162721dd1ca9f8e39381ad5f8fffaad8.JPG?x-cc=20&x-cu=28909&x-ct=1784098800&x-cs=b0a90b8323cc0887f2b1bd5eda6dc7e2""","https://b2bfiles1.gigab2b.cn/image/wkseller/302/281e92e8f6d1488ebe2ea5b963f3469b.jpg?x-cc=20&x-cu=28909&x-ct=1784098800&x-cs=b0dde6ea14b2c6c8f119c31b0cbf8837""","https://b2bfiles1.gigab2b.cn/image/wkseller/302/c7ab3229d8655cdceb2260cb2198b513.jpg?x-cc=20&x-cu=28909&x-ct=1784098800&x-cs=be92fee41ceb82fc01f4f2f983987382""]",https://pub-606bcd6c031442e4959f73b5435fefd1.r2.dev/shipping-guide.png,,,,,,スーツケース  Lサイズ  容量拡張 軽量 キャリーバッグ 大容量 ダイヤル式ロック搭載 ダブルキャスター フック かわいい おしゃれ 軽い 静音 女性 超軽量 修学 旅行 海外 頑丈 ビジネス,"ホムブリスショップへようこそ
♪すべての商品は未開封の新品です
♪フォロー割あり
♪まとめ買い割あり：2点で2%OFF、3点で3%OFF、最大5%（一部商品適用外）
♪発送と送料：在庫品は1～2営業日以内に発送、再入荷商品は入荷後1～2営業日以内に発送いたします。北海道は基本的に追加送料不要です。沖縄への送料は別途お見積りが必須です。

【商品説明】

重量(kg): 4.5
長さ(cm): 76
幅(cm): 51
高さ(cm): 30
組立時重量: 4.42
組立時長さ: 48.70
組立時幅: 31.00
組立時高さ: 77.00
主要素材: ABS+PC
主要カラー: Silver",シルバー,0,N510P479808D,,,,,,,,,,,,,,,,,,,,,,,,,,,,,,,,,,,,,,,5551,vQuSuG5WNXXFHKEZ5n3oMH,1,1,jp13,1,1,1,,,,,,,
"https://b2bfiles1.gigab2b.cn/image/wkseller/302/135834f628478ca917f5a0f4d5456ae4.jpg?x-cc=20&x-cu=28909&x-ct=1784098800&x-cs=0a0b4ce36aef7f5c6db52880ca66020e""","https://b2bfiles1.gigab2b.cn/image/wkseller/302/f9c2d06db1f392602153af4ae8844d6b.jpg?x-cc=20&x-cu=28909&x-ct=1784098800&x-cs=da64ee236dd3f85a1c66555cad400bb2""","https://b2bfiles1.gigab2b.cn/image/wkseller/302/f84f67bf2dff4c6e72b17937785edb4d.jpg?x-cc=20&x-cu=28909&x-ct=1784098800&x-cs=6027e0bec4759502a86c7b8de8b4e2f3""","https://b2bfiles1.gigab2b.cn/image/wkseller/302/c4ddcbf872e078467258bd6f7aabe12f.jpg?x-cc=20&x-cu=28909&x-ct=1784098800&x-cs=32fd3db1f4b03e0d059cbe3e3e56b86b""","https://b2bfiles1.gigab2b.cn/image/wkseller/302/528936ab68fca839164878cad149a7c8.jpg?x-cc=20&x-cu=28909&x-ct=1784098800&x-cs=a34e1f4281e8c12eb8dd1d17548d4564""","https://b2bfiles1.gigab2b.cn/image/wkseller/302/aa882533a392a93e5bbd3fc4663cb0c2.jpg?x-cc=20&x-cu=28909&x-ct=1784098800&x-cs=2b9ac4b2a72f23c37c6fa1e04b8e0746""","https://b2bfiles1.gigab2b.cn/image/wkseller/302/5a205e9a388a5e93a59bee2c693b856d.jpg?x-cc=20&x-cu=28909&x-ct=1784098800&x-cs=179cc65ddf964146a677f268cc9438ae""","https://b2bfiles1.gigab2b.cn/image/wkseller/302/6c08dca1504d137624561fbab1347cdd.jpg?x-cc=20&x-cu=28909&x-ct=1784098800&x-cs=a727c171043288586ae5f2586d943160""","https://b2bfiles1.gigab2b.cn/image/wkseller/302/995af060e5efc744d33606740cf34f78.jpg?x-cc=20&x-cu=28909&x-ct=1784098800&x-cs=9d3be2e0260bbfab9eddac4c0cddf790""","https://b2bfiles1.gigab2b.cn/image/wkseller/302/78b30e47e69cf313bd3e20ef97a43654.jpg?x-cc=20&x-cu=28909&x-ct=1784098800&x-cs=e7cb5aee512918c857a8376365e8464b""","https://b2bfiles1.gigab2b.cn/image/wkseller/302/ab97f3f08b84f984c0cdeff50a7e83bf.jpg?x-cc=20&x-cu=28909&x-ct=1784098800&x-cs=e90cb439bc211e4a133ee1b82bcffd6f""","https://b2bfiles1.gigab2b.cn/image/wkseller/302/2d264a743b532536b71f76998cc19415.JPG?x-cc=20&x-cu=28909&x-ct=1784098800&x-cs=b1b94444d1b9307e3f58998e3bf7808e""","https://b2bfiles1.gigab2b.cn/image/wkseller/302/281e92e8f6d1488ebe2ea5b963f3469b.jpg?x-cc=20&x-cu=28909&x-ct=1784098800&x-cs=b0dde6ea14b2c6c8f119c31b0cbf8837""","https://b2bfiles1.gigab2b.cn/image/wkseller/302/c7ab3229d8655cdceb2260cb2198b513.jpg?x-cc=20&x-cu=28909&x-ct=1784098800&x-cs=be92fee41ceb82fc01f4f2f983987382""]",https://pub-606bcd6c031442e4959f73b5435fefd1.r2.dev/shipping-guide.png,,,,,,スーツケース  Lサイズ  容量拡張 軽量 キャリーバッグ 大容量 ダイヤル式ロック搭載 ダブルキャスター フック かわいい おしゃれ 軽い 静音 女性 超軽量 修学 旅行 海外 頑丈 ビジネス,"ホムブリスショップへようこそ
♪すべての商品は未開封の新品です
♪フォロー割あり
♪まとめ買い割あり：2点で2%OFF、3点で3%OFF、最大5%（一部商品適用外）
♪発送と送料：在庫品は1～2営業日以内に発送、再入荷商品は入荷後1～2営業日以内に発送いたします。北海道は基本的に追加送料不要です。沖縄への送料は別途お見積りが必須です。

【商品説明】

重量(kg): 4.5
長さ(cm): 76
幅(cm): 51
高さ(cm): 30
組立時重量: 4.42
組立時長さ: 48.70
組立時幅: 31.00
組立時高さ: 77.00
主要素材: ABS+PC
主要カラー: White",ホワイト,0,N510P479808N,,,,,,,,,,,,,,,,,,,,,,,,,,,,,,,,,,,,,,,5551,vQuSuG5WNXXFHKEZ5n3oMH,1,1,jp13,1,1,1,,,,,,,
"https://b2bfiles1.gigab2b.cn/image/wkseller/302/4d2941a50831c3facdf50144d697a5fb.jpg?x-cc=20&x-cu=28909&x-ct=1784098800&x-cs=95cd24443220f2eee75fb8c9379ebad0""","https://b2bfiles1.gigab2b.cn/image/wkseller/302/f9c2d06db1f392602153af4ae8844d6b.jpg?x-cc=20&x-cu=28909&x-ct=1784098800&x-cs=da64ee236dd3f85a1c66555cad400bb2""","https://b2bfiles1.gigab2b.cn/image/wkseller/302/f84f67bf2dff4c6e72b17937785edb4d.jpg?x-cc=20&x-cu=28909&x-ct=1784098800&x-cs=6027e0bec4759502a86c7b8de8b4e2f3""","https://b2bfiles1.gigab2b.cn/image/wkseller/302/c4ddcbf872e078467258bd6f7aabe12f.jpg?x-cc=20&x-cu=28909&x-ct=1784098800&x-cs=32fd3db1f4b03e0d059cbe3e3e56b86b""","https://b2bfiles1.gigab2b.cn/image/wkseller/302/528936ab68fca839164878cad149a7c8.jpg?x-cc=20&x-cu=28909&x-ct=1784098800&x-cs=a34e1f4281e8c12eb8dd1d17548d4564""","https://b2bfiles1.gigab2b.cn/image/wkseller/302/aa882533a392a93e5bbd3fc4663cb0c2.jpg?x-cc=20&x-cu=28909&x-ct=1784098800&x-cs=2b9ac4b2a72f23c37c6fa1e04b8e0746""","https://b2bfiles1.gigab2b.cn/image/wkseller/302/5a205e9a388a5e93a59bee2c693b856d.jpg?x-cc=20&x-cu=28909&x-ct=1784098800&x-cs=179cc65ddf964146a677f268cc9438ae""","https://b2bfiles1.gigab2b.cn/image/wkseller/302/6c08dca1504d137624561fbab1347cdd.jpg?x-cc=20&x-cu=28909&x-ct=1784098800&x-cs=a727c171043288586ae5f2586d943160""","https://b2bfiles1.gigab2b.cn/image/wkseller/302/995af060e5efc744d33606740cf34f78.jpg?x-cc=20&x-cu=28909&x-ct=1784098800&x-cs=9d3be2e0260bbfab9eddac4c0cddf790""","https://b2bfiles1.gigab2b.cn/image/wkseller/302/78b30e47e69cf313bd3e20ef97a43654.jpg?x-cc=20&x-cu=28909&x-ct=1784098800&x-cs=e7cb5aee512918c857a8376365e8464b""","https://b2bfiles1.gigab2b.cn/image/wkseller/302/ab97f3f08b84f984c0cdeff50a7e83bf.jpg?x-cc=20&x-cu=28909&x-ct=1784098800&x-cs=e90cb439bc211e4a133ee1b82bcffd6f""","https://b2bfiles1.gigab2b.cn/image/wkseller/302/0d1e32fcbbaa9d1774fa8dd1efc05132.JPG?x-cc=20&x-cu=28909&x-ct=1784098800&x-cs=445dcda0bcc687e8f208edb8d1b362e7""","https://b2bfiles1.gigab2b.cn/image/wkseller/302/281e92e8f6d1488ebe2ea5b963f3469b.jpg?x-cc=20&x-cu=28909&x-ct=1784098800&x-cs=b0dde6ea14b2c6c8f119c31b0cbf8837""","https://b2bfiles1.gigab2b.cn/image/wkseller/302/c7ab3229d8655cdceb2260cb2198b513.jpg?x-cc=20&x-cu=28909&x-ct=1784098800&x-cs=be92fee41ceb82fc01f4f2f983987382""]",https://pub-606bcd6c031442e4959f73b5435fefd1.r2.dev/shipping-guide.png,,,,,,スーツケース  Lサイズ  容量拡張 軽量 キャリーバッグ 大容量 ダイヤル式ロック搭載 ダブルキャスター フック かわいい おしゃれ 軽い 静音 女性 超軽量 修学 旅行 海外 頑丈 ビジネス,"ホムブリスショップへようこそ
♪すべての商品は未開封の新品です
♪フォロー割あり
♪まとめ買い割あり：2点で2%OFF、3点で3%OFF、最大5%（一部商品適用外）
♪発送と送料：在庫品は1～2営業日以内に発送、再入荷商品は入荷後1～2営業日以内に発送いたします。北海道は基本的に追加送料不要です。沖縄への送料は別途お見積りが必須です。

【商品説明】

重量(kg): 4.5
長さ(cm): 76
幅(cm): 51
高さ(cm): 30
組立時重量: 4.42
組立時長さ: 48.70
組立時幅: 31.00
組立時高さ: 77.00
主要素材: ABS+PC
主要カラー: Green",グリーン,0,N510P479808P,,,,,,,,,,,,,,,,,,,,,,,,,,,,,,,,,,,,,,,5551,vQuSuG5WNXXFHKEZ5n3oMH,1,1,jp13,1,1,1,,,,,,,
"https://b2bfiles1.gigab2b.cn/image/wkseller/302/5d430edb69aba348cb3345b650ebb771.png?x-cc=20&x-cu=28909&x-ct=1784098800&x-cs=024dd92c6fd14a041e5e4d3c52c86f1a""","https://b2bfiles1.gigab2b.cn/image/wkseller/302/f9c2d06db1f392602153af4ae8844d6b.jpg?x-cc=20&x-cu=28909&x-ct=1784098800&x-cs=da64ee236dd3f85a1c66555cad400bb2""","https://b2bfiles1.gigab2b.cn/image/wkseller/302/f84f67bf2dff4c6e72b17937785edb4d.jpg?x-cc=20&x-cu=28909&x-ct=1784098800&x-cs=6027e0bec4759502a86c7b8de8b4e2f3""","https://b2bfiles1.gigab2b.cn/image/wkseller/302/c4ddcbf872e078467258bd6f7aabe12f.jpg?x-cc=20&x-cu=28909&x-ct=1784098800&x-cs=32fd3db1f4b03e0d059cbe3e3e56b86b""","https://b2bfiles1.gigab2b.cn/image/wkseller/302/528936ab68fca839164878cad149a7c8.jpg?x-cc=20&x-cu=28909&x-ct=1784098800&x-cs=a34e1f4281e8c12eb8dd1d17548d4564""","https://b2bfiles1.gigab2b.cn/image/wkseller/302/aa882533a392a93e5bbd3fc4663cb0c2.jpg?x-cc=20&x-cu=28909&x-ct=1784098800&x-cs=2b9ac4b2a72f23c37c6fa1e04b8e0746""","https://b2bfiles1.gigab2b.cn/image/wkseller/302/5a205e9a388a5e93a59bee2c693b856d.jpg?x-cc=20&x-cu=28909&x-ct=1784098800&x-cs=179cc65ddf964146a677f268cc9438ae""","https://b2bfiles1.gigab2b.cn/image/wkseller/302/6c08dca1504d137624561fbab1347cdd.jpg?x-cc=20&x-cu=28909&x-ct=1784098800&x-cs=a727c171043288586ae5f2586d943160""","https://b2bfiles1.gigab2b.cn/image/wkseller/302/995af060e5efc744d33606740cf34f78.jpg?x-cc=20&x-cu=28909&x-ct=1784098800&x-cs=9d3be2e0260bbfab9eddac4c0cddf790""","https://b2bfiles1.gigab2b.cn/image/wkseller/302/78b30e47e69cf313bd3e20ef97a43654.jpg?x-cc=20&x-cu=28909&x-ct=1784098800&x-cs=e7cb5aee512918c857a8376365e8464b""","https://b2bfiles1.gigab2b.cn/image/wkseller/302/ab97f3f08b84f984c0cdeff50a7e83bf.jpg?x-cc=20&x-cu=28909&x-ct=1784098800&x-cs=e90cb439bc211e4a133ee1b82bcffd6f""","https://b2bfiles1.gigab2b.cn/image/wkseller/302/f460ffa6885b45640eeac7a94fa779ab.JPG?x-cc=20&x-cu=28909&x-ct=1784098800&x-cs=c487cd8c5249e2530c03bc6d38c57e5f""","https://b2bfiles1.gigab2b.cn/image/wkseller/302/281e92e8f6d1488ebe2ea5b963f3469b.jpg?x-cc=20&x-cu=28909&x-ct=1784098800&x-cs=b0dde6ea14b2c6c8f119c31b0cbf8837""","https://b2bfiles1.gigab2b.cn/image/wkseller/302/c7ab3229d8655cdceb2260cb2198b513.jpg?x-cc=20&x-cu=28909&x-ct=1784098800&x-cs=be92fee41ceb82fc01f4f2f983987382""]",https://pub-606bcd6c031442e4959f73b5435fefd1.r2.dev/shipping-guide.png,,,,,,スーツケース  Lサイズ  容量拡張 軽量 キャリーバッグ 大容量 ダイヤル式ロック搭載 ダブルキャスター フック かわいい おしゃれ 軽い 静音 女性 超軽量 修学 旅行 海外 頑丈 ビジネス,"ホムブリスショップへようこそ
♪すべての商品は未開封の新品です
♪フォロー割あり
♪まとめ買い割あり：2点で2%OFF、3点で3%OFF、最大5%（一部商品適用外）
♪発送と送料：在庫品は1～2営業日以内に発送、再入荷商品は入荷後1～2営業日以内に発送いたします。北海道は基本的に追加送料不要です。沖縄への送料は別途お見積りが必須です。

【商品説明】

重量(kg): 4.5
長さ(cm): 76
幅(cm): 51
高さ(cm): 30
組立時重量: 4.42
組立時長さ: 48.70
組立時幅: 31.00
組立時高さ: 77.00
主要素材: ABS+PC
主要カラー: Chocolate",,0,N510P479808Q,,,,,,,,,,,,,,,,,,,,,,,,,,,,,,,,,,,,,,,5551,vQuSuG5WNXXFHKEZ5n3oMH,1,1,jp13,1,1,1,,,,,,,
"https://b2bfiles1.gigab2b.cn/image/wkseller/302/4200b8f101cbac857ea156edfcbec27d.jpg?x-cc=20&x-cu=28909&x-ct=1784098800&x-cs=c7179a6b2f75761c9254acc2f1e9f7a9""","https://b2bfiles1.gigab2b.cn/image/wkseller/302/7ce9254414461713a4dd1e8e987bb9dd.jpg?x-cc=20&x-cu=28909&x-ct=1784098800&x-cs=b35335572108d0a84d05f8352e0ace3b""","https://b2bfiles1.gigab2b.cn/image/wkseller/302/83eb14c579889cafed6dd668497324c0.jpg?x-cc=20&x-cu=28909&x-ct=1784098800&x-cs=aff60b8b8999b3bf8642e4cf22c74041""","https://b2bfiles1.gigab2b.cn/image/wkseller/302/de6b7baf07da35b19b408d268dbf833a.jpg?x-cc=20&x-cu=28909&x-ct=1784098800&x-cs=e6505b8d8dffcc7cce6c44b3213bcb3c""","https://b2bfiles1.gigab2b.cn/image/wkseller/302/aac74b869475158803215b5ebdd98448.jpg?x-cc=20&x-cu=28909&x-ct=1784098800&x-cs=c2710471c6f87439b6cb0f770ed2c63c""","https://b2bfiles1.gigab2b.cn/image/wkseller/302/a34dd4adc24f00554d57a608925c3aac.jpg?x-cc=20&x-cu=28909&x-ct=1784098800&x-cs=08733a592e560808b15a3a36c73d5ef6""","https://b2bfiles1.gigab2b.cn/image/wkseller/302/0d4a766044ca4e2212439b4d4ce8a14d.jpg?x-cc=20&x-cu=28909&x-ct=1784098800&x-cs=d344e4eeb3955aaf2367bdf545d245b2""","https://b2bfiles1.gigab2b.cn/image/wkseller/302/8ad804042af7648ad0e933e2b0bd28ac.jpg?x-cc=20&x-cu=28909&x-ct=1784098800&x-cs=654390ccfb592fa0d7566a02becfbc37""","https://b2bfiles1.gigab2b.cn/image/wkseller/302/af45b44ab7516da89271805779fff7d4.jpg?x-cc=20&x-cu=28909&x-ct=1784098800&x-cs=567b0b3530af72ee036a318abdc7c098""","https://b2bfiles1.gigab2b.cn/image/wkseller/302/624f13fba19ecf6fe6ddc1126024e46b.jpg?x-cc=20&x-cu=28909&x-ct=1784098800&x-cs=13dfc708d71099def38fecf930ab2639""","https://b2bfiles1.gigab2b.cn/image/wkseller/302/ed76404ae199e80a1e82e47de906e86b.jpg?x-cc=20&x-cu=28909&x-ct=1784098800&x-cs=398ff23d70c40ced0119c9e577379ffe""","https://b2bfiles1.gigab2b.cn/image/wkseller/302/4eb3460d130998e1ddb9c3f73471df16.jpg?x-cc=20&x-cu=28909&x-ct=1784098800&x-cs=80cdd75383b32d246280839ae9e169c2""","https://b2bfiles1.gigab2b.cn/image/wkseller/302/41ea4f8b2e321ef083d21130260ce101.jpg?x-cc=20&x-cu=28909&x-ct=1784098800&x-cs=592847020ee2abebd50a13efeb927d15""","https://b2bfiles1.gigab2b.cn/image/wkseller/302/bbe39c5bafb9beb99f38cb162a71277c.jpg?x-cc=20&x-cu=28909&x-ct=1784098800&x-cs=ce2dc3e8b9bf61f4d2e48419231a4a25""","https://b2bfiles1.gigab2b.cn/image/wkseller/302/ebe025a8afaed6a0cd7817fd5db8e9e2.jpg?x-cc=20&x-cu=28909&x-ct=1784098800&x-cs=b8f712ff9ce64c75dfa310b1601c582b""","https://b2bfiles1.gigab2b.cn/image/wkseller/302/084efbb7a2fc3c29fcd4167868dc662b.jpg?x-cc=20&x-cu=28909&x-ct=1784098800&x-cs=7fa8b648b2ba0e64f7a880f0074088b6""","https://b2bfiles1.gigab2b.cn/image/wkseller/302/4a648ec56343d91fe455b5c6820ca8ec.jpg?x-cc=20&x-cu=28909&x-ct=1784098800&x-cs=d34d082d9a9cde5ce0a55f2248f0c3f0""","https://b2bfiles1.gigab2b.cn/image/wkseller/302/42e8b89d5068e1acc7e7c61096c0b185.jpg?x-cc=20&x-cu=28909&x-ct=1784098800&x-cs=a9035888b6580b0dca44d6bb8d6528f6""]",https://pub-606bcd6c031442e4959f73b5435fefd1.r2.dev/shipping-guide.png,,スーツケース 機内持ち込み 軽量 キャリーバッグ Sサイズ USBポート付き ドリンクホルダー付 ダブルキャスター スムーズ 静音 静か かわいい おしゃれ 1日〜3日用 電車 おすすめ 女性 頑丈 海外 修学旅行 suitcase,"ホムブリスショップへようこそ
♪すべての商品は未開封の新品です
♪フォロー割あり
♪まとめ買い割あり：2点で2%OFF、3点で3%OFF、最大5%（一部商品適用外）
♪発送と送料：在庫品は1～2営業日以内に発送、再入荷商品は入荷後1～2営業日以内に発送いたします。北海道は基本的に追加送料不要です。沖縄への送料は別途お見積りが必須です。

【商品説明】

重量(kg): 3.8
長さ(cm): 56
幅(cm): 36
高さ(cm): 23.5
組立時重量: 3.10
組立時長さ: 36.00
組立時幅: 23.00
組立時高さ: 56.00
主要素材: ABS
主要カラー: Pink",ピンク,0,N510P507073N,,,,,,,,,,,,,,,,,,,,,,,,,,,,,,,,,,,,,,,4801,vQuSuG5WNXXFHKEZ5n3oMH,1,1,jp13,1,1,1,,,,,,,
"https://b2bfiles1.gigab2b.cn/image/wkseller/302/4200b8f101cbac857ea156edfcbec27d.jpg?x-cc=20&x-cu=28909&x-ct=1784098800&x-cs=c7179a6b2f75761c9254acc2f1e9f7a9""","https://b2bfiles1.gigab2b.cn/image/wkseller/302/7ce9254414461713a4dd1e8e987bb9dd.jpg?x-cc=20&x-cu=28909&x-ct=1784098800&x-cs=b35335572108d0a84d05f8352e0ace3b""","https://b2bfiles1.gigab2b.cn/image/wkseller/302/83eb14c579889cafed6dd668497324c0.jpg?x-cc=20&x-cu=28909&x-ct=1784098800&x-cs=aff60b8b8999b3bf8642e4cf22c74041""","https://b2bfiles1.gigab2b.cn/image/wkseller/302/de6b7baf07da35b19b408d268dbf833a.jpg?x-cc=20&x-cu=28909&x-ct=1784098800&x-cs=e6505b8d8dffcc7cce6c44b3213bcb3c""","https://b2bfiles1.gigab2b.cn/image/wkseller/302/aac74b869475158803215b5ebdd98448.jpg?x-cc=20&x-cu=28909&x-ct=1784098800&x-cs=c2710471c6f87439b6cb0f770ed2c63c""","https://b2bfiles1.gigab2b.cn/image/wkseller/302/a34dd4adc24f00554d57a608925c3aac.jpg?x-cc=20&x-cu=28909&x-ct=1784098800&x-cs=08733a592e560808b15a3a36c73d5ef6""","https://b2bfiles1.gigab2b.cn/image/wkseller/302/8ad804042af7648ad0e933e2b0bd28ac.jpg?x-cc=20&x-cu=28909&x-ct=1784098800&x-cs=654390ccfb592fa0d7566a02becfbc37""","https://b2bfiles1.gigab2b.cn/image/wkseller/302/0d4a766044ca4e2212439b4d4ce8a14d.jpg?x-cc=20&x-cu=28909&x-ct=1784098800&x-cs=d344e4eeb3955aaf2367bdf545d245b2""","https://b2bfiles1.gigab2b.cn/image/wkseller/302/af45b44ab7516da89271805779fff7d4.jpg?x-cc=20&x-cu=28909&x-ct=1784098800&x-cs=567b0b3530af72ee036a318abdc7c098""","https://b2bfiles1.gigab2b.cn/image/wkseller/302/624f13fba19ecf6fe6ddc1126024e46b.jpg?x-cc=20&x-cu=28909&x-ct=1784098800&x-cs=13dfc708d71099def38fecf930ab2639""","https://b2bfiles1.gigab2b.cn/image/wkseller/302/ed76404ae199e80a1e82e47de906e86b.jpg?x-cc=20&x-cu=28909&x-ct=1784098800&x-cs=398ff23d70c40ced0119c9e577379ffe""","https://b2bfiles1.gigab2b.cn/image/wkseller/302/41ea4f8b2e321ef083d21130260ce101.jpg?x-cc=20&x-cu=28909&x-ct=1784098800&x-cs=592847020ee2abebd50a13efeb927d15""","https://b2bfiles1.gigab2b.cn/image/wkseller/302/4eb3460d130998e1ddb9c3f73471df16.jpg?x-cc=20&x-cu=28909&x-ct=1784098800&x-cs=80cdd75383b32d246280839ae9e169c2""","https://b2bfiles1.gigab2b.cn/image/wkseller/302/bbe39c5bafb9beb99f38cb162a71277c.jpg?x-cc=20&x-cu=28909&x-ct=1784098800&x-cs=ce2dc3e8b9bf61f4d2e48419231a4a25""","https://b2bfiles1.gigab2b.cn/image/wkseller/302/ebe025a8afaed6a0cd7817fd5db8e9e2.jpg?x-cc=20&x-cu=28909&x-ct=1784098800&x-cs=b8f712ff9ce64c75dfa310b1601c582b""","https://b2bfiles1.gigab2b.cn/image/wkseller/302/084efbb7a2fc3c29fcd4167868dc662b.jpg?x-cc=20&x-cu=28909&x-ct=1784098800&x-cs=7fa8b648b2ba0e64f7a880f0074088b6""","https://b2bfiles1.gigab2b.cn/image/wkseller/302/42e8b89d5068e1acc7e7c61096c0b185.jpg?x-cc=20&x-cu=28909&x-ct=1784098800&x-cs=a9035888b6580b0dca44d6bb8d6528f6""","https://b2bfiles1.gigab2b.cn/image/wkseller/302/4a648ec56343d91fe455b5c6820ca8ec.jpg?x-cc=20&x-cu=28909&x-ct=1784098800&x-cs=d34d082d9a9cde5ce0a55f2248f0c3f0""]",https://pub-606bcd6c031442e4959f73b5435fefd1.r2.dev/shipping-guide.png,,スーツケース 機内持ち込み 軽量 キャリーバッグ Mサイズ USBポート付き ドリンクホルダー付 ダブルキャスター スムーズ 静音 静か かわいい おしゃれ 4日〜7日用 電車 おすすめ 女性 頑丈 海外 修学旅行 suitcase,"ホムブリスショップへようこそ
♪すべての商品は未開封の新品です
♪フォロー割あり
♪まとめ買い割あり：2点で2%OFF、3点で3%OFF、最大5%（一部商品適用外）
♪発送と送料：在庫品は1～2営業日以内に発送、再入荷商品は入荷後1～2営業日以内に発送いたします。北海道は基本的に追加送料不要です。沖縄への送料は別途お見積りが必須です。

【商品説明】

重量(kg): 5
長さ(cm): 65
幅(cm): 42
高さ(cm): 27
組立時重量: 3.56
組立時長さ: 42.00
組立時幅: 27.00
組立時高さ: 65.00
主要素材: ABS
主要カラー: Pink",ピンク,0,N510P507074N,,,,,,,,,,,,,,,,,,,,,,,,,,,,,,,,,,,,,,,5301,vQuSuG5WNXXFHKEZ5n3oMH,1,1,jp13,1,1,1,,,,,,,
"https://b2bfiles1.gigab2b.cn/image/wkseller/302/e4f3713cf722c1a451d4cefbd0a79e93.jpg?x-cc=20&x-cu=28909&x-ct=1784098800&x-cs=c3ef3a8671f66d0be4f6ac10c7221ee5""","https://b2bfiles1.gigab2b.cn/image/wkseller/302/041b2211c78f5e8046f40c61d5a878c7.jpg?x-cc=20&x-cu=28909&x-ct=1784098800&x-cs=f91b2b2f596b56d8008217fef2b7dd33""","https://b2bfiles1.gigab2b.cn/image/wkseller/302/e08caa217a90dd44dddd6c0ef5da94ef.jpg?x-cc=20&x-cu=28909&x-ct=1784098800&x-cs=d2f701c68c9fdb7615ec6e3804b6467b""","https://b2bfiles1.gigab2b.cn/image/wkseller/302/102de8f2febefae4735f731ca19e6733.jpg?x-cc=20&x-cu=28909&x-ct=1784098800&x-cs=f736965a3b221d27563cfaa58747844e""","https://b2bfiles1.gigab2b.cn/image/wkseller/302/a57cccc6ee71ccca10aa27f298ff103e.jpg?x-cc=20&x-cu=28909&x-ct=1784098800&x-cs=9c88790026866ce1895d311cbf3c5644""","https://b2bfiles1.gigab2b.cn/image/wkseller/302/4dcc30a5a7d6ba59c3ce16836eb2741d.jpg?x-cc=20&x-cu=28909&x-ct=1784098800&x-cs=b11f2cf8a42c2c75df4bc4e5f66cc886""","https://b2bfiles1.gigab2b.cn/image/wkseller/302/23a46f6e941acdf06c2c4dd1ce35a8e8.jpg?x-cc=20&x-cu=28909&x-ct=1784098800&x-cs=d80d660df49a2a336adcfd9057da0570""","https://b2bfiles1.gigab2b.cn/image/wkseller/302/ba5de0990894e2f6ca698621aa3bc9a3.jpg?x-cc=20&x-cu=28909&x-ct=1784098800&x-cs=836208bfe54c6fa3b461dbaf7bc2f9b2""","https://b2bfiles1.gigab2b.cn/image/wkseller/302/3b4a7a38d74450febebbfa7c54663d78.jpg?x-cc=20&x-cu=28909&x-ct=1784098800&x-cs=bda48ff46d0eb60ca16de83ddaca9770""","https://b2bfiles1.gigab2b.cn/image/wkseller/302/424590105a61a5fd90dc8e0b49e8ed12.jpg?x-cc=20&x-cu=28909&x-ct=1784098800&x-cs=020b1b30db961d0acd572a23239ab8be""","https://b2bfiles1.gigab2b.cn/image/wkseller/302/a15828886725ed9c2af9cb9a11f74462.jpg?x-cc=20&x-cu=28909&x-ct=1784098800&x-cs=43ec9631bc4693c06ca3c2f3667001a7""","https://b2bfiles1.gigab2b.cn/image/wkseller/302/e1091eebc0c49724f580061858a37179.jpg?x-cc=20&x-cu=28909&x-ct=1784098800&x-cs=660299afd84f901bc931d0a1002c126e""","https://b2bfiles1.gigab2b.cn/image/wkseller/302/c855396877e48e43a5ca121fec9cd291.jpg?x-cc=20&x-cu=28909&x-ct=1784098800&x-cs=ecabfc39b4088d5b6cfd26f2dd90b485""","https://b2bfiles1.gigab2b.cn/image/wkseller/302/9d57c5670d304765177ce918881bd131.jpg?x-cc=20&x-cu=28909&x-ct=1784098800&x-cs=f8c1001de668ed6455b23a8b5493b417""","https://b2bfiles1.gigab2b.cn/image/wkseller/302/c697e0182dfef5c4c4efc8dbc2a5e603.jpg?x-cc=20&x-cu=28909&x-ct=1784098800&x-cs=67a7e71ed4d5cb910819ce65ed52aede""","https://b2bfiles1.gigab2b.cn/image/wkseller/302/2bb3a2354f841c2c6557692ffae34c65.jpg?x-cc=20&x-cu=28909&x-ct=1784098800&x-cs=2acb46dfd2fad69cf2640b818699eafa""]",https://pub-606bcd6c031442e4959f73b5435fefd1.r2.dev/shipping-guide.png,,,,スーツケース Sサイズ  軽量 キャリーケース ストッパー ドリンクホルダー TSAロック 超軽量 静音 ダブルキャスター 大容量 防水ポケット スムーズ おしゃれ 海外 出張用 ビジネス かわいい,"ホムブリスショップへようこそ
♪すべての商品は未開封の新品です
♪フォロー割あり
♪まとめ買い割あり：2点で2%OFF、3点で3%OFF、最大5%（一部商品適用外）
♪発送と送料：在庫品は1～2営業日以内に発送、再入荷商品は入荷後1～2営業日以内に発送いたします。北海道は基本的に追加送料不要です。沖縄への送料は別途お見積りが必須です。

【商品説明】

重量(kg): 3.5
長さ(cm): 59.5
幅(cm): 36.5
高さ(cm): 27
組立時重量: 3.00
組立時長さ: 35.50
組立時幅: 26.50
組立時高さ: 58.00
主要素材: ABS
主要カラー: Black",ブラック,0,N510P508257B,,,,,,,,,,,,,,,,,,,,,,,,,,,,,,,,,,,,,,,4201,vQuSuG5WNXXFHKEZ5n3oMH,1,1,jp13,1,1,1,,,,,,,
"https://b2bfiles1.gigab2b.cn/image/wkseller/302/b1321a1869f275e5461999a9a30e5767.jpg?x-cc=20&x-cu=28909&x-ct=1784098800&x-cs=184c9451765f81fdccb7cfb9fbac3cf7""","https://b2bfiles1.gigab2b.cn/image/wkseller/302/041b2211c78f5e8046f40c61d5a878c7.jpg?x-cc=20&x-cu=28909&x-ct=1784098800&x-cs=f91b2b2f596b56d8008217fef2b7dd33""","https://b2bfiles1.gigab2b.cn/image/wkseller/302/e08caa217a90dd44dddd6c0ef5da94ef.jpg?x-cc=20&x-cu=28909&x-ct=1784098800&x-cs=d2f701c68c9fdb7615ec6e3804b6467b""","https://b2bfiles1.gigab2b.cn/image/wkseller/302/102de8f2febefae4735f731ca19e6733.jpg?x-cc=20&x-cu=28909&x-ct=1784098800&x-cs=f736965a3b221d27563cfaa58747844e""","https://b2bfiles1.gigab2b.cn/image/wkseller/302/a57cccc6ee71ccca10aa27f298ff103e.jpg?x-cc=20&x-cu=28909&x-ct=1784098800&x-cs=9c88790026866ce1895d311cbf3c5644""","https://b2bfiles1.gigab2b.cn/image/wkseller/302/4dcc30a5a7d6ba59c3ce16836eb2741d.jpg?x-cc=20&x-cu=28909&x-ct=1784098800&x-cs=b11f2cf8a42c2c75df4bc4e5f66cc886""","https://b2bfiles1.gigab2b.cn/image/wkseller/302/23a46f6e941acdf06c2c4dd1ce35a8e8.jpg?x-cc=20&x-cu=28909&x-ct=1784098800&x-cs=d80d660df49a2a336adcfd9057da0570""","https://b2bfiles1.gigab2b.cn/image/wkseller/302/424590105a61a5fd90dc8e0b49e8ed12.jpg?x-cc=20&x-cu=28909&x-ct=1784098800&x-cs=020b1b30db961d0acd572a23239ab8be""","https://b2bfiles1.gigab2b.cn/image/wkseller/302/a15828886725ed9c2af9cb9a11f74462.jpg?x-cc=20&x-cu=28909&x-ct=1784098800&x-cs=43ec9631bc4693c06ca3c2f3667001a7""","https://b2bfiles1.gigab2b.cn/image/wkseller/302/ba5de0990894e2f6ca698621aa3bc9a3.jpg?x-cc=20&x-cu=28909&x-ct=1784098800&x-cs=836208bfe54c6fa3b461dbaf7bc2f9b2""","https://b2bfiles1.gigab2b.cn/image/wkseller/302/3b4a7a38d74450febebbfa7c54663d78.jpg?x-cc=20&x-cu=28909&x-ct=1784098800&x-cs=bda48ff46d0eb60ca16de83ddaca9770""","https://b2bfiles1.gigab2b.cn/image/wkseller/302/e1091eebc0c49724f580061858a37179.jpg?x-cc=20&x-cu=28909&x-ct=1784098800&x-cs=660299afd84f901bc931d0a1002c126e""","https://b2bfiles1.gigab2b.cn/image/wkseller/302/c855396877e48e43a5ca121fec9cd291.jpg?x-cc=20&x-cu=28909&x-ct=1784098800&x-cs=ecabfc39b4088d5b6cfd26f2dd90b485""","https://b2bfiles1.gigab2b.cn/image/wkseller/302/74ae2c6db60e24e2a562ba60aef4f60a.jpg?x-cc=20&x-cu=28909&x-ct=1784098800&x-cs=45a3f0239e7144187cda9b2b18cb5df0""","https://b2bfiles1.gigab2b.cn/image/wkseller/302/c697e0182dfef5c4c4efc8dbc2a5e603.jpg?x-cc=20&x-cu=28909&x-ct=1784098800&x-cs=67a7e71ed4d5cb910819ce65ed52aede""","https://b2bfiles1.gigab2b.cn/image/wkseller/302/1ca35201485280a0abc9d3b952979fae.jpg?x-cc=20&x-cu=28909&x-ct=1784098800&x-cs=7e5de2a5e2a2b8ac54d8c27e539421c6""]",https://pub-606bcd6c031442e4959f73b5435fefd1.r2.dev/shipping-guide.png,,,,スーツケース Sサイズ  軽量 キャリーケース ストッパー ドリンクホルダー TSAロック 超軽量 静音 ダブルキャスター 大容量 防水ポケット スムーズ おしゃれ 海外 出張用 ビジネス かわいい,"ホムブリスショップへようこそ
♪すべての商品は未開封の新品です
♪フォロー割あり
♪まとめ買い割あり：2点で2%OFF、3点で3%OFF、最大5%（一部商品適用外）
♪発送と送料：在庫品は1～2営業日以内に発送、再入荷商品は入荷後1～2営業日以内に発送いたします。北海道は基本的に追加送料不要です。沖縄への送料は別途お見積りが必須です。

【商品説明】

重量(kg): 3.5
長さ(cm): 59.5
幅(cm): 36.5
高さ(cm): 27
組立時重量: 3.00
組立時長さ: 35.50
組立時幅: 26.50
組立時高さ: 58.00
主要素材: ABS
主要カラー: Blue",ブルー,0,N510P508257C,,,,,,,,,,,,,,,,,,,,,,,,,,,,,,,,,,,,,,,4201,vQuSuG5WNXXFHKEZ5n3oMH,1,1,jp13,1,1,1,,,,,,,
"https://b2bfiles1.gigab2b.cn/image/wkseller/302/cb1a4ad80b8cab2f6b6938234cb6bf4d.jpg?x-cc=20&x-cu=28909&x-ct=1784098800&x-cs=663437880cb1a5ffb9c681e7ca50d31c""","https://b2bfiles1.gigab2b.cn/image/wkseller/302/041b2211c78f5e8046f40c61d5a878c7.jpg?x-cc=20&x-cu=28909&x-ct=1784098800&x-cs=f91b2b2f596b56d8008217fef2b7dd33""","https://b2bfiles1.gigab2b.cn/image/wkseller/302/e08caa217a90dd44dddd6c0ef5da94ef.jpg?x-cc=20&x-cu=28909&x-ct=1784098800&x-cs=d2f701c68c9fdb7615ec6e3804b6467b""","https://b2bfiles1.gigab2b.cn/image/wkseller/302/102de8f2febefae4735f731ca19e6733.jpg?x-cc=20&x-cu=28909&x-ct=1784098800&x-cs=f736965a3b221d27563cfaa58747844e""","https://b2bfiles1.gigab2b.cn/image/wkseller/302/a57cccc6ee71ccca10aa27f298ff103e.jpg?x-cc=20&x-cu=28909&x-ct=1784098800&x-cs=9c88790026866ce1895d311cbf3c5644""","https://b2bfiles1.gigab2b.cn/image/wkseller/302/4dcc30a5a7d6ba59c3ce16836eb2741d.jpg?x-cc=20&x-cu=28909&x-ct=1784098800&x-cs=b11f2cf8a42c2c75df4bc4e5f66cc886""","https://b2bfiles1.gigab2b.cn/image/wkseller/302/23a46f6e941acdf06c2c4dd1ce35a8e8.jpg?x-cc=20&x-cu=28909&x-ct=1784098800&x-cs=d80d660df49a2a336adcfd9057da0570""","https://b2bfiles1.gigab2b.cn/image/wkseller/302/ba5de0990894e2f6ca698621aa3bc9a3.jpg?x-cc=20&x-cu=28909&x-ct=1784098800&x-cs=836208bfe54c6fa3b461dbaf7bc2f9b2""","https://b2bfiles1.gigab2b.cn/image/wkseller/302/3b4a7a38d74450febebbfa7c54663d78.jpg?x-cc=20&x-cu=28909&x-ct=1784098800&x-cs=bda48ff46d0eb60ca16de83ddaca9770""","https://b2bfiles1.gigab2b.cn/image/wkseller/302/424590105a61a5fd90dc8e0b49e8ed12.jpg?x-cc=20&x-cu=28909&x-ct=1784098800&x-cs=020b1b30db961d0acd572a23239ab8be""","https://b2bfiles1.gigab2b.cn/image/wkseller/302/a15828886725ed9c2af9cb9a11f74462.jpg?x-cc=20&x-cu=28909&x-ct=1784098800&x-cs=43ec9631bc4693c06ca3c2f3667001a7""","https://b2bfiles1.gigab2b.cn/image/wkseller/302/e1091eebc0c49724f580061858a37179.jpg?x-cc=20&x-cu=28909&x-ct=1784098800&x-cs=660299afd84f901bc931d0a1002c126e""","https://b2bfiles1.gigab2b.cn/image/wkseller/302/c855396877e48e43a5ca121fec9cd291.jpg?x-cc=20&x-cu=28909&x-ct=1784098800&x-cs=ecabfc39b4088d5b6cfd26f2dd90b485""","https://b2bfiles1.gigab2b.cn/image/wkseller/302/2b17e850cdcae5b43a7caf875d881687.jpg?x-cc=20&x-cu=28909&x-ct=1784098800&x-cs=3acf2cd6c3c9501260b293ef01f28d38""","https://b2bfiles1.gigab2b.cn/image/wkseller/302/c697e0182dfef5c4c4efc8dbc2a5e603.jpg?x-cc=20&x-cu=28909&x-ct=1784098800&x-cs=67a7e71ed4d5cb910819ce65ed52aede""","https://b2bfiles1.gigab2b.cn/image/wkseller/302/4ec7f6fa3f8ed1f7a4be7c424e09e26b.jpg?x-cc=20&x-cu=28909&x-ct=1784098800&x-cs=91cc2e516debcd8f1306fad3f0660441""]",https://pub-606bcd6c031442e4959f73b5435fefd1.r2.dev/shipping-guide.png,,,,スーツケース Sサイズ  軽量 キャリーケース ストッパー ドリンクホルダー TSAロック 超軽量 静音 ダブルキャスター 大容量 防水ポケット スムーズ おしゃれ 海外 出張用 ビジネス かわいい,"ホムブリスショップへようこそ
♪すべての商品は未開封の新品です
♪フォロー割あり
♪まとめ買い割あり：2点で2%OFF、3点で3%OFF、最大5%（一部商品適用外）
♪発送と送料：在庫品は1～2営業日以内に発送、再入荷商品は入荷後1～2営業日以内に発送いたします。北海道は基本的に追加送料不要です。沖縄への送料は別途お見積りが必須です。

【商品説明】

重量(kg): 3.5
長さ(cm): 59.5
幅(cm): 36.5
高さ(cm): 27
組立時重量: 3.00
組立時長さ: 35.50
組立時幅: 26.50
組立時高さ: 58.00
主要素材: ABS
主要カラー: Green",グリーン,0,N510P508257L,,,,,,,,,,,,,,,,,,,,,,,,,,,,,,,,,,,,,,,4201,vQuSuG5WNXXFHKEZ5n3oMH,1,1,jp13,1,1,1,,,,,,,
"https://b2bfiles1.gigab2b.cn/image/wkseller/302/34c66c7e18bb92b18f9f87f2fe28e92f.jpg?x-cc=20&x-cu=28909&x-ct=1784098800&x-cs=257dfe4ffdfec54b9f48115f4087b6b9""","https://b2bfiles1.gigab2b.cn/image/wkseller/302/041b2211c78f5e8046f40c61d5a878c7.jpg?x-cc=20&x-cu=28909&x-ct=1784098800&x-cs=f91b2b2f596b56d8008217fef2b7dd33""","https://b2bfiles1.gigab2b.cn/image/wkseller/302/e08caa217a90dd44dddd6c0ef5da94ef.jpg?x-cc=20&x-cu=28909&x-ct=1784098800&x-cs=d2f701c68c9fdb7615ec6e3804b6467b""","https://b2bfiles1.gigab2b.cn/image/wkseller/302/102de8f2febefae4735f731ca19e6733.jpg?x-cc=20&x-cu=28909&x-ct=1784098800&x-cs=f736965a3b221d27563cfaa58747844e""","https://b2bfiles1.gigab2b.cn/image/wkseller/302/a57cccc6ee71ccca10aa27f298ff103e.jpg?x-cc=20&x-cu=28909&x-ct=1784098800&x-cs=9c88790026866ce1895d311cbf3c5644""","https://b2bfiles1.gigab2b.cn/image/wkseller/302/4dcc30a5a7d6ba59c3ce16836eb2741d.jpg?x-cc=20&x-cu=28909&x-ct=1784098800&x-cs=b11f2cf8a42c2c75df4bc4e5f66cc886""","https://b2bfiles1.gigab2b.cn/image/wkseller/302/23a46f6e941acdf06c2c4dd1ce35a8e8.jpg?x-cc=20&x-cu=28909&x-ct=1784098800&x-cs=d80d660df49a2a336adcfd9057da0570""","https://b2bfiles1.gigab2b.cn/image/wkseller/302/424590105a61a5fd90dc8e0b49e8ed12.jpg?x-cc=20&x-cu=28909&x-ct=1784098800&x-cs=020b1b30db961d0acd572a23239ab8be""","https://b2bfiles1.gigab2b.cn/image/wkseller/302/a15828886725ed9c2af9cb9a11f74462.jpg?x-cc=20&x-cu=28909&x-ct=1784098800&x-cs=43ec9631bc4693c06ca3c2f3667001a7""","https://b2bfiles1.gigab2b.cn/image/wkseller/302/ba5de0990894e2f6ca698621aa3bc9a3.jpg?x-cc=20&x-cu=28909&x-ct=1784098800&x-cs=836208bfe54c6fa3b461dbaf7bc2f9b2""","https://b2bfiles1.gigab2b.cn/image/wkseller/302/3b4a7a38d74450febebbfa7c54663d78.jpg?x-cc=20&x-cu=28909&x-ct=1784098800&x-cs=bda48ff46d0eb60ca16de83ddaca9770""","https://b2bfiles1.gigab2b.cn/image/wkseller/302/e1091eebc0c49724f580061858a37179.jpg?x-cc=20&x-cu=28909&x-ct=1784098800&x-cs=660299afd84f901bc931d0a1002c126e""","https://b2bfiles1.gigab2b.cn/image/wkseller/302/c855396877e48e43a5ca121fec9cd291.jpg?x-cc=20&x-cu=28909&x-ct=1784098800&x-cs=ecabfc39b4088d5b6cfd26f2dd90b485""","https://b2bfiles1.gigab2b.cn/image/wkseller/302/0d68c1315566f0e08d3dfd1a3d9559fc.jpg?x-cc=20&x-cu=28909&x-ct=1784098800&x-cs=57bd3cdb4f80da9be9cee77ba962bfe7""","https://b2bfiles1.gigab2b.cn/image/wkseller/302/c697e0182dfef5c4c4efc8dbc2a5e603.jpg?x-cc=20&x-cu=28909&x-ct=1784098800&x-cs=67a7e71ed4d5cb910819ce65ed52aede""","https://b2bfiles1.gigab2b.cn/image/wkseller/302/a820be829a3f4797f80e639ad82b02eb.jpg?x-cc=20&x-cu=28909&x-ct=1784098800&x-cs=0319a721d1d8bca68f61fd2324cb7722""]",https://pub-606bcd6c031442e4959f73b5435fefd1.r2.dev/shipping-guide.png,,,,スーツケース Sサイズ  軽量 キャリーケース ストッパー ドリンクホルダー TSAロック 超軽量 静音 ダブルキャスター 大容量 防水ポケット スムーズ おしゃれ 海外 出張用 ビジネス かわいい,"ホムブリスショップへようこそ
♪すべての商品は未開封の新品です
♪フォロー割あり
♪まとめ買い割あり：2点で2%OFF、3点で3%OFF、最大5%（一部商品適用外）
♪発送と送料：在庫品は1～2営業日以内に発送、再入荷商品は入荷後1～2営業日以内に発送いたします。北海道は基本的に追加送料不要です。沖縄への送料は別途お見積りが必須です。

【商品説明】

重量(kg): 3.5
長さ(cm): 59.5
幅(cm): 36.5
高さ(cm): 27
組立時重量: 3.00
組立時長さ: 35.50
組立時幅: 26.50
組立時高さ: 58.00
主要素材: ABS
主要カラー: Pink",ピンク,0,N510P508257P,,,,,,,,,,,,,,,,,,,,,,,,,,,,,,,,,,,,,,,4201,vQuSuG5WNXXFHKEZ5n3oMH,1,1,jp13,1,1,1,,,,,,,
"https://b2bfiles1.gigab2b.cn/image/wkseller/302/d349978eddd19d76d024571f6b359812.jpg?x-cc=20&x-cu=28909&x-ct=1784098800&x-cs=8c43c24ee302bd930618cc13a069031d""","https://b2bfiles1.gigab2b.cn/image/wkseller/302/041b2211c78f5e8046f40c61d5a878c7.jpg?x-cc=20&x-cu=28909&x-ct=1784098800&x-cs=f91b2b2f596b56d8008217fef2b7dd33""","https://b2bfiles1.gigab2b.cn/image/wkseller/302/e08caa217a90dd44dddd6c0ef5da94ef.jpg?x-cc=20&x-cu=28909&x-ct=1784098800&x-cs=d2f701c68c9fdb7615ec6e3804b6467b""","https://b2bfiles1.gigab2b.cn/image/wkseller/302/102de8f2febefae4735f731ca19e6733.jpg?x-cc=20&x-cu=28909&x-ct=1784098800&x-cs=f736965a3b221d27563cfaa58747844e""","https://b2bfiles1.gigab2b.cn/image/wkseller/302/a57cccc6ee71ccca10aa27f298ff103e.jpg?x-cc=20&x-cu=28909&x-ct=1784098800&x-cs=9c88790026866ce1895d311cbf3c5644""","https://b2bfiles1.gigab2b.cn/image/wkseller/302/4dcc30a5a7d6ba59c3ce16836eb2741d.jpg?x-cc=20&x-cu=28909&x-ct=1784098800&x-cs=b11f2cf8a42c2c75df4bc4e5f66cc886""","https://b2bfiles1.gigab2b.cn/image/wkseller/302/23a46f6e941acdf06c2c4dd1ce35a8e8.jpg?x-cc=20&x-cu=28909&x-ct=1784098800&x-cs=d80d660df49a2a336adcfd9057da0570""","https://b2bfiles1.gigab2b.cn/image/wkseller/302/424590105a61a5fd90dc8e0b49e8ed12.jpg?x-cc=20&x-cu=28909&x-ct=1784098800&x-cs=020b1b30db961d0acd572a23239ab8be""","https://b2bfiles1.gigab2b.cn/image/wkseller/302/a15828886725ed9c2af9cb9a11f74462.jpg?x-cc=20&x-cu=28909&x-ct=1784098800&x-cs=43ec9631bc4693c06ca3c2f3667001a7""","https://b2bfiles1.gigab2b.cn/image/wkseller/302/ba5de0990894e2f6ca698621aa3bc9a3.jpg?x-cc=20&x-cu=28909&x-ct=1784098800&x-cs=836208bfe54c6fa3b461dbaf7bc2f9b2""","https://b2bfiles1.gigab2b.cn/image/wkseller/302/3b4a7a38d74450febebbfa7c54663d78.jpg?x-cc=20&x-cu=28909&x-ct=1784098800&x-cs=bda48ff46d0eb60ca16de83ddaca9770""","https://b2bfiles1.gigab2b.cn/image/wkseller/302/c855396877e48e43a5ca121fec9cd291.jpg?x-cc=20&x-cu=28909&x-ct=1784098800&x-cs=ecabfc39b4088d5b6cfd26f2dd90b485""","https://b2bfiles1.gigab2b.cn/image/wkseller/302/e1091eebc0c49724f580061858a37179.jpg?x-cc=20&x-cu=28909&x-ct=1784098800&x-cs=660299afd84f901bc931d0a1002c126e""","https://b2bfiles1.gigab2b.cn/image/wkseller/302/c7fbe7bb92fe5158b0b1bb9c25879bb8.jpg?x-cc=20&x-cu=28909&x-ct=1784098800&x-cs=bbee17f743a84aef650cd49bcaaa6990""","https://b2bfiles1.gigab2b.cn/image/wkseller/302/c697e0182dfef5c4c4efc8dbc2a5e603.jpg?x-cc=20&x-cu=28909&x-ct=1784098800&x-cs=67a7e71ed4d5cb910819ce65ed52aede""","https://b2bfiles1.gigab2b.cn/image/wkseller/302/362d425fca51a7cd0f0a3df8042cd1e5.jpg?x-cc=20&x-cu=28909&x-ct=1784098800&x-cs=a67d18e5f5296a48cfd37723ffabb371""]",https://pub-606bcd6c031442e4959f73b5435fefd1.r2.dev/shipping-guide.png,,,,スーツケース Sサイズ  軽量 キャリーケース ストッパー ドリンクホルダー TSAロック 超軽量 静音 ダブルキャスター 大容量 防水ポケット スムーズ おしゃれ 海外 出張用 ビジネス かわいい,"ホムブリスショップへようこそ
♪すべての商品は未開封の新品です
♪フォロー割あり
♪まとめ買い割あり：2点で2%OFF、3点で3%OFF、最大5%（一部商品適用外）
♪発送と送料：在庫品は1～2営業日以内に発送、再入荷商品は入荷後1～2営業日以内に発送いたします。北海道は基本的に追加送料不要です。沖縄への送料は別途お見積りが必須です。

【商品説明】

重量(kg): 3.5
長さ(cm): 59.5
幅(cm): 36.5
高さ(cm): 27
組立時重量: 3.00
組立時長さ: 35.50
組立時幅: 26.50
組立時高さ: 58.00
主要素材: ABS
主要カラー: Grey",グレー,0,N510P508257Z,,,,,,,,,,,,,,,,,,,,,,,,,,,,,,,,,,,,,,,4201,vQuSuG5WNXXFHKEZ5n3oMH,1,1,jp13,1,1,1,,,,,,,
"https://b2bfiles1.gigab2b.cn/image/wkseller/302/e4f3713cf722c1a451d4cefbd0a79e93.jpg?x-cc=20&x-cu=28909&x-ct=1784098800&x-cs=c3ef3a8671f66d0be4f6ac10c7221ee5""","https://b2bfiles1.gigab2b.cn/image/wkseller/302/041b2211c78f5e8046f40c61d5a878c7.jpg?x-cc=20&x-cu=28909&x-ct=1784098800&x-cs=f91b2b2f596b56d8008217fef2b7dd33""","https://b2bfiles1.gigab2b.cn/image/wkseller/302/102de8f2febefae4735f731ca19e6733.jpg?x-cc=20&x-cu=28909&x-ct=1784098800&x-cs=f736965a3b221d27563cfaa58747844e""","https://b2bfiles1.gigab2b.cn/image/wkseller/302/a57cccc6ee71ccca10aa27f298ff103e.jpg?x-cc=20&x-cu=28909&x-ct=1784098800&x-cs=9c88790026866ce1895d311cbf3c5644""","https://b2bfiles1.gigab2b.cn/image/wkseller/302/4dcc30a5a7d6ba59c3ce16836eb2741d.jpg?x-cc=20&x-cu=28909&x-ct=1784098800&x-cs=b11f2cf8a42c2c75df4bc4e5f66cc886""","https://b2bfiles1.gigab2b.cn/image/wkseller/302/e08caa217a90dd44dddd6c0ef5da94ef.jpg?x-cc=20&x-cu=28909&x-ct=1784098800&x-cs=d2f701c68c9fdb7615ec6e3804b6467b""","https://b2bfiles1.gigab2b.cn/image/wkseller/302/424590105a61a5fd90dc8e0b49e8ed12.jpg?x-cc=20&x-cu=28909&x-ct=1784098800&x-cs=020b1b30db961d0acd572a23239ab8be""","https://b2bfiles1.gigab2b.cn/image/wkseller/302/a15828886725ed9c2af9cb9a11f74462.jpg?x-cc=20&x-cu=28909&x-ct=1784098800&x-cs=43ec9631bc4693c06ca3c2f3667001a7""","https://b2bfiles1.gigab2b.cn/image/wkseller/302/23a46f6e941acdf06c2c4dd1ce35a8e8.jpg?x-cc=20&x-cu=28909&x-ct=1784098800&x-cs=d80d660df49a2a336adcfd9057da0570""","https://b2bfiles1.gigab2b.cn/image/wkseller/302/3b4a7a38d74450febebbfa7c54663d78.jpg?x-cc=20&x-cu=28909&x-ct=1784098800&x-cs=bda48ff46d0eb60ca16de83ddaca9770""","https://b2bfiles1.gigab2b.cn/image/wkseller/302/ba5de0990894e2f6ca698621aa3bc9a3.jpg?x-cc=20&x-cu=28909&x-ct=1784098800&x-cs=836208bfe54c6fa3b461dbaf7bc2f9b2""","https://b2bfiles1.gigab2b.cn/image/wkseller/302/e1091eebc0c49724f580061858a37179.jpg?x-cc=20&x-cu=28909&x-ct=1784098800&x-cs=660299afd84f901bc931d0a1002c126e""","https://b2bfiles1.gigab2b.cn/image/wkseller/302/c855396877e48e43a5ca121fec9cd291.jpg?x-cc=20&x-cu=28909&x-ct=1784098800&x-cs=ecabfc39b4088d5b6cfd26f2dd90b485""","https://b2bfiles1.gigab2b.cn/image/wkseller/302/9d57c5670d304765177ce918881bd131.jpg?x-cc=20&x-cu=28909&x-ct=1784098800&x-cs=f8c1001de668ed6455b23a8b5493b417""","https://b2bfiles1.gigab2b.cn/image/wkseller/302/c697e0182dfef5c4c4efc8dbc2a5e603.jpg?x-cc=20&x-cu=28909&x-ct=1784098800&x-cs=67a7e71ed4d5cb910819ce65ed52aede""","https://b2bfiles1.gigab2b.cn/image/wkseller/302/2bb3a2354f841c2c6557692ffae34c65.jpg?x-cc=20&x-cu=28909&x-ct=1784098800&x-cs=2acb46dfd2fad69cf2640b818699eafa""]",https://pub-606bcd6c031442e4959f73b5435fefd1.r2.dev/shipping-guide.png,,,,スーツケース Mサイズ 軽量 キャリーケース ストッパー付き ドリンクホルダー TSAロック 超軽量 静音 ダブルキャスター 大容量 防水ポケット おしゃれ 海外 合宿 出張用 ビジネス かわいい,"ホムブリスショップへようこそ
♪すべての商品は未開封の新品です
♪フォロー割あり
♪まとめ買い割あり：2点で2%OFF、3点で3%OFF、最大5%（一部商品適用外）
♪発送と送料：在庫品は1～2営業日以内に発送、再入荷商品は入荷後1～2営業日以内に発送いたします。北海道は基本的に追加送料不要です。沖縄への送料は別途お見積りが必須です。

【商品説明】

重量(kg): 4
長さ(cm): 69.5
幅(cm): 40
高さ(cm): 33
組立時重量: 3.60
組立時長さ: 39.00
組立時幅: 33.00
組立時高さ: 68.00
主要素材: ABS
主要カラー: Black",ブラック,0,N510P508260B,,,,,,,,,,,,,,,,,,,,,,,,,,,,,,,,,,,,,,,4601,vQuSuG5WNXXFHKEZ5n3oMH,1,1,jp13,1,1,1,,,,,,,
"https://b2bfiles1.gigab2b.cn/image/wkseller/302/b1321a1869f275e5461999a9a30e5767.jpg?x-cc=20&x-cu=28909&x-ct=1784098800&x-cs=184c9451765f81fdccb7cfb9fbac3cf7""","https://b2bfiles1.gigab2b.cn/image/wkseller/302/041b2211c78f5e8046f40c61d5a878c7.jpg?x-cc=20&x-cu=28909&x-ct=1784098800&x-cs=f91b2b2f596b56d8008217fef2b7dd33""","https://b2bfiles1.gigab2b.cn/image/wkseller/302/102de8f2febefae4735f731ca19e6733.jpg?x-cc=20&x-cu=28909&x-ct=1784098800&x-cs=f736965a3b221d27563cfaa58747844e""","https://b2bfiles1.gigab2b.cn/image/wkseller/302/a57cccc6ee71ccca10aa27f298ff103e.jpg?x-cc=20&x-cu=28909&x-ct=1784098800&x-cs=9c88790026866ce1895d311cbf3c5644""","https://b2bfiles1.gigab2b.cn/image/wkseller/302/4dcc30a5a7d6ba59c3ce16836eb2741d.jpg?x-cc=20&x-cu=28909&x-ct=1784098800&x-cs=b11f2cf8a42c2c75df4bc4e5f66cc886""","https://b2bfiles1.gigab2b.cn/image/wkseller/302/e08caa217a90dd44dddd6c0ef5da94ef.jpg?x-cc=20&x-cu=28909&x-ct=1784098800&x-cs=d2f701c68c9fdb7615ec6e3804b6467b""","https://b2bfiles1.gigab2b.cn/image/wkseller/302/23a46f6e941acdf06c2c4dd1ce35a8e8.jpg?x-cc=20&x-cu=28909&x-ct=1784098800&x-cs=d80d660df49a2a336adcfd9057da0570""","https://b2bfiles1.gigab2b.cn/image/wkseller/302/424590105a61a5fd90dc8e0b49e8ed12.jpg?x-cc=20&x-cu=28909&x-ct=1784098800&x-cs=020b1b30db961d0acd572a23239ab8be""","https://b2bfiles1.gigab2b.cn/image/wkseller/302/a15828886725ed9c2af9cb9a11f74462.jpg?x-cc=20&x-cu=28909&x-ct=1784098800&x-cs=43ec9631bc4693c06ca3c2f3667001a7""","https://b2bfiles1.gigab2b.cn/image/wkseller/302/3b4a7a38d74450febebbfa7c54663d78.jpg?x-cc=20&x-cu=28909&x-ct=1784098800&x-cs=bda48ff46d0eb60ca16de83ddaca9770""","https://b2bfiles1.gigab2b.cn/image/wkseller/302/ba5de0990894e2f6ca698621aa3bc9a3.jpg?x-cc=20&x-cu=28909&x-ct=1784098800&x-cs=836208bfe54c6fa3b461dbaf7bc2f9b2""","https://b2bfiles1.gigab2b.cn/image/wkseller/302/e1091eebc0c49724f580061858a37179.jpg?x-cc=20&x-cu=28909&x-ct=1784098800&x-cs=660299afd84f901bc931d0a1002c126e""","https://b2bfiles1.gigab2b.cn/image/wkseller/302/c855396877e48e43a5ca121fec9cd291.jpg?x-cc=20&x-cu=28909&x-ct=1784098800&x-cs=ecabfc39b4088d5b6cfd26f2dd90b485""","https://b2bfiles1.gigab2b.cn/image/wkseller/302/74ae2c6db60e24e2a562ba60aef4f60a.jpg?x-cc=20&x-cu=28909&x-ct=1784098800&x-cs=45a3f0239e7144187cda9b2b18cb5df0""","https://b2bfiles1.gigab2b.cn/image/wkseller/302/c697e0182dfef5c4c4efc8dbc2a5e603.jpg?x-cc=20&x-cu=28909&x-ct=1784098800&x-cs=67a7e71ed4d5cb910819ce65ed52aede""","https://b2bfiles1.gigab2b.cn/image/wkseller/302/1ca35201485280a0abc9d3b952979fae.jpg?x-cc=20&x-cu=28909&x-ct=1784098800&x-cs=7e5de2a5e2a2b8ac54d8c27e539421c6""]",https://pub-606bcd6c031442e4959f73b5435fefd1.r2.dev/shipping-guide.png,,,,スーツケース Mサイズ 軽量 キャリーケース ストッパー付き ドリンクホルダー TSAロック 超軽量 静音 ダブルキャスター 大容量 防水ポケット おしゃれ 海外 合宿 出張用 ビジネス かわいい,"ホムブリスショップへようこそ
♪すべての商品は未開封の新品です
♪フォロー割あり
♪まとめ買い割あり：2点で2%OFF、3点で3%OFF、最大5%（一部商品適用外）
♪発送と送料：在庫品は1～2営業日以内に発送、再入荷商品は入荷後1～2営業日以内に発送いたします。北海道は基本的に追加送料不要です。沖縄への送料は別途お見積りが必須です。

【商品説明】

重量(kg): 4
長さ(cm): 69.5
幅(cm): 40
高さ(cm): 33
組立時重量: 3.60
組立時長さ: 39.00
組立時幅: 33.00
組立時高さ: 68.00
主要素材: ABS
主要カラー: Blue",ブルー,0,N510P508260C,,,,,,,,,,,,,,,,,,,,,,,,,,,,,,,,,,,,,,,4601,vQuSuG5WNXXFHKEZ5n3oMH,1,1,jp13,1,1,1,,,,,,,
"https://b2bfiles1.gigab2b.cn/image/wkseller/302/cb1a4ad80b8cab2f6b6938234cb6bf4d.jpg?x-cc=20&x-cu=28909&x-ct=1784098800&x-cs=663437880cb1a5ffb9c681e7ca50d31c""","https://b2bfiles1.gigab2b.cn/image/wkseller/302/041b2211c78f5e8046f40c61d5a878c7.jpg?x-cc=20&x-cu=28909&x-ct=1784098800&x-cs=f91b2b2f596b56d8008217fef2b7dd33""","https://b2bfiles1.gigab2b.cn/image/wkseller/302/102de8f2febefae4735f731ca19e6733.jpg?x-cc=20&x-cu=28909&x-ct=1784098800&x-cs=f736965a3b221d27563cfaa58747844e""","https://b2bfiles1.gigab2b.cn/image/wkseller/302/a57cccc6ee71ccca10aa27f298ff103e.jpg?x-cc=20&x-cu=28909&x-ct=1784098800&x-cs=9c88790026866ce1895d311cbf3c5644""","https://b2bfiles1.gigab2b.cn/image/wkseller/302/4dcc30a5a7d6ba59c3ce16836eb2741d.jpg?x-cc=20&x-cu=28909&x-ct=1784098800&x-cs=b11f2cf8a42c2c75df4bc4e5f66cc886""","https://b2bfiles1.gigab2b.cn/image/wkseller/302/e08caa217a90dd44dddd6c0ef5da94ef.jpg?x-cc=20&x-cu=28909&x-ct=1784098800&x-cs=d2f701c68c9fdb7615ec6e3804b6467b""","https://b2bfiles1.gigab2b.cn/image/wkseller/302/424590105a61a5fd90dc8e0b49e8ed12.jpg?x-cc=20&x-cu=28909&x-ct=1784098800&x-cs=020b1b30db961d0acd572a23239ab8be""","https://b2bfiles1.gigab2b.cn/image/wkseller/302/a15828886725ed9c2af9cb9a11f74462.jpg?x-cc=20&x-cu=28909&x-ct=1784098800&x-cs=43ec9631bc4693c06ca3c2f3667001a7""","https://b2bfiles1.gigab2b.cn/image/wkseller/302/23a46f6e941acdf06c2c4dd1ce35a8e8.jpg?x-cc=20&x-cu=28909&x-ct=1784098800&x-cs=d80d660df49a2a336adcfd9057da0570""","https://b2bfiles1.gigab2b.cn/image/wkseller/302/ba5de0990894e2f6ca698621aa3bc9a3.jpg?x-cc=20&x-cu=28909&x-ct=1784098800&x-cs=836208bfe54c6fa3b461dbaf7bc2f9b2""","https://b2bfiles1.gigab2b.cn/image/wkseller/302/3b4a7a38d74450febebbfa7c54663d78.jpg?x-cc=20&x-cu=28909&x-ct=1784098800&x-cs=bda48ff46d0eb60ca16de83ddaca9770""","https://b2bfiles1.gigab2b.cn/image/wkseller/302/e1091eebc0c49724f580061858a37179.jpg?x-cc=20&x-cu=28909&x-ct=1784098800&x-cs=660299afd84f901bc931d0a1002c126e""","https://b2bfiles1.gigab2b.cn/image/wkseller/302/c855396877e48e43a5ca121fec9cd291.jpg?x-cc=20&x-cu=28909&x-ct=1784098800&x-cs=ecabfc39b4088d5b6cfd26f2dd90b485""","https://b2bfiles1.gigab2b.cn/image/wkseller/302/2b17e850cdcae5b43a7caf875d881687.jpg?x-cc=20&x-cu=28909&x-ct=1784098800&x-cs=3acf2cd6c3c9501260b293ef01f28d38""","https://b2bfiles1.gigab2b.cn/image/wkseller/302/c697e0182dfef5c4c4efc8dbc2a5e603.jpg?x-cc=20&x-cu=28909&x-ct=1784098800&x-cs=67a7e71ed4d5cb910819ce65ed52aede""","https://b2bfiles1.gigab2b.cn/image/wkseller/302/4ec7f6fa3f8ed1f7a4be7c424e09e26b.jpg?x-cc=20&x-cu=28909&x-ct=1784098800&x-cs=91cc2e516debcd8f1306fad3f0660441""]",https://pub-606bcd6c031442e4959f73b5435fefd1.r2.dev/shipping-guide.png,,,,スーツケース Mサイズ 軽量 キャリーケース ストッパー付き ドリンクホルダー TSAロック 超軽量 静音 ダブルキャスター 大容量 防水ポケット おしゃれ 海外 合宿 出張用 ビジネス かわいい,"ホムブリスショップへようこそ
♪すべての商品は未開封の新品です
♪フォロー割あり
♪まとめ買い割あり：2点で2%OFF、3点で3%OFF、最大5%（一部商品適用外）
♪発送と送料：在庫品は1～2営業日以内に発送、再入荷商品は入荷後1～2営業日以内に発送いたします。北海道は基本的に追加送料不要です。沖縄への送料は別途お見積りが必須です。

【商品説明】

重量(kg): 4
長さ(cm): 69.5
幅(cm): 40
高さ(cm): 33
組立時重量: 3.60
組立時長さ: 39.00
組立時幅: 33.00
組立時高さ: 68.00
主要素材: ABS
主要カラー: Green",グリーン,0,N510P508260L,,,,,,,,,,,,,,,,,,,,,,,,,,,,,,,,,,,,,,,4601,vQuSuG5WNXXFHKEZ5n3oMH,1,1,jp13,1,1,1,,,,,,,
"https://b2bfiles1.gigab2b.cn/image/wkseller/302/34c66c7e18bb92b18f9f87f2fe28e92f.jpg?x-cc=20&x-cu=28909&x-ct=1784098800&x-cs=257dfe4ffdfec54b9f48115f4087b6b9""","https://b2bfiles1.gigab2b.cn/image/wkseller/302/041b2211c78f5e8046f40c61d5a878c7.jpg?x-cc=20&x-cu=28909&x-ct=1784098800&x-cs=f91b2b2f596b56d8008217fef2b7dd33""","https://b2bfiles1.gigab2b.cn/image/wkseller/302/102de8f2febefae4735f731ca19e6733.jpg?x-cc=20&x-cu=28909&x-ct=1784098800&x-cs=f736965a3b221d27563cfaa58747844e""","https://b2bfiles1.gigab2b.cn/image/wkseller/302/a57cccc6ee71ccca10aa27f298ff103e.jpg?x-cc=20&x-cu=28909&x-ct=1784098800&x-cs=9c88790026866ce1895d311cbf3c5644""","https://b2bfiles1.gigab2b.cn/image/wkseller/302/4dcc30a5a7d6ba59c3ce16836eb2741d.jpg?x-cc=20&x-cu=28909&x-ct=1784098800&x-cs=b11f2cf8a42c2c75df4bc4e5f66cc886""","https://b2bfiles1.gigab2b.cn/image/wkseller/302/e08caa217a90dd44dddd6c0ef5da94ef.jpg?x-cc=20&x-cu=28909&x-ct=1784098800&x-cs=d2f701c68c9fdb7615ec6e3804b6467b""","https://b2bfiles1.gigab2b.cn/image/wkseller/302/424590105a61a5fd90dc8e0b49e8ed12.jpg?x-cc=20&x-cu=28909&x-ct=1784098800&x-cs=020b1b30db961d0acd572a23239ab8be""","https://b2bfiles1.gigab2b.cn/image/wkseller/302/a15828886725ed9c2af9cb9a11f74462.jpg?x-cc=20&x-cu=28909&x-ct=1784098800&x-cs=43ec9631bc4693c06ca3c2f3667001a7""","https://b2bfiles1.gigab2b.cn/image/wkseller/302/3b4a7a38d74450febebbfa7c54663d78.jpg?x-cc=20&x-cu=28909&x-ct=1784098800&x-cs=bda48ff46d0eb60ca16de83ddaca9770""","https://b2bfiles1.gigab2b.cn/image/wkseller/302/23a46f6e941acdf06c2c4dd1ce35a8e8.jpg?x-cc=20&x-cu=28909&x-ct=1784098800&x-cs=d80d660df49a2a336adcfd9057da0570""","https://b2bfiles1.gigab2b.cn/image/wkseller/302/ba5de0990894e2f6ca698621aa3bc9a3.jpg?x-cc=20&x-cu=28909&x-ct=1784098800&x-cs=836208bfe54c6fa3b461dbaf7bc2f9b2""","https://b2bfiles1.gigab2b.cn/image/wkseller/302/e1091eebc0c49724f580061858a37179.jpg?x-cc=20&x-cu=28909&x-ct=1784098800&x-cs=660299afd84f901bc931d0a1002c126e""","https://b2bfiles1.gigab2b.cn/image/wkseller/302/c855396877e48e43a5ca121fec9cd291.jpg?x-cc=20&x-cu=28909&x-ct=1784098800&x-cs=ecabfc39b4088d5b6cfd26f2dd90b485""","https://b2bfiles1.gigab2b.cn/image/wkseller/302/0d68c1315566f0e08d3dfd1a3d9559fc.jpg?x-cc=20&x-cu=28909&x-ct=1784098800&x-cs=57bd3cdb4f80da9be9cee77ba962bfe7""","https://b2bfiles1.gigab2b.cn/image/wkseller/302/c697e0182dfef5c4c4efc8dbc2a5e603.jpg?x-cc=20&x-cu=28909&x-ct=1784098800&x-cs=67a7e71ed4d5cb910819ce65ed52aede""","https://b2bfiles1.gigab2b.cn/image/wkseller/302/a820be829a3f4797f80e639ad82b02eb.jpg?x-cc=20&x-cu=28909&x-ct=1784098800&x-cs=0319a721d1d8bca68f61fd2324cb7722""]",https://pub-606bcd6c031442e4959f73b5435fefd1.r2.dev/shipping-guide.png,,,,スーツケース Mサイズ 軽量 キャリーケース ストッパー付き ドリンクホルダー TSAロック 超軽量 静音 ダブルキャスター 大容量 防水ポケット おしゃれ 海外 合宿 出張用 ビジネス かわいい,"ホムブリスショップへようこそ
♪すべての商品は未開封の新品です
♪フォロー割あり
♪まとめ買い割あり：2点で2%OFF、3点で3%OFF、最大5%（一部商品適用外）
♪発送と送料：在庫品は1～2営業日以内に発送、再入荷商品は入荷後1～2営業日以内に発送いたします。北海道は基本的に追加送料不要です。沖縄への送料は別途お見積りが必須です。

【商品説明】

重量(kg): 4
長さ(cm): 69.5
幅(cm): 40
高さ(cm): 33
組立時重量: 3.60
組立時長さ: 39.00
組立時幅: 33.00
組立時高さ: 68.00
主要素材: ABS
主要カラー: Pink",ピンク,0,N510P508260P,,,,,,,,,,,,,,,,,,,,,,,,,,,,,,,,,,,,,,,4601,vQuSuG5WNXXFHKEZ5n3oMH,1,1,jp13,1,1,1,,,,,,,
"https://b2bfiles1.gigab2b.cn/image/wkseller/302/d349978eddd19d76d024571f6b359812.jpg?x-cc=20&x-cu=28909&x-ct=1784098800&x-cs=8c43c24ee302bd930618cc13a069031d""","https://b2bfiles1.gigab2b.cn/image/wkseller/302/041b2211c78f5e8046f40c61d5a878c7.jpg?x-cc=20&x-cu=28909&x-ct=1784098800&x-cs=f91b2b2f596b56d8008217fef2b7dd33""","https://b2bfiles1.gigab2b.cn/image/wkseller/302/102de8f2febefae4735f731ca19e6733.jpg?x-cc=20&x-cu=28909&x-ct=1784098800&x-cs=f736965a3b221d27563cfaa58747844e""","https://b2bfiles1.gigab2b.cn/image/wkseller/302/a57cccc6ee71ccca10aa27f298ff103e.jpg?x-cc=20&x-cu=28909&x-ct=1784098800&x-cs=9c88790026866ce1895d311cbf3c5644""","https://b2bfiles1.gigab2b.cn/image/wkseller/302/4dcc30a5a7d6ba59c3ce16836eb2741d.jpg?x-cc=20&x-cu=28909&x-ct=1784098800&x-cs=b11f2cf8a42c2c75df4bc4e5f66cc886""","https://b2bfiles1.gigab2b.cn/image/wkseller/302/e08caa217a90dd44dddd6c0ef5da94ef.jpg?x-cc=20&x-cu=28909&x-ct=1784098800&x-cs=d2f701c68c9fdb7615ec6e3804b6467b""","https://b2bfiles1.gigab2b.cn/image/wkseller/302/424590105a61a5fd90dc8e0b49e8ed12.jpg?x-cc=20&x-cu=28909&x-ct=1784098800&x-cs=020b1b30db961d0acd572a23239ab8be""","https://b2bfiles1.gigab2b.cn/image/wkseller/302/a15828886725ed9c2af9cb9a11f74462.jpg?x-cc=20&x-cu=28909&x-ct=1784098800&x-cs=43ec9631bc4693c06ca3c2f3667001a7""","https://b2bfiles1.gigab2b.cn/image/wkseller/302/23a46f6e941acdf06c2c4dd1ce35a8e8.jpg?x-cc=20&x-cu=28909&x-ct=1784098800&x-cs=d80d660df49a2a336adcfd9057da0570""","https://b2bfiles1.gigab2b.cn/image/wkseller/302/3b4a7a38d74450febebbfa7c54663d78.jpg?x-cc=20&x-cu=28909&x-ct=1784098800&x-cs=bda48ff46d0eb60ca16de83ddaca9770""","https://b2bfiles1.gigab2b.cn/image/wkseller/302/ba5de0990894e2f6ca698621aa3bc9a3.jpg?x-cc=20&x-cu=28909&x-ct=1784098800&x-cs=836208bfe54c6fa3b461dbaf7bc2f9b2""","https://b2bfiles1.gigab2b.cn/image/wkseller/302/e1091eebc0c49724f580061858a37179.jpg?x-cc=20&x-cu=28909&x-ct=1784098800&x-cs=660299afd84f901bc931d0a1002c126e""","https://b2bfiles1.gigab2b.cn/image/wkseller/302/c855396877e48e43a5ca121fec9cd291.jpg?x-cc=20&x-cu=28909&x-ct=1784098800&x-cs=ecabfc39b4088d5b6cfd26f2dd90b485""","https://b2bfiles1.gigab2b.cn/image/wkseller/302/c7fbe7bb92fe5158b0b1bb9c25879bb8.jpg?x-cc=20&x-cu=28909&x-ct=1784098800&x-cs=bbee17f743a84aef650cd49bcaaa6990""","https://b2bfiles1.gigab2b.cn/image/wkseller/302/c697e0182dfef5c4c4efc8dbc2a5e603.jpg?x-cc=20&x-cu=28909&x-ct=1784098800&x-cs=67a7e71ed4d5cb910819ce65ed52aede""","https://b2bfiles1.gigab2b.cn/image/wkseller/302/362d425fca51a7cd0f0a3df8042cd1e5.jpg?x-cc=20&x-cu=28909&x-ct=1784098800&x-cs=a67d18e5f5296a48cfd37723ffabb371""]",https://pub-606bcd6c031442e4959f73b5435fefd1.r2.dev/shipping-guide.png,,,,スーツケース Mサイズ 軽量 キャリーケース ストッパー付き ドリンクホルダー TSAロック 超軽量 静音 ダブルキャスター 大容量 防水ポケット おしゃれ 海外 合宿 出張用 ビジネス かわいい,"ホムブリスショップへようこそ
♪すべての商品は未開封の新品です
♪フォロー割あり
♪まとめ買い割あり：2点で2%OFF、3点で3%OFF、最大5%（一部商品適用外）
♪発送と送料：在庫品は1～2営業日以内に発送、再入荷商品は入荷後1～2営業日以内に発送いたします。北海道は基本的に追加送料不要です。沖縄への送料は別途お見積りが必須です。

【商品説明】

重量(kg): 4
長さ(cm): 69.5
幅(cm): 40
高さ(cm): 33
組立時重量: 3.60
組立時長さ: 39.00
組立時幅: 33.00
組立時高さ: 68.00
主要素材: ABS
主要カラー: Grey",グレー,24,N510P508260Z,,,,,,,,,,,,,,,,,,,,,,,,,,,,,,,,,,,,,,,4601,vQuSuG5WNXXFHKEZ5n3oMH,1,1,jp13,1,1,1,,,,,,,
"https://b2bfiles1.gigab2b.cn/image/wkseller/302/e4f3713cf722c1a451d4cefbd0a79e93.jpg?x-cc=20&x-cu=28909&x-ct=1784098800&x-cs=c3ef3a8671f66d0be4f6ac10c7221ee5""","https://b2bfiles1.gigab2b.cn/image/wkseller/302/041b2211c78f5e8046f40c61d5a878c7.jpg?x-cc=20&x-cu=28909&x-ct=1784098800&x-cs=f91b2b2f596b56d8008217fef2b7dd33""","https://b2bfiles1.gigab2b.cn/image/wkseller/302/102de8f2febefae4735f731ca19e6733.jpg?x-cc=20&x-cu=28909&x-ct=1784098800&x-cs=f736965a3b221d27563cfaa58747844e""","https://b2bfiles1.gigab2b.cn/image/wkseller/302/a57cccc6ee71ccca10aa27f298ff103e.jpg?x-cc=20&x-cu=28909&x-ct=1784098800&x-cs=9c88790026866ce1895d311cbf3c5644""","https://b2bfiles1.gigab2b.cn/image/wkseller/302/4dcc30a5a7d6ba59c3ce16836eb2741d.jpg?x-cc=20&x-cu=28909&x-ct=1784098800&x-cs=b11f2cf8a42c2c75df4bc4e5f66cc886""","https://b2bfiles1.gigab2b.cn/image/wkseller/302/e08caa217a90dd44dddd6c0ef5da94ef.jpg?x-cc=20&x-cu=28909&x-ct=1784098800&x-cs=d2f701c68c9fdb7615ec6e3804b6467b""","https://b2bfiles1.gigab2b.cn/image/wkseller/302/23a46f6e941acdf06c2c4dd1ce35a8e8.jpg?x-cc=20&x-cu=28909&x-ct=1784098800&x-cs=d80d660df49a2a336adcfd9057da0570""","https://b2bfiles1.gigab2b.cn/image/wkseller/302/424590105a61a5fd90dc8e0b49e8ed12.jpg?x-cc=20&x-cu=28909&x-ct=1784098800&x-cs=020b1b30db961d0acd572a23239ab8be""","https://b2bfiles1.gigab2b.cn/image/wkseller/302/a15828886725ed9c2af9cb9a11f74462.jpg?x-cc=20&x-cu=28909&x-ct=1784098800&x-cs=43ec9631bc4693c06ca3c2f3667001a7""","https://b2bfiles1.gigab2b.cn/image/wkseller/302/3b4a7a38d74450febebbfa7c54663d78.jpg?x-cc=20&x-cu=28909&x-ct=1784098800&x-cs=bda48ff46d0eb60ca16de83ddaca9770""","https://b2bfiles1.gigab2b.cn/image/wkseller/302/ba5de0990894e2f6ca698621aa3bc9a3.jpg?x-cc=20&x-cu=28909&x-ct=1784098800&x-cs=836208bfe54c6fa3b461dbaf7bc2f9b2""","https://b2bfiles1.gigab2b.cn/image/wkseller/302/e1091eebc0c49724f580061858a37179.jpg?x-cc=20&x-cu=28909&x-ct=1784098800&x-cs=660299afd84f901bc931d0a1002c126e""","https://b2bfiles1.gigab2b.cn/image/wkseller/302/c855396877e48e43a5ca121fec9cd291.jpg?x-cc=20&x-cu=28909&x-ct=1784098800&x-cs=ecabfc39b4088d5b6cfd26f2dd90b485""","https://b2bfiles1.gigab2b.cn/image/wkseller/302/9d57c5670d304765177ce918881bd131.jpg?x-cc=20&x-cu=28909&x-ct=1784098800&x-cs=f8c1001de668ed6455b23a8b5493b417""","https://b2bfiles1.gigab2b.cn/image/wkseller/302/c697e0182dfef5c4c4efc8dbc2a5e603.jpg?x-cc=20&x-cu=28909&x-ct=1784098800&x-cs=67a7e71ed4d5cb910819ce65ed52aede""","https://b2bfiles1.gigab2b.cn/image/wkseller/302/2bb3a2354f841c2c6557692ffae34c65.jpg?x-cc=20&x-cu=28909&x-ct=1784098800&x-cs=2acb46dfd2fad69cf2640b818699eafa""]",https://pub-606bcd6c031442e4959f73b5435fefd1.r2.dev/shipping-guide.png,,,,スーツケース  Lサイズ  軽量 キャリーケース ストッパー ドリンクホルダー TSAロック 超軽量 静音 ダブルキャスター 大容量 防水ポケット スムーズ おしゃれ 海外 出張用 ビジネス かわいい,"ホムブリスショップへようこそ
♪すべての商品は未開封の新品です
♪フォロー割あり
♪まとめ買い割あり：2点で2%OFF、3点で3%OFF、最大5%（一部商品適用外）
♪発送と送料：在庫品は1～2営業日以内に発送、再入荷商品は入荷後1～2営業日以内に発送いたします。北海道は基本的に追加送料不要です。沖縄への送料は別途お見積りが必須です。

【商品説明】

重量(kg): 5
長さ(cm): 80
幅(cm): 44
高さ(cm): 36
組立時重量: 4.40
組立時長さ: 44.00
組立時幅: 36.50
組立時高さ: 78.00
主要素材: ABS
主要カラー: Black",ブラック,0,N510P508263B,,,,,,,,,,,,,,,,,,,,,,,,,,,,,,,,,,,,,,,5101,vQuSuG5WNXXFHKEZ5n3oMH,1,1,jp13,1,1,1,,,,,,,
"https://b2bfiles1.gigab2b.cn/image/wkseller/302/b1321a1869f275e5461999a9a30e5767.jpg?x-cc=20&x-cu=28909&x-ct=1784098800&x-cs=184c9451765f81fdccb7cfb9fbac3cf7""","https://b2bfiles1.gigab2b.cn/image/wkseller/302/041b2211c78f5e8046f40c61d5a878c7.jpg?x-cc=20&x-cu=28909&x-ct=1784098800&x-cs=f91b2b2f596b56d8008217fef2b7dd33""","https://b2bfiles1.gigab2b.cn/image/wkseller/302/102de8f2febefae4735f731ca19e6733.jpg?x-cc=20&x-cu=28909&x-ct=1784098800&x-cs=f736965a3b221d27563cfaa58747844e""","https://b2bfiles1.gigab2b.cn/image/wkseller/302/a57cccc6ee71ccca10aa27f298ff103e.jpg?x-cc=20&x-cu=28909&x-ct=1784098800&x-cs=9c88790026866ce1895d311cbf3c5644""","https://b2bfiles1.gigab2b.cn/image/wkseller/302/4dcc30a5a7d6ba59c3ce16836eb2741d.jpg?x-cc=20&x-cu=28909&x-ct=1784098800&x-cs=b11f2cf8a42c2c75df4bc4e5f66cc886""","https://b2bfiles1.gigab2b.cn/image/wkseller/302/e08caa217a90dd44dddd6c0ef5da94ef.jpg?x-cc=20&x-cu=28909&x-ct=1784098800&x-cs=d2f701c68c9fdb7615ec6e3804b6467b""","https://b2bfiles1.gigab2b.cn/image/wkseller/302/23a46f6e941acdf06c2c4dd1ce35a8e8.jpg?x-cc=20&x-cu=28909&x-ct=1784098800&x-cs=d80d660df49a2a336adcfd9057da0570""","https://b2bfiles1.gigab2b.cn/image/wkseller/302/424590105a61a5fd90dc8e0b49e8ed12.jpg?x-cc=20&x-cu=28909&x-ct=1784098800&x-cs=020b1b30db961d0acd572a23239ab8be""","https://b2bfiles1.gigab2b.cn/image/wkseller/302/a15828886725ed9c2af9cb9a11f74462.jpg?x-cc=20&x-cu=28909&x-ct=1784098800&x-cs=43ec9631bc4693c06ca3c2f3667001a7""","https://b2bfiles1.gigab2b.cn/image/wkseller/302/3b4a7a38d74450febebbfa7c54663d78.jpg?x-cc=20&x-cu=28909&x-ct=1784098800&x-cs=bda48ff46d0eb60ca16de83ddaca9770""","https://b2bfiles1.gigab2b.cn/image/wkseller/302/ba5de0990894e2f6ca698621aa3bc9a3.jpg?x-cc=20&x-cu=28909&x-ct=1784098800&x-cs=836208bfe54c6fa3b461dbaf7bc2f9b2""","https://b2bfiles1.gigab2b.cn/image/wkseller/302/e1091eebc0c49724f580061858a37179.jpg?x-cc=20&x-cu=28909&x-ct=1784098800&x-cs=660299afd84f901bc931d0a1002c126e""","https://b2bfiles1.gigab2b.cn/image/wkseller/302/c855396877e48e43a5ca121fec9cd291.jpg?x-cc=20&x-cu=28909&x-ct=1784098800&x-cs=ecabfc39b4088d5b6cfd26f2dd90b485""","https://b2bfiles1.gigab2b.cn/image/wkseller/302/74ae2c6db60e24e2a562ba60aef4f60a.jpg?x-cc=20&x-cu=28909&x-ct=1784098800&x-cs=45a3f0239e7144187cda9b2b18cb5df0""","https://b2bfiles1.gigab2b.cn/image/wkseller/302/c697e0182dfef5c4c4efc8dbc2a5e603.jpg?x-cc=20&x-cu=28909&x-ct=1784098800&x-cs=67a7e71ed4d5cb910819ce65ed52aede""","https://b2bfiles1.gigab2b.cn/image/wkseller/302/1ca35201485280a0abc9d3b952979fae.jpg?x-cc=20&x-cu=28909&x-ct=1784098800&x-cs=7e5de2a5e2a2b8ac54d8c27e539421c6""]",https://pub-606bcd6c031442e4959f73b5435fefd1.r2.dev/shipping-guide.png,,,,スーツケース  Lサイズ  軽量 キャリーケース ストッパー ドリンクホルダー TSAロック 超軽量 静音 ダブルキャスター 大容量 防水ポケット スムーズ おしゃれ 海外 出張用 ビジネス かわいい,"ホムブリスショップへようこそ
♪すべての商品は未開封の新品です
♪フォロー割あり
♪まとめ買い割あり：2点で2%OFF、3点で3%OFF、最大5%（一部商品適用外）
♪発送と送料：在庫品は1～2営業日以内に発送、再入荷商品は入荷後1～2営業日以内に発送いたします。北海道は基本的に追加送料不要です。沖縄への送料は別途お見積りが必須です。

【商品説明】

重量(kg): 5
長さ(cm): 80
幅(cm): 44
高さ(cm): 36
組立時重量: 4.40
組立時長さ: 44.00
組立時幅: 36.50
組立時高さ: 78.00
主要素材: ABS
主要カラー: Blue",ブルー,0,N510P508263C,,,,,,,,,,,,,,,,,,,,,,,,,,,,,,,,,,,,,,,5101,vQuSuG5WNXXFHKEZ5n3oMH,1,1,jp13,1,1,1,,,,,,,
"https://b2bfiles1.gigab2b.cn/image/wkseller/302/cb1a4ad80b8cab2f6b6938234cb6bf4d.jpg?x-cc=20&x-cu=28909&x-ct=1784098800&x-cs=663437880cb1a5ffb9c681e7ca50d31c""","https://b2bfiles1.gigab2b.cn/image/wkseller/302/041b2211c78f5e8046f40c61d5a878c7.jpg?x-cc=20&x-cu=28909&x-ct=1784098800&x-cs=f91b2b2f596b56d8008217fef2b7dd33""","https://b2bfiles1.gigab2b.cn/image/wkseller/302/102de8f2febefae4735f731ca19e6733.jpg?x-cc=20&x-cu=28909&x-ct=1784098800&x-cs=f736965a3b221d27563cfaa58747844e""","https://b2bfiles1.gigab2b.cn/image/wkseller/302/a57cccc6ee71ccca10aa27f298ff103e.jpg?x-cc=20&x-cu=28909&x-ct=1784098800&x-cs=9c88790026866ce1895d311cbf3c5644""","https://b2bfiles1.gigab2b.cn/image/wkseller/302/4dcc30a5a7d6ba59c3ce16836eb2741d.jpg?x-cc=20&x-cu=28909&x-ct=1784098800&x-cs=b11f2cf8a42c2c75df4bc4e5f66cc886""","https://b2bfiles1.gigab2b.cn/image/wkseller/302/e08caa217a90dd44dddd6c0ef5da94ef.jpg?x-cc=20&x-cu=28909&x-ct=1784098800&x-cs=d2f701c68c9fdb7615ec6e3804b6467b""","https://b2bfiles1.gigab2b.cn/image/wkseller/302/23a46f6e941acdf06c2c4dd1ce35a8e8.jpg?x-cc=20&x-cu=28909&x-ct=1784098800&x-cs=d80d660df49a2a336adcfd9057da0570""","https://b2bfiles1.gigab2b.cn/image/wkseller/302/424590105a61a5fd90dc8e0b49e8ed12.jpg?x-cc=20&x-cu=28909&x-ct=1784098800&x-cs=020b1b30db961d0acd572a23239ab8be""","https://b2bfiles1.gigab2b.cn/image/wkseller/302/a15828886725ed9c2af9cb9a11f74462.jpg?x-cc=20&x-cu=28909&x-ct=1784098800&x-cs=43ec9631bc4693c06ca3c2f3667001a7""","https://b2bfiles1.gigab2b.cn/image/wkseller/302/3b4a7a38d74450febebbfa7c54663d78.jpg?x-cc=20&x-cu=28909&x-ct=1784098800&x-cs=bda48ff46d0eb60ca16de83ddaca9770""","https://b2bfiles1.gigab2b.cn/image/wkseller/302/ba5de0990894e2f6ca698621aa3bc9a3.jpg?x-cc=20&x-cu=28909&x-ct=1784098800&x-cs=836208bfe54c6fa3b461dbaf7bc2f9b2""","https://b2bfiles1.gigab2b.cn/image/wkseller/302/e1091eebc0c49724f580061858a37179.jpg?x-cc=20&x-cu=28909&x-ct=1784098800&x-cs=660299afd84f901bc931d0a1002c126e""","https://b2bfiles1.gigab2b.cn/image/wkseller/302/c855396877e48e43a5ca121fec9cd291.jpg?x-cc=20&x-cu=28909&x-ct=1784098800&x-cs=ecabfc39b4088d5b6cfd26f2dd90b485""","https://b2bfiles1.gigab2b.cn/image/wkseller/302/2b17e850cdcae5b43a7caf875d881687.jpg?x-cc=20&x-cu=28909&x-ct=1784098800&x-cs=3acf2cd6c3c9501260b293ef01f28d38""","https://b2bfiles1.gigab2b.cn/image/wkseller/302/c697e0182dfef5c4c4efc8dbc2a5e603.jpg?x-cc=20&x-cu=28909&x-ct=1784098800&x-cs=67a7e71ed4d5cb910819ce65ed52aede""","https://b2bfiles1.gigab2b.cn/image/wkseller/302/4ec7f6fa3f8ed1f7a4be7c424e09e26b.jpg?x-cc=20&x-cu=28909&x-ct=1784098800&x-cs=91cc2e516debcd8f1306fad3f0660441""]",https://pub-606bcd6c031442e4959f73b5435fefd1.r2.dev/shipping-guide.png,,,,スーツケース  Lサイズ  軽量 キャリーケース ストッパー ドリンクホルダー TSAロック 超軽量 静音 ダブルキャスター 大容量 防水ポケット スムーズ おしゃれ 海外 出張用 ビジネス かわいい,"ホムブリスショップへようこそ
♪すべての商品は未開封の新品です
♪フォロー割あり
♪まとめ買い割あり：2点で2%OFF、3点で3%OFF、最大5%（一部商品適用外）
♪発送と送料：在庫品は1～2営業日以内に発送、再入荷商品は入荷後1～2営業日以内に発送いたします。北海道は基本的に追加送料不要です。沖縄への送料は別途お見積りが必須です。

【商品説明】

重量(kg): 5
長さ(cm): 80
幅(cm): 44
高さ(cm): 36
組立時重量: 4.40
組立時長さ: 44.00
組立時幅: 36.50
組立時高さ: 78.00
主要素材: ABS
主要カラー: Green",グリーン,0,N510P508263L,,,,,,,,,,,,,,,,,,,,,,,,,,,,,,,,,,,,,,,5101,vQuSuG5WNXXFHKEZ5n3oMH,1,1,jp13,1,1,1,,,,,,,
"https://b2bfiles1.gigab2b.cn/image/wkseller/302/34c66c7e18bb92b18f9f87f2fe28e92f.jpg?x-cc=20&x-cu=28909&x-ct=1784098800&x-cs=257dfe4ffdfec54b9f48115f4087b6b9""","https://b2bfiles1.gigab2b.cn/image/wkseller/302/041b2211c78f5e8046f40c61d5a878c7.jpg?x-cc=20&x-cu=28909&x-ct=1784098800&x-cs=f91b2b2f596b56d8008217fef2b7dd33""","https://b2bfiles1.gigab2b.cn/image/wkseller/302/102de8f2febefae4735f731ca19e6733.jpg?x-cc=20&x-cu=28909&x-ct=1784098800&x-cs=f736965a3b221d27563cfaa58747844e""","https://b2bfiles1.gigab2b.cn/image/wkseller/302/a57cccc6ee71ccca10aa27f298ff103e.jpg?x-cc=20&x-cu=28909&x-ct=1784098800&x-cs=9c88790026866ce1895d311cbf3c5644""","https://b2bfiles1.gigab2b.cn/image/wkseller/302/4dcc30a5a7d6ba59c3ce16836eb2741d.jpg?x-cc=20&x-cu=28909&x-ct=1784098800&x-cs=b11f2cf8a42c2c75df4bc4e5f66cc886""","https://b2bfiles1.gigab2b.cn/image/wkseller/302/e08caa217a90dd44dddd6c0ef5da94ef.jpg?x-cc=20&x-cu=28909&x-ct=1784098800&x-cs=d2f701c68c9fdb7615ec6e3804b6467b""","https://b2bfiles1.gigab2b.cn/image/wkseller/302/23a46f6e941acdf06c2c4dd1ce35a8e8.jpg?x-cc=20&x-cu=28909&x-ct=1784098800&x-cs=d80d660df49a2a336adcfd9057da0570""","https://b2bfiles1.gigab2b.cn/image/wkseller/302/424590105a61a5fd90dc8e0b49e8ed12.jpg?x-cc=20&x-cu=28909&x-ct=1784098800&x-cs=020b1b30db961d0acd572a23239ab8be""","https://b2bfiles1.gigab2b.cn/image/wkseller/302/a15828886725ed9c2af9cb9a11f74462.jpg?x-cc=20&x-cu=28909&x-ct=1784098800&x-cs=43ec9631bc4693c06ca3c2f3667001a7""","https://b2bfiles1.gigab2b.cn/image/wkseller/302/3b4a7a38d74450febebbfa7c54663d78.jpg?x-cc=20&x-cu=28909&x-ct=1784098800&x-cs=bda48ff46d0eb60ca16de83ddaca9770""","https://b2bfiles1.gigab2b.cn/image/wkseller/302/ba5de0990894e2f6ca698621aa3bc9a3.jpg?x-cc=20&x-cu=28909&x-ct=1784098800&x-cs=836208bfe54c6fa3b461dbaf7bc2f9b2""","https://b2bfiles1.gigab2b.cn/image/wkseller/302/e1091eebc0c49724f580061858a37179.jpg?x-cc=20&x-cu=28909&x-ct=1784098800&x-cs=660299afd84f901bc931d0a1002c126e""","https://b2bfiles1.gigab2b.cn/image/wkseller/302/c855396877e48e43a5ca121fec9cd291.jpg?x-cc=20&x-cu=28909&x-ct=1784098800&x-cs=ecabfc39b4088d5b6cfd26f2dd90b485""","https://b2bfiles1.gigab2b.cn/image/wkseller/302/0d68c1315566f0e08d3dfd1a3d9559fc.jpg?x-cc=20&x-cu=28909&x-ct=1784098800&x-cs=57bd3cdb4f80da9be9cee77ba962bfe7""","https://b2bfiles1.gigab2b.cn/image/wkseller/302/c697e0182dfef5c4c4efc8dbc2a5e603.jpg?x-cc=20&x-cu=28909&x-ct=1784098800&x-cs=67a7e71ed4d5cb910819ce65ed52aede""","https://b2bfiles1.gigab2b.cn/image/wkseller/302/a820be829a3f4797f80e639ad82b02eb.jpg?x-cc=20&x-cu=28909&x-ct=1784098800&x-cs=0319a721d1d8bca68f61fd2324cb7722""]",https://pub-606bcd6c031442e4959f73b5435fefd1.r2.dev/shipping-guide.png,,,,スーツケース  Lサイズ  軽量 キャリーケース ストッパー ドリンクホルダー TSAロック 超軽量 静音 ダブルキャスター 大容量 防水ポケット スムーズ おしゃれ 海外 出張用 ビジネス かわいい,"ホムブリスショップへようこそ
♪すべての商品は未開封の新品です
♪フォロー割あり
♪まとめ買い割あり：2点で2%OFF、3点で3%OFF、最大5%（一部商品適用外）
♪発送と送料：在庫品は1～2営業日以内に発送、再入荷商品は入荷後1～2営業日以内に発送いたします。北海道は基本的に追加送料不要です。沖縄への送料は別途お見積りが必須です。

【商品説明】

重量(kg): 5
長さ(cm): 80
幅(cm): 44
高さ(cm): 36
組立時重量: 4.40
組立時長さ: 44.00
組立時幅: 36.50
組立時高さ: 78.00
主要素材: ABS
主要カラー: Pink",ピンク,0,N510P508263P,,,,,,,,,,,,,,,,,,,,,,,,,,,,,,,,,,,,,,,5101,vQuSuG5WNXXFHKEZ5n3oMH,1,1,jp13,1,1,1,,,,,,,
"https://b2bfiles1.gigab2b.cn/image/wkseller/302/d349978eddd19d76d024571f6b359812.jpg?x-cc=20&x-cu=28909&x-ct=1784098800&x-cs=8c43c24ee302bd930618cc13a069031d""","https://b2bfiles1.gigab2b.cn/image/wkseller/302/041b2211c78f5e8046f40c61d5a878c7.jpg?x-cc=20&x-cu=28909&x-ct=1784098800&x-cs=f91b2b2f596b56d8008217fef2b7dd33""","https://b2bfiles1.gigab2b.cn/image/wkseller/302/102de8f2febefae4735f731ca19e6733.jpg?x-cc=20&x-cu=28909&x-ct=1784098800&x-cs=f736965a3b221d27563cfaa58747844e""","https://b2bfiles1.gigab2b.cn/image/wkseller/302/a57cccc6ee71ccca10aa27f298ff103e.jpg?x-cc=20&x-cu=28909&x-ct=1784098800&x-cs=9c88790026866ce1895d311cbf3c5644""","https://b2bfiles1.gigab2b.cn/image/wkseller/302/4dcc30a5a7d6ba59c3ce16836eb2741d.jpg?x-cc=20&x-cu=28909&x-ct=1784098800&x-cs=b11f2cf8a42c2c75df4bc4e5f66cc886""","https://b2bfiles1.gigab2b.cn/image/wkseller/302/e08caa217a90dd44dddd6c0ef5da94ef.jpg?x-cc=20&x-cu=28909&x-ct=1784098800&x-cs=d2f701c68c9fdb7615ec6e3804b6467b""","https://b2bfiles1.gigab2b.cn/image/wkseller/302/23a46f6e941acdf06c2c4dd1ce35a8e8.jpg?x-cc=20&x-cu=28909&x-ct=1784098800&x-cs=d80d660df49a2a336adcfd9057da0570""","https://b2bfiles1.gigab2b.cn/image/wkseller/302/424590105a61a5fd90dc8e0b49e8ed12.jpg?x-cc=20&x-cu=28909&x-ct=1784098800&x-cs=020b1b30db961d0acd572a23239ab8be""","https://b2bfiles1.gigab2b.cn/image/wkseller/302/a15828886725ed9c2af9cb9a11f74462.jpg?x-cc=20&x-cu=28909&x-ct=1784098800&x-cs=43ec9631bc4693c06ca3c2f3667001a7""","https://b2bfiles1.gigab2b.cn/image/wkseller/302/3b4a7a38d74450febebbfa7c54663d78.jpg?x-cc=20&x-cu=28909&x-ct=1784098800&x-cs=bda48ff46d0eb60ca16de83ddaca9770""","https://b2bfiles1.gigab2b.cn/image/wkseller/302/ba5de0990894e2f6ca698621aa3bc9a3.jpg?x-cc=20&x-cu=28909&x-ct=1784098800&x-cs=836208bfe54c6fa3b461dbaf7bc2f9b2""","https://b2bfiles1.gigab2b.cn/image/wkseller/302/e1091eebc0c49724f580061858a37179.jpg?x-cc=20&x-cu=28909&x-ct=1784098800&x-cs=660299afd84f901bc931d0a1002c126e""","https://b2bfiles1.gigab2b.cn/image/wkseller/302/c855396877e48e43a5ca121fec9cd291.jpg?x-cc=20&x-cu=28909&x-ct=1784098800&x-cs=ecabfc39b4088d5b6cfd26f2dd90b485""","https://b2bfiles1.gigab2b.cn/image/wkseller/302/c7fbe7bb92fe5158b0b1bb9c25879bb8.jpg?x-cc=20&x-cu=28909&x-ct=1784098800&x-cs=bbee17f743a84aef650cd49bcaaa6990""","https://b2bfiles1.gigab2b.cn/image/wkseller/302/c697e0182dfef5c4c4efc8dbc2a5e603.jpg?x-cc=20&x-cu=28909&x-ct=1784098800&x-cs=67a7e71ed4d5cb910819ce65ed52aede""","https://b2bfiles1.gigab2b.cn/image/wkseller/302/362d425fca51a7cd0f0a3df8042cd1e5.jpg?x-cc=20&x-cu=28909&x-ct=1784098800&x-cs=a67d18e5f5296a48cfd37723ffabb371""]",https://pub-606bcd6c031442e4959f73b5435fefd1.r2.dev/shipping-guide.png,,,,スーツケース  Lサイズ  軽量 キャリーケース ストッパー ドリンクホルダー TSAロック 超軽量 静音 ダブルキャスター 大容量 防水ポケット スムーズ おしゃれ 海外 出張用 ビジネス かわいい,"ホムブリスショップへようこそ
♪すべての商品は未開封の新品です
♪フォロー割あり
♪まとめ買い割あり：2点で2%OFF、3点で3%OFF、最大5%（一部商品適用外）
♪発送と送料：在庫品は1～2営業日以内に発送、再入荷商品は入荷後1～2営業日以内に発送いたします。北海道は基本的に追加送料不要です。沖縄への送料は別途お見積りが必須です。

【商品説明】

重量(kg): 5
長さ(cm): 80
幅(cm): 44
高さ(cm): 36
組立時重量: 4.40
組立時長さ: 44.00
組立時幅: 36.50
組立時高さ: 78.00
主要素材: ABS
主要カラー: Grey",グレー,21,N510P508263Z,,,,,,,,,,,,,,,,,,,,,,,,,,,,,,,,,,,,,,,5101,vQuSuG5WNXXFHKEZ5n3oMH,1,1,jp13,1,1,1,,,,,,,
"https://b2bfiles1.gigab2b.cn/image/wkseller/302/68b315b29ffd8508748bbf3052645925.jpg?x-cc=20&x-cu=28909&x-ct=1784098800&x-cs=6beb8756338486f331c155a320b8a55f""","https://b2bfiles1.gigab2b.cn/image/wkseller/302/d52748578485c4fee3a76c60564c39b6.jpg?x-cc=20&x-cu=28909&x-ct=1784098800&x-cs=cff3d7eaf80ccad57d0e7c4499fed23f""","https://b2bfiles1.gigab2b.cn/image/wkseller/302/bf372d824f057aed31edacb9a9d2348b.jpg?x-cc=20&x-cu=28909&x-ct=1784098800&x-cs=338e07d32be74f64ba81554f2036e6f8""","https://b2bfiles1.gigab2b.cn/image/wkseller/302/d3483b117474197996c8ab617810d6ae.jpg?x-cc=20&x-cu=28909&x-ct=1784098800&x-cs=9059bf8939ec118b7f992357f58ccefd""","https://b2bfiles1.gigab2b.cn/image/wkseller/302/77933dcaa6a0815fe2d116877dc965b4.jpg?x-cc=20&x-cu=28909&x-ct=1784098800&x-cs=02a97e10d21f056ae161ff06768da963""","https://b2bfiles1.gigab2b.cn/image/wkseller/302/41e4b460016ddb523b571dcc94180f0d.jpg?x-cc=20&x-cu=28909&x-ct=1784098800&x-cs=844e5a111fb58ba280af0c8c18391af4""","https://b2bfiles1.gigab2b.cn/image/wkseller/302/eb2c80e0b58ade30dc700386683b1009.jpg?x-cc=20&x-cu=28909&x-ct=1784098800&x-cs=3de38389c0729b15cd942c2eb2e9c2d0""","https://b2bfiles1.gigab2b.cn/image/wkseller/302/18c604ea3127c3eb68277799cac4e8ef.jpg?x-cc=20&x-cu=28909&x-ct=1784098800&x-cs=c85f3d9dc235ba7f99b9cd5a56765e9e""","https://b2bfiles1.gigab2b.cn/image/wkseller/302/5b988635dfe5384eedec3aebdc92657e.jpg?x-cc=20&x-cu=28909&x-ct=1784098800&x-cs=217e314b36e58d01ef3b8a2f0e024c4a""","https://b2bfiles1.gigab2b.cn/image/wkseller/302/e591a291245f77d15f2a6b7e2b5076c0.jpg?x-cc=20&x-cu=28909&x-ct=1784098800&x-cs=6a12e038dece3b0e11c7b16c86c49d3e""","https://b2bfiles1.gigab2b.cn/image/wkseller/302/91dbe7db055fb5295565fdda14d77dca.jpg?x-cc=20&x-cu=28909&x-ct=1784098800&x-cs=b5ae73760dc3522ae0f51f61313f0082""","https://b2bfiles1.gigab2b.cn/image/wkseller/302/47d81ee6b5f2ba2d3f4142e392a43c09.jpg?x-cc=20&x-cu=28909&x-ct=1784098800&x-cs=34f70feb051d66de0ead64d52eeb98bf""","https://b2bfiles1.gigab2b.cn/image/wkseller/302/26c75d0b58c4f35a4ac7ce72b0f672e3.jpg?x-cc=20&x-cu=28909&x-ct=1784098800&x-cs=05eac3be3e467f549691512a72419d24""","https://b2bfiles1.gigab2b.cn/image/wkseller/302/7a2bc057fcf2c8eac2d1e3c714e2fb76.jpg?x-cc=20&x-cu=28909&x-ct=1784098800&x-cs=eac96725f61966f6062d7fdb6d96eaa9""","https://b2bfiles1.gigab2b.cn/image/wkseller/302/7c73d5d236cde2f29d3eb505a2da0850.jpg?x-cc=20&x-cu=28909&x-ct=1784098800&x-cs=90d939440aafbd67db743bca9f3290cf""","https://b2bfiles1.gigab2b.cn/image/wkseller/302/b34d62ac0eaba5971b5d2954ac871d34.jpg?x-cc=20&x-cu=28909&x-ct=1784098800&x-cs=090e952ca004b310f702e0b9a640f92b""","https://b2bfiles1.gigab2b.cn/image/wkseller/302/0f8096cdf5ece6ffa60bda70d0302c41.jpg?x-cc=20&x-cu=28909&x-ct=1784098800&x-cs=7be23f8272aadcc8ac03acd014ca4ca1""","https://b2bfiles1.gigab2b.cn/image/wkseller/302/475bc8f6d7bd6b963ffcff2e2737fbc8.jpg?x-cc=20&x-cu=28909&x-ct=1784098800&x-cs=8879fa7361ec447c3ba35a0d3a879ea4""","https://b2bfiles1.gigab2b.cn/image/wkseller/302/5b9c522fcd0fc67af0bfea6478a659ca.jpg?x-cc=20&x-cu=28909&x-ct=1784098800&x-cs=425eaf73539db7020709baff5a0d787c""",https://pub-606bcd6c031442e4959f73b5435fefd1.r2.dev/shipping-guide.png,トランポリン 140cm  3段階高さ調節  子供用 ネット付き   鉄棒 吊り輪付き 安全カバー セーフティネット付 スプリング式 静音 大型 家庭用 室内 遊具 おもちゃ とらんぽりん キッズ 子ども  男の子 プレゼント,"ホムブリスショップへようこそ
♪すべての商品は未開封の新品です
♪フォロー割あり
♪まとめ買い割あり：2点で2%OFF、3点で3%OFF、最大5%（一部商品適用外）
♪発送と送料：在庫品は1～2営業日以内に発送、再入荷商品は入荷後1～2営業日以内に発送いたします。北海道は基本的に追加送料不要です。沖縄への送料は別途お見積りが必須です。

【商品説明】

重量(kg): 17.5
長さ(cm): 79
幅(cm): 32
高さ(cm): 23
組立時重量: 15.00
組立時長さ: 140.00
組立時幅: 140.00
組立時高さ: 172.00
主要素材: Iron,PVC
主要カラー: Grey",グレー,0,N510P512584A,,,,,,,,,,,,,,,,,,,,,,,,,,,,,,,,,,,,,,,12501,RCVuRU7Ru3xvBFY6vr5xP7,1,1,jp13,1,1,1,,,,,,,
"https://b2bfiles1.gigab2b.cn/image/wkseller/302/14bc43cbef649c3c4f9cbfb26fe81d91.jpg?x-cc=20&x-cu=28909&x-ct=1784098800&x-cs=28ff66f6870ab731559e9743e4a9e28c""","https://b2bfiles1.gigab2b.cn/image/wkseller/302/d52748578485c4fee3a76c60564c39b6.jpg?x-cc=20&x-cu=28909&x-ct=1784098800&x-cs=cff3d7eaf80ccad57d0e7c4499fed23f""","https://b2bfiles1.gigab2b.cn/image/wkseller/302/bf372d824f057aed31edacb9a9d2348b.jpg?x-cc=20&x-cu=28909&x-ct=1784098800&x-cs=338e07d32be74f64ba81554f2036e6f8""","https://b2bfiles1.gigab2b.cn/image/wkseller/302/d3483b117474197996c8ab617810d6ae.jpg?x-cc=20&x-cu=28909&x-ct=1784098800&x-cs=9059bf8939ec118b7f992357f58ccefd""","https://b2bfiles1.gigab2b.cn/image/wkseller/302/77933dcaa6a0815fe2d116877dc965b4.jpg?x-cc=20&x-cu=28909&x-ct=1784098800&x-cs=02a97e10d21f056ae161ff06768da963""","https://b2bfiles1.gigab2b.cn/image/wkseller/302/41e4b460016ddb523b571dcc94180f0d.jpg?x-cc=20&x-cu=28909&x-ct=1784098800&x-cs=844e5a111fb58ba280af0c8c18391af4""","https://b2bfiles1.gigab2b.cn/image/wkseller/302/eb2c80e0b58ade30dc700386683b1009.jpg?x-cc=20&x-cu=28909&x-ct=1784098800&x-cs=3de38389c0729b15cd942c2eb2e9c2d0""","https://b2bfiles1.gigab2b.cn/image/wkseller/302/18c604ea3127c3eb68277799cac4e8ef.jpg?x-cc=20&x-cu=28909&x-ct=1784098800&x-cs=c85f3d9dc235ba7f99b9cd5a56765e9e""","https://b2bfiles1.gigab2b.cn/image/wkseller/302/5b988635dfe5384eedec3aebdc92657e.jpg?x-cc=20&x-cu=28909&x-ct=1784098800&x-cs=217e314b36e58d01ef3b8a2f0e024c4a""","https://b2bfiles1.gigab2b.cn/image/wkseller/302/e591a291245f77d15f2a6b7e2b5076c0.jpg?x-cc=20&x-cu=28909&x-ct=1784098800&x-cs=6a12e038dece3b0e11c7b16c86c49d3e""","https://b2bfiles1.gigab2b.cn/image/wkseller/302/91dbe7db055fb5295565fdda14d77dca.jpg?x-cc=20&x-cu=28909&x-ct=1784098800&x-cs=b5ae73760dc3522ae0f51f61313f0082""","https://b2bfiles1.gigab2b.cn/image/wkseller/302/47d81ee6b5f2ba2d3f4142e392a43c09.jpg?x-cc=20&x-cu=28909&x-ct=1784098800&x-cs=34f70feb051d66de0ead64d52eeb98bf""","https://b2bfiles1.gigab2b.cn/image/wkseller/302/26c75d0b58c4f35a4ac7ce72b0f672e3.jpg?x-cc=20&x-cu=28909&x-ct=1784098800&x-cs=05eac3be3e467f549691512a72419d24""","https://b2bfiles1.gigab2b.cn/image/wkseller/302/7a2bc057fcf2c8eac2d1e3c714e2fb76.jpg?x-cc=20&x-cu=28909&x-ct=1784098800&x-cs=eac96725f61966f6062d7fdb6d96eaa9""","https://b2bfiles1.gigab2b.cn/image/wkseller/302/7c73d5d236cde2f29d3eb505a2da0850.jpg?x-cc=20&x-cu=28909&x-ct=1784098800&x-cs=90d939440aafbd67db743bca9f3290cf""","https://b2bfiles1.gigab2b.cn/image/wkseller/302/72a04de79f1e537992e198f65b63ec02.jpg?x-cc=20&x-cu=28909&x-ct=1784098800&x-cs=8ab13c209629fd83921e0119f027905f""","https://b2bfiles1.gigab2b.cn/image/wkseller/302/6ed1bf5e671ea3d2012d3726060a1351.jpg?x-cc=20&x-cu=28909&x-ct=1784098800&x-cs=2347e1df8ce5175fde949626500ddcbd""","https://b2bfiles1.gigab2b.cn/image/wkseller/302/dce1ef5ac717232e3c153f0c6a18b8cf.jpg?x-cc=20&x-cu=28909&x-ct=1784098800&x-cs=560eec53da39b0e437470d6e0d972c39""","https://b2bfiles1.gigab2b.cn/image/wkseller/302/43b6ec8bf6913f493ef0cf425f9e251e.jpg?x-cc=20&x-cu=28909&x-ct=1784098800&x-cs=3d9334bc2eac0c58319791a506a43ccd""",https://pub-606bcd6c031442e4959f73b5435fefd1.r2.dev/shipping-guide.png,トランポリン 140cm 3段階高さ調節  子供用 ネット付き   鉄棒 吊り輪付き 安全カバー セーフティネット付 スプリング式  静音 大型 家庭用 室内 遊具 おもちゃ とらんぽりん トランポリン単体で使用可 キッズ 子ども  男の子 プレゼント,"ホムブリスショップへようこそ
♪すべての商品は未開封の新品です
♪フォロー割あり
♪まとめ買い割あり：2点で2%OFF、3点で3%OFF、最大5%（一部商品適用外）
♪発送と送料：在庫品は1～2営業日以内に発送、再入荷商品は入荷後1～2営業日以内に発送いたします。北海道は基本的に追加送料不要です。沖縄への送料は別途お見積りが必須です。

【商品説明】

重量(kg): 17.5
長さ(cm): 79
幅(cm): 32
高さ(cm): 23
組立時重量: 15.00
組立時長さ: 140.00
組立時幅: 140.00
組立時高さ: 172.00
主要素材: Iron,oxford fabric
主要カラー: Beige",ベージュ,0,N510P512584B,,,,,,,,,,,,,,,,,,,,,,,,,,,,,,,,,,,,,,,12501,RCVuRU7Ru3xvBFY6vr5xP7,1,1,jp13,1,1,1,,,,,,,
"https://b2bfiles1.gigab2b.cn/image/wkseller/303/830ed961015f1d5514f4f4f1235162d3.jpg?x-cc=20&x-cu=28909&x-ct=1784098800&x-cs=25e9efd018bfe76a2f736ba3f2bd8152""","https://b2bfiles1.gigab2b.cn/image/wkseller/303/f6ec302b2a4bf6e0f6f8e5cc117d7c5c.jpg?x-cc=20&x-cu=28909&x-ct=1784098800&x-cs=26a38b0cb2a1747973e49de855f1196b""","https://b2bfiles1.gigab2b.cn/image/wkseller/303/ab880ab3255ed6c44b1b5b00552ed643.jpg?x-cc=20&x-cu=28909&x-ct=1784098800&x-cs=cd0f308b03aa9c1e8bf78e4e5a0cbd3f""","https://b2bfiles1.gigab2b.cn/image/wkseller/303/62cd40ebb802e028f8a664c0e1d5f44c.jpg?x-cc=20&x-cu=28909&x-ct=1784098800&x-cs=89689c7f1fcd398aa93df7dd6382502a""","https://b2bfiles1.gigab2b.cn/image/wkseller/303/9f766c34b90910927d4bec67b8b5e3f8.jpg?x-cc=20&x-cu=28909&x-ct=1784098800&x-cs=38bc8d8088034e377b01ae8001527f84""","https://b2bfiles1.gigab2b.cn/image/wkseller/303/2c43407a7dd8dad3178e492bb3c74ebc.jpg?x-cc=20&x-cu=28909&x-ct=1784098800&x-cs=5dcfff6681a5f54b803fadbb08fabb2f""","https://b2bfiles1.gigab2b.cn/image/wkseller/303/ff372a378c7285d22cf85d75501b1de2.jpg?x-cc=20&x-cu=28909&x-ct=1784098800&x-cs=fa80c2d7274574591fd867629997a9fa""","https://b2bfiles1.gigab2b.cn/image/wkseller/303/cd57ebb3d6b4a24c887d0bf3c9c8e624.jpg?x-cc=20&x-cu=28909&x-ct=1784098800&x-cs=a3227b6896213b9e3dd1ed1e1585ffe8""","https://b2bfiles1.gigab2b.cn/image/wkseller/303/332fb978005cfb6485be6254606f41c7.jpg?x-cc=20&x-cu=28909&x-ct=1784098800&x-cs=747678754b85a221a955ea41c9f2f029""","https://b2bfiles1.gigab2b.cn/image/wkseller/303/153ccc964bf9e56a06997b5cf3142528.jpg?x-cc=20&x-cu=28909&x-ct=1784098800&x-cs=73d9df983004fabab83005b4aa7f4514""","https://b2bfiles1.gigab2b.cn/image/wkseller/303/07604a05fd319333eb7360a2618d6db3.jpg?x-cc=20&x-cu=28909&x-ct=1784098800&x-cs=f62de0606d3e22af55aa80ee7c7ec898""","https://b2bfiles1.gigab2b.cn/image/wkseller/303/3187b6be6062916036aa12871bf2c2cd.jpg?x-cc=20&x-cu=28909&x-ct=1784098800&x-cs=3428b9dd0026a535b583c9fb21ae0725""","https://b2bfiles1.gigab2b.cn/image/wkseller/303/d94b35a055462f641108233cda908e04.jpg?x-cc=20&x-cu=28909&x-ct=1784098800&x-cs=b48e75cab192bd12a97216f9550ee5b2""","https://b2bfiles1.gigab2b.cn/image/wkseller/303/f5d5fd9f7d6176f4c882101f45d2aca3.jpg?x-cc=20&x-cu=28909&x-ct=1784098800&x-cs=a222bc74fc80b20381400c90887311ef""","https://b2bfiles1.gigab2b.cn/image/wkseller/303/972348d0917dd3e5dc7cb74468c5d4ba.jpg?x-cc=20&x-cu=28909&x-ct=1784098800&x-cs=6750408c3ce53dafef4907010e414a26""","https://b2bfiles1.gigab2b.cn/image/wkseller/303/252ed3dca6a8adb1a6988b04af2af083.jpg?x-cc=20&x-cu=28909&x-ct=1784098800&x-cs=8b3287a6d96c21f7f082c935c78e9432""","https://b2bfiles1.gigab2b.cn/image/wkseller/303/106a70917d65ff7438aa75e033fb9569.jpg?x-cc=20&x-cu=28909&x-ct=1784098800&x-cs=d0ab56cca533dbec76ba30ba4ef93350""","https://b2bfiles1.gigab2b.cn/image/wkseller/303/b7afd36910a00103ac304d77b82922ee.jpg?x-cc=20&x-cu=28909&x-ct=1784098800&x-cs=245b9d415106a40c3dc587819059e06f""","https://b2bfiles1.gigab2b.cn/image/wkseller/303/d698d365caba68af54a8777eb746cd72.jpg?x-cc=20&x-cu=28909&x-ct=1784098800&x-cs=f3b3256c30a93d11c15f2b4467222d8b""",https://pub-606bcd6c031442e4959f73b5435fefd1.r2.dev/shipping-guide.png,キャビネット ラタン調 幅100cm 木製 天然木脚 脚付き 収納棚 チェスト サイドボード リビングボード ラタン風 4段 引き出し付き 両開き 扉付きシェルフ 大容量収納 タンス コード穴 木目調 テレビ台 ラック サイドチェスト リビング おしゃれ 北欧,"ホムブリスショップへようこそ
♪すべての商品は未開封の新品です
♪フォロー割あり
♪まとめ買い割あり：2点で2%OFF、3点で3%OFF、最大5%（一部商品適用外）
♪発送と送料：在庫品は1～2営業日以内に発送、再入荷商品は入荷後1～2営業日以内に発送いたします。北海道は基本的に追加送料不要です。沖縄への送料は別途お見積りが必須です。

【商品説明】

重量(kg): 42
長さ(cm): 110
幅(cm): 45
高さ(cm): 22
組立時重量: 35.00
組立時長さ: 100.00
組立時幅: 35.00
組立時高さ: 82.00
主要素材: Particle Board
主要カラー: Natural",ナチュラル,0,N511P475677N,,,,,,,,,,,,,,,,,,,,,,,,,,,,,,,,,,,,,,,15037,b5CQvm7At4c6xmfcX2xMeS,1,1,jp13,1,1,1,,,,,,,
"https://b2bfiles1.gigab2b.cn/image/wkseller/303/6902239c7d69ee9c4c275755d64b0955.jpg?x-cc=20&x-cu=28909&x-ct=1784098800&x-cs=913435f6686393b353b689ddeef00ea9""","https://b2bfiles1.gigab2b.cn/image/wkseller/303/fe1f28e4c8c75d2b84c27e964490e404.jpg?x-cc=20&x-cu=28909&x-ct=1784098800&x-cs=7bef5140b727b6bbff801a7daecb4e45""","https://b2bfiles1.gigab2b.cn/image/wkseller/303/a2bbc21c9411e8da765d10162ee6ba35.jpg?x-cc=20&x-cu=28909&x-ct=1784098800&x-cs=b6ba0d5f4496d965f62f9aa10f55baa9""","https://b2bfiles1.gigab2b.cn/image/wkseller/303/1c6fc82606ad11e6bd96a4d8dea96627.jpg?x-cc=20&x-cu=28909&x-ct=1784098800&x-cs=bd3c3a4941ce0dd97b99dd532c2a6c72""","https://b2bfiles1.gigab2b.cn/image/wkseller/303/c933f46e13e2b6f7dd7c64af283140f5.jpg?x-cc=20&x-cu=28909&x-ct=1784098800&x-cs=5cf7c13f5da795c1e8dc553a0cd63a67""","https://b2bfiles1.gigab2b.cn/image/wkseller/303/fa50cc05a69b07f028b26ba465dc63da.jpg?x-cc=20&x-cu=28909&x-ct=1784098800&x-cs=ce89ff15994d0ad88531c33d9939f10f""","https://b2bfiles1.gigab2b.cn/image/wkseller/303/f25b230630175b92452fab2ee1c57cb6.jpg?x-cc=20&x-cu=28909&x-ct=1784098800&x-cs=670f5ed208c30a5b37ca019c62bab556""","https://b2bfiles1.gigab2b.cn/image/wkseller/303/43371a3542b6cb0b105d64225f10e991.jpg?x-cc=20&x-cu=28909&x-ct=1784098800&x-cs=32ba1be1beaf5731e8b09d84d83d51d8""","https://b2bfiles1.gigab2b.cn/image/wkseller/303/37d0e7355d08e07ada601dbb2bb339d7.jpg?x-cc=20&x-cu=28909&x-ct=1784098800&x-cs=37713c3326e00c4c476e7c5e384c3c82""","https://b2bfiles1.gigab2b.cn/image/wkseller/303/8336b079abb76adb44e1fafe3eac751c.jpg?x-cc=20&x-cu=28909&x-ct=1784098800&x-cs=48bbac676c437231c06495663fef58b6""","https://b2bfiles1.gigab2b.cn/image/wkseller/303/53aeeb2c9498998b520544a5955851d1.png?x-cc=20&x-cu=28909&x-ct=1784098800&x-cs=b95624626696185b6e37b78754e38b70""","https://b2bfiles1.gigab2b.cn/image/wkseller/303/8b5f35d59ce958989199803c7d1693b9.JPG?x-cc=20&x-cu=28909&x-ct=1784098800&x-cs=35b3c638a19326a72ae9aa25050f18ff""","https://b2bfiles1.gigab2b.cn/image/wkseller/303/e467feb34a7f5d291ed76fbe041ee83d.JPG?x-cc=20&x-cu=28909&x-ct=1784098800&x-cs=9512cbc74068b3c8cb6ae371acd05fea""","https://b2bfiles1.gigab2b.cn/image/wkseller/303/2d7acc5c7a965f3b28b72878e69cf030.JPG?x-cc=20&x-cu=28909&x-ct=1784098800&x-cs=d56a1ef8ea37e267087fcdf4c599b772""","https://b2bfiles1.gigab2b.cn/image/wkseller/303/f16d6b9dbf00f5f60cf361675969d059.JPG?x-cc=20&x-cu=28909&x-ct=1784098800&x-cs=281c2667d4b5a071d33ca606b4c163c1""","https://b2bfiles1.gigab2b.cn/image/wkseller/303/135ec04280c601786ca4bf46987b7b3c.JPG?x-cc=20&x-cu=28909&x-ct=1784098800&x-cs=9a43bd870278374983b48edb1c443ec2""","https://b2bfiles1.gigab2b.cn/image/wkseller/303/dcf335ecf8f0ebe4e6846a6e114c5b5b.jpg?x-cc=20&x-cu=28909&x-ct=1784098800&x-cs=15870b6e80ae07b09408243510052efb""","https://b2bfiles1.gigab2b.cn/image/wkseller/303/d8cbf9d08f67451e00828f181f1b3710.jpg?x-cc=20&x-cu=28909&x-ct=1784098800&x-cs=f21accfa5b260dd7f15530c7e87491d0""","https://b2bfiles1.gigab2b.cn/image/wkseller/303/ae25a01b81c8f836efa5abf5becbf843.JPG?x-cc=20&x-cu=28909&x-ct=1784098800&x-cs=9676e9ac4b8cd7d8148935aec2c2e89e""",https://pub-606bcd6c031442e4959f73b5435fefd1.r2.dev/shipping-guide.png,【幅100cm】キャビネット 扉付き サイドボード リビングボード 脚付 木製脚 テレビ台 タンス 木製大容量収納 扉付きシェルフ コード穴 ローチェスト 衣類 収納 間仕切りカウンター おしゃれ リビング キッチン 収納棚 整理タンス 北欧,"ホムブリスショップへようこそ
♪すべての商品は未開封の新品です
♪フォロー割あり
♪まとめ買い割あり：2点で2%OFF、3点で3%OFF、最大5%（一部商品適用外）
♪発送と送料：在庫品は1～2営業日以内に発送、再入荷商品は入荷後1～2営業日以内に発送いたします。北海道は基本的に追加送料不要です。沖縄への送料は別途お見積りが必須です。

【商品説明】

重量(kg): 37
長さ(cm): 107
幅(cm): 44
高さ(cm): 23.5
組立時重量: 34.00
組立時長さ: 100.00
組立時幅: 36.50
組立時高さ: 85.50
主要素材: Particle Board
主要カラー: White",ホワイト,0,N511P475712W,,,,,,,,,,,,,,,,,,,,,,,,,,,,,,,,,,,,,,,14037,b5CQvm7At4c6xmfcX2xMeS,1,1,jp13,1,1,1,,,,,,,
"https://b2bfiles1.gigab2b.cn/image/wkseller/303/0ef3269c933b257f9a6110ae07f4abb8.jpg?x-cc=20&x-cu=28909&x-ct=1784098800&x-cs=6405f13fb7516fdb4e1e7148aa75fe36""","https://b2bfiles1.gigab2b.cn/image/wkseller/303/ca9ad1e1c98eef59d6693d79d727dc3d.jpg?x-cc=20&x-cu=28909&x-ct=1784098800&x-cs=5e49904f2edc52dc2b7c443a19e1bc04""","https://b2bfiles1.gigab2b.cn/image/wkseller/303/7b07575126a608977be0b07b29b1a7e6.jpg?x-cc=20&x-cu=28909&x-ct=1784098800&x-cs=176acd79a3d94af649bd1ffd78a7d811""","https://b2bfiles1.gigab2b.cn/image/wkseller/303/429c059fdbad3216bf0353e73a79e4ce.jpg?x-cc=20&x-cu=28909&x-ct=1784098800&x-cs=89eedb6e60eb86df36eaddadb33f1433""","https://b2bfiles1.gigab2b.cn/image/wkseller/303/7ea52d0962738084482f17a57fdcdfde.jpg?x-cc=20&x-cu=28909&x-ct=1784098800&x-cs=b7828efa86299678f13c4ec46a243036""","https://b2bfiles1.gigab2b.cn/image/wkseller/303/0378ce23ad88be8394ba8399c801df75.jpg?x-cc=20&x-cu=28909&x-ct=1784098800&x-cs=2565d9f03dc1a377f263bf76f17627fa""","https://b2bfiles1.gigab2b.cn/image/wkseller/303/922b8dc07a51ec7bf5c137c4c3024d86.jpg?x-cc=20&x-cu=28909&x-ct=1784098800&x-cs=62529745e26753c23b7b7d3e4003a2fe""","https://b2bfiles1.gigab2b.cn/image/wkseller/303/cca31185c07062c3e1031751fe99e247.jpg?x-cc=20&x-cu=28909&x-ct=1784098800&x-cs=212970ee576d5d53d1d244fd4e622df9""","https://b2bfiles1.gigab2b.cn/image/wkseller/303/20aa26c6624b45cc13e6206e4978be83.jpg?x-cc=20&x-cu=28909&x-ct=1784098800&x-cs=9b4c32087bf689a9c23ae809cc507920""","https://b2bfiles1.gigab2b.cn/image/wkseller/303/27c8e6e8ff201cb131882a5bfa48eacc.jpg?x-cc=20&x-cu=28909&x-ct=1784098800&x-cs=2b229b6dd21b0643b046c846d1289d2d""","https://b2bfiles1.gigab2b.cn/image/wkseller/303/9bf1645ff5dc88ed3d5a7608214e0067.jpg?x-cc=20&x-cu=28909&x-ct=1784098800&x-cs=99452ad79693cbd79c7e3ab3be5b7171""","https://b2bfiles1.gigab2b.cn/image/wkseller/303/46b9674a8ce4d2cbf76f42ab9a788b78.jpg?x-cc=20&x-cu=28909&x-ct=1784098800&x-cs=eb1c1691d84234ad51e5ae3e6e98f464""","https://b2bfiles1.gigab2b.cn/image/wkseller/303/0168c7c7a8b7b51fd0e605a226212475.jpg?x-cc=20&x-cu=28909&x-ct=1784098800&x-cs=61ac931fd4ccb54644068516e864f454""","https://b2bfiles1.gigab2b.cn/image/wkseller/303/5ee724081a1caf65dfd78b2a09352d45.jpg?x-cc=20&x-cu=28909&x-ct=1784098800&x-cs=26114d980a690d65b46a94628271cafa""","https://b2bfiles1.gigab2b.cn/image/wkseller/303/a5d17b9f744fb09456d037759d31aa3a.JPG?x-cc=20&x-cu=28909&x-ct=1784098800&x-cs=3427fa206dfac76083c4c8410e5e5403""","https://b2bfiles1.gigab2b.cn/image/wkseller/303/1458c57a4b2b04131a3710ecccc9bba7.jpg?x-cc=20&x-cu=28909&x-ct=1784098800&x-cs=5dcbb6dafc6cb2397ed2d73c3d04405a""","https://b2bfiles1.gigab2b.cn/image/wkseller/303/111b9310c3bfc5727039a5fa10c24d29.jpg?x-cc=20&x-cu=28909&x-ct=1784098800&x-cs=555cc53d11c4bc8f69dc49d0ac10e9bd""","https://b2bfiles1.gigab2b.cn/image/wkseller/303/640767de4fbb76ef51940c5bd5e069da.jpg?x-cc=20&x-cu=28909&x-ct=1784098800&x-cs=0f799ae163958fdcb1993e7fd18302d8""","https://b2bfiles1.gigab2b.cn/image/wkseller/303/27cc90ccd93c2cdf31950ad83ce57260.jpg?x-cc=20&x-cu=28909&x-ct=1784098800&x-cs=ecb118c9b56c97d93e34f58c378a4572""",https://pub-606bcd6c031442e4959f73b5435fefd1.r2.dev/shipping-guide.png,キャビネット 2段 サイドボード リビングボード 脚付 テレビ台 木製  食器棚 大容量収納 扉付きシェルフ コード穴 ローチェスト 衣類 収納 間仕切りカウンター おしゃれ リビング キッチン 収納棚 整理タンス 北欧,"ホムブリスショップへようこそ
♪すべての商品は未開封の新品です
♪フォロー割あり
♪まとめ買い割あり：2点で2%OFF、3点で3%OFF、最大5%（一部商品適用外）
♪発送と送料：在庫品は1～2営業日以内に発送、再入荷商品は入荷後1～2営業日以内に発送いたします。北海道は基本的に追加送料不要です。沖縄への送料は別途お見積りが必須です。

【商品説明】

重量(kg): 25
長さ(cm): 87
幅(cm): 49
高さ(cm): 18.5
組立時重量: 18.00
組立時長さ: 80.00
組立時幅: 39.00
組立時高さ: 80.00
主要素材: Particle Board
主要カラー: Brown",ブラウン,0,N511P475714B,,,,,,,,,,,,,,,,,,,,,,,,,,,,,,,,,,,,,,,11909,b5CQvm7At4c6xmfcX2xMeS,1,1,jp13,1,1,1,,,,,,,
"https://b2bfiles1.gigab2b.cn/image/wkseller/303/9a2bc43db9f52cbea220ff1b0e1fe4f1.jpg?x-cc=20&x-cu=28909&x-ct=1784098800&x-cs=62b5dc0826e09df818deeb1aaa07f270""","https://b2bfiles1.gigab2b.cn/image/wkseller/303/31fddf933ea37814cbb0d760b39a17b1.jpg?x-cc=20&x-cu=28909&x-ct=1784098800&x-cs=9607c245d8f1ad002b8250ceae1f8981""","https://b2bfiles1.gigab2b.cn/image/wkseller/303/6b7f72060ba30552ed0ae943758453f1.jpg?x-cc=20&x-cu=28909&x-ct=1784098800&x-cs=88aee7ab2419b50f8de6c42557f2b564""","https://b2bfiles1.gigab2b.cn/image/wkseller/303/80d961e546a9f3144ee80319c2b4c729.jpg?x-cc=20&x-cu=28909&x-ct=1784098800&x-cs=a0468390a33ee41c08b322615557ba2f""","https://b2bfiles1.gigab2b.cn/image/wkseller/303/0b7a3aad73001762edda019d8b1a7d1d.jpg?x-cc=20&x-cu=28909&x-ct=1784098800&x-cs=d707638937abcb1184b4ce4be74b1d70""","https://b2bfiles1.gigab2b.cn/image/wkseller/303/3fe4c2eba6dbf6a1beb874ecc2238e6f.jpg?x-cc=20&x-cu=28909&x-ct=1784098800&x-cs=83b2a63784694981499fdb0920882ef3""","https://b2bfiles1.gigab2b.cn/image/wkseller/303/76a9a31889efdf1369a8d377e74f93ea.jpg?x-cc=20&x-cu=28909&x-ct=1784098800&x-cs=925c60bb5af860e44f3a988397fd41f2""","https://b2bfiles1.gigab2b.cn/image/wkseller/303/cb5f0463c8093622a9e75a012c130e80.jpg?x-cc=20&x-cu=28909&x-ct=1784098800&x-cs=700de33b8bbe0bf34602291b548b0df9""","https://b2bfiles1.gigab2b.cn/image/wkseller/303/170aa7145a2d919207b2ad1a9ed9dffe.jpg?x-cc=20&x-cu=28909&x-ct=1784098800&x-cs=668fa85f3c2e6c1ae3900a9265388214""","https://b2bfiles1.gigab2b.cn/image/wkseller/303/9d62c971a664d6636b4ba57eac03ef94.jpg?x-cc=20&x-cu=28909&x-ct=1784098800&x-cs=8fcbb5401a46c4caab92e5c26594372c""","https://b2bfiles1.gigab2b.cn/image/wkseller/303/554cc9435215972f793b25db1c66443b.jpg?x-cc=20&x-cu=28909&x-ct=1784098800&x-cs=5aa34a4e5d3d78cf2809b2c1a5a14514""","https://b2bfiles1.gigab2b.cn/image/wkseller/303/ef8200bf36547947a6fbbcd35b9460ca.jpg?x-cc=20&x-cu=28909&x-ct=1784098800&x-cs=ddd5eb1345043b3c838a3d71e8e9caf7""","https://b2bfiles1.gigab2b.cn/image/wkseller/303/b9e2a99f037a21fa90864ce5806d09a4.jpg?x-cc=20&x-cu=28909&x-ct=1784098800&x-cs=7a5f56aca0077e750fac5254fae73e80""","https://b2bfiles1.gigab2b.cn/image/wkseller/303/e60da43ab9f54f9a3a58bc47d4b20a65.jpg?x-cc=20&x-cu=28909&x-ct=1784098800&x-cs=80396444e78fcf2226ec06abbc1a9078""","https://b2bfiles1.gigab2b.cn/image/wkseller/303/d7461457214d3d116379d6d77c32b489.jpg?x-cc=20&x-cu=28909&x-ct=1784098800&x-cs=9691c9e9adbab9a1a789b4e803609248""","https://b2bfiles1.gigab2b.cn/image/wkseller/303/88061eb122106f3673f7fbb71fad0e0c.JPG?x-cc=20&x-cu=28909&x-ct=1784098800&x-cs=9e1c10b4aff1e99c5ea988601804cd6b""","https://b2bfiles1.gigab2b.cn/image/wkseller/303/2323f33ac2a3642ab17ea8855309eed1.JPG?x-cc=20&x-cu=28909&x-ct=1784098800&x-cs=5926d0dfb3f6585b98db342fbebcad8c""","https://b2bfiles1.gigab2b.cn/image/wkseller/303/780163bbe27b887997e7b04ab4781720.JPG?x-cc=20&x-cu=28909&x-ct=1784098800&x-cs=1529f69a065bc958349dbf2babfa194b""","https://b2bfiles1.gigab2b.cn/image/wkseller/303/7ef84876ababa7cf70942f71fdc568d0.jpg?x-cc=20&x-cu=28909&x-ct=1784098800&x-cs=7ac7ba6b9a20b459657fe332d18ce56b""",https://pub-606bcd6c031442e4959f73b5435fefd1.r2.dev/shipping-guide.png,ロフトベッド 木製 高さ140cm シングル ロフト ベッド はしご 大人用 ロフト 子供ベッド 木製ベッド 天然木 頑丈 耐震 収納 揺れ対策 子供 大人,"ホムブリスショップへようこそ
♪すべての商品は未開封の新品です
♪フォロー割あり
♪まとめ買い割あり：2点で2%OFF、3点で3%OFF、最大5%（一部商品適用外）
♪発送と送料：在庫品は1～2営業日以内に発送、再入荷商品は入荷後1～2営業日以内に発送いたします。北海道は基本的に追加送料不要です。沖縄への送料は別途お見積りが必須です。

【商品説明】

重量(kg): 30
長さ(cm): 198
幅(cm): 30.5
高さ(cm): 25
組立時重量: 1.00
組立時長さ: 1.00
組立時幅: 1.00
組立時高さ: 1.00
主要素材: Wood
主要カラー: Natural",ナチュラル,0,N511P488881N,,,,,,,,,,,,,,,,,,,,,,,,,,,,,,,,,,,,,,,24983,TH4acvDBAupdG2TnrVGVuC,1,1,jp13,1,1,1,,,,,,,
"https://b2bfiles1.gigab2b.cn/image/wkseller/301/20230730_d00941b9d31633910072611d6f738a45.jpg?x-cc=20&x-cu=28909&x-ct=1784098800&x-cs=da061749156f963052d50eefee39b3f1""","https://b2bfiles1.gigab2b.cn/image/wkseller/301/5e1eb73ccb42b9acf8f67533e87e4337.jpg?x-cc=20&x-cu=28909&x-ct=1784098800&x-cs=70dd51f0be7cb9fc9cce071eb13fb9f4""","https://b2bfiles1.gigab2b.cn/image/wkseller/301/197909e06b4674ac214224f3da5c28fc.jpg?x-cc=20&x-cu=28909&x-ct=1784098800&x-cs=03cec5fe53dc70c64ebba24e9457a276""","https://b2bfiles1.gigab2b.cn/image/wkseller/301/8c38937a38a6b60e2d01b1eabf53bd8d.jpg?x-cc=20&x-cu=28909&x-ct=1784098800&x-cs=5109440d0513f60c1d55e8d61be45991""","https://b2bfiles1.gigab2b.cn/image/wkseller/301/ffbae3aa7f517a803ec290d6e037a46b.jpg?x-cc=20&x-cu=28909&x-ct=1784098800&x-cs=59f42357e574cf97343c92e8dac2ffa1""","https://b2bfiles1.gigab2b.cn/image/wkseller/301/20230730_668249f2071ab3a1205a7f527ef00abf.jpg?x-cc=20&x-cu=28909&x-ct=1784098800&x-cs=2683234ab71de5b6101c7263683d2f5e""","https://b2bfiles1.gigab2b.cn/image/wkseller/301/20230730_657664203352293ab91f4521bbd56f29.jpg?x-cc=20&x-cu=28909&x-ct=1784098800&x-cs=c86559ea7755c1f1da6d72c4114c25ec""","https://b2bfiles1.gigab2b.cn/image/wkseller/301/20230730_953d55fa2a44f5594b53a71d8389cace.jpg?x-cc=20&x-cu=28909&x-ct=1784098800&x-cs=6f8ca2e5ff319b4316106bcae952902d""","https://b2bfiles1.gigab2b.cn/image/wkseller/301/20230801_b4c94db15ea433a3f889f9de4615ee22.jpg?x-cc=20&x-cu=28909&x-ct=1784098800&x-cs=af25a226b28a6480a8c6d691a44412ad""","https://b2bfiles1.gigab2b.cn/image/wkseller/301/20230801_f5c1b68393700e9a56031ba2fecb74dd.jpg?x-cc=20&x-cu=28909&x-ct=1784098800&x-cs=528843656655ded05f1a8e1615a5679c""","https://b2bfiles1.gigab2b.cn/image/wkseller/301/20230801_a1ab83346a076ca4b36ab93598e65db8.jpg?x-cc=20&x-cu=28909&x-ct=1784098800&x-cs=edb758a04f3e1c743a9fab7b43b5044e""","https://b2bfiles1.gigab2b.cn/image/wkseller/301/20230801_27aa3d16ad0fa8e4ba5d8b8d6e193735.jpg?x-cc=20&x-cu=28909&x-ct=1784098800&x-cs=19ccf5666c002fa1ed4103362013ed18""","https://b2bfiles1.gigab2b.cn/image/wkseller/301/20230801_68907dab5d2a4f174e6e04ba03caef91.jpg?x-cc=20&x-cu=28909&x-ct=1784098800&x-cs=f6a91c71a830fa453a7d5f8dd94862a4""","https://b2bfiles1.gigab2b.cn/image/wkseller/301/20230801_92d8addae8fc8693fec3ef7b5dc0fdfa.jpg?x-cc=20&x-cu=28909&x-ct=1784098800&x-cs=d27988f54aad0aaa58fa8a64acc3903d""","https://b2bfiles1.gigab2b.cn/image/wkseller/301/20230801_efd468cb8c50d79fe7ca6b727bdb0184.jpg?x-cc=20&x-cu=28909&x-ct=1784098800&x-cs=0855c39fa93f05c5051ea974349be8bb""","https://b2bfiles1.gigab2b.cn/image/wkseller/301/20230730_01ea073ee276dbf91fe5b5c30b85ab75.jpg?x-cc=20&x-cu=28909&x-ct=1784098800&x-cs=a5898362a6d5ffab311fa279f1b7aede""","https://b2bfiles1.gigab2b.cn/image/wkseller/301/20230730_a8f98a56790bbff75bc9b2c75bb28e22.jpg?x-cc=20&x-cu=28909&x-ct=1784098800&x-cs=ef4b869df5bfa51085aab050a3a51996""","https://b2bfiles1.gigab2b.cn/image/wkseller/301/20230730_2ec9cbeaa62b42c84762f3c33e6e71a3.jpg?x-cc=20&x-cu=28909&x-ct=1784098800&x-cs=591245f85c7cbab58d3a8faafb8b6675""","https://b2bfiles1.gigab2b.cn/image/wkseller/301/20230730_46467c22ac6950a60ca1b9f03589b53a.jpg?x-cc=20&x-cu=28909&x-ct=1784098800&x-cs=4a1737a145ee544d1e4574a3de6b5d6d""",https://pub-606bcd6c031442e4959f73b5435fefd1.r2.dev/shipping-guide.png,【ホワイト】ロフトベッド パイプベッド サイド棚付き  シングルベッド 木 収納 北欧風 子供部屋スチール 耐震,"ホムブリスショップへようこそ
♪すべての商品は未開封の新品です
♪フォロー割あり
♪まとめ買い割あり：2点で2%OFF、3点で3%OFF、最大5%（一部商品適用外）
♪発送と送料：在庫品は1～2営業日以内に発送、再入荷商品は入荷後1～2営業日以内に発送いたします。北海道は基本的に追加送料不要です。沖縄への送料は別途お見積りが必須です。

【商品説明】

重量(kg): 35.65
長さ(cm): 104
幅(cm): 43
高さ(cm): 27
組立時重量: Not Applicable
組立時長さ: Not Applicable
組立時幅: Not Applicable
組立時高さ: Not Applicable
主要素材: Metal
主要カラー: White",ホワイト,0,N512P403859A,,,,,,,,,,,,,,,,,,,,,,,,,,,,,,,,,,,,,,,20557,TH4acvDBAupdG2TnrVGVuC,1,1,jp13,1,1,1,,,,,,,
"https://b2bfiles1.gigab2b.cn/image/wkseller/301/a8580a5e2ca700bf0903bec685e4d99f.jpg?x-cc=20&x-cu=28909&x-ct=1784098800&x-cs=6e21f4edbb9d8de88aca152d17fa632b""","https://b2bfiles1.gigab2b.cn/image/wkseller/301/1334863b5c9158201e1060bb536813d5.jpg?x-cc=20&x-cu=28909&x-ct=1784098800&x-cs=40cb218176c76fa6bad66e2704efe070""","https://b2bfiles1.gigab2b.cn/image/wkseller/301/04f7c44e93da0c828179c9e09f2b744f.jpg?x-cc=20&x-cu=28909&x-ct=1784098800&x-cs=29ddf3211b7987169fc857d9c045bd8a""","https://b2bfiles1.gigab2b.cn/image/wkseller/301/5148ce8dd6c2fdb8b0c076b90fec734b.jpg?x-cc=20&x-cu=28909&x-ct=1784098800&x-cs=9ae4087aa371df65d79bd43339e8cdb9""","https://b2bfiles1.gigab2b.cn/image/wkseller/301/24727191da9e11ca5e9611f459630738.jpg?x-cc=20&x-cu=28909&x-ct=1784098800&x-cs=bd79de0b114f22fefd682ad89a410cc4""","https://b2bfiles1.gigab2b.cn/image/wkseller/301/5a32bbdf27e0282fdcf54bf77d14ca02.jpg?x-cc=20&x-cu=28909&x-ct=1784098800&x-cs=e7bcd0345fcd0c8448d4e12f0bf562db""","https://b2bfiles1.gigab2b.cn/image/wkseller/301/4819617a66055780ae3603c1d9bd598c.jpg?x-cc=20&x-cu=28909&x-ct=1784098800&x-cs=3115f8ca8dfbd29938f4ec27c8123c61""","https://b2bfiles1.gigab2b.cn/image/wkseller/301/565180d06ad517cbbde9c1d056add69b.jpg?x-cc=20&x-cu=28909&x-ct=1784098800&x-cs=de9917a3e2b20fc012d4149ca5649c81""","https://b2bfiles1.gigab2b.cn/image/wkseller/301/f96bf67b2307ae6fd53788b789685102.jpg?x-cc=20&x-cu=28909&x-ct=1784098800&x-cs=eb8164bfeb5e6bbe5884817f3c00d5cb""","https://b2bfiles1.gigab2b.cn/image/wkseller/301/08d7a49cb361d9e1311f011e9da1c961.jpg?x-cc=20&x-cu=28909&x-ct=1784098800&x-cs=148f097c46f24725543ef8b91ecf03aa""","https://b2bfiles1.gigab2b.cn/image/wkseller/301/edf3c8e2b035692cce45b851b6d16540.jpg?x-cc=20&x-cu=28909&x-ct=1784098800&x-cs=dd9fb25086bbb73b9770f21cc3f9722a""","https://b2bfiles1.gigab2b.cn/image/wkseller/301/e7d845fabdf74af42158be981dc551eb.jpg?x-cc=20&x-cu=28909&x-ct=1784098800&x-cs=dff206d68c1b497781bc8684bd6518d4""","https://b2bfiles1.gigab2b.cn/image/wkseller/301/3ebef572d2fccf42e93b0fbd5b2078d0.jpg?x-cc=20&x-cu=28909&x-ct=1784098800&x-cs=57a5a7c8a25ce93caec3b2aefe3221f0""","https://b2bfiles1.gigab2b.cn/image/wkseller/301/59bf14556c313e4a513c849245688d54.jpg?x-cc=20&x-cu=28909&x-ct=1784098800&x-cs=ac3fda3b4a7f8844fe98293056836985""","https://b2bfiles1.gigab2b.cn/image/wkseller/301/2ba5a2aa2e39f99378968849bdbe6f79.jpg?x-cc=20&x-cu=28909&x-ct=1784098800&x-cs=0d9bf416604f06ca76db960fc263cddf""","https://b2bfiles1.gigab2b.cn/image/wkseller/301/08ed8775adeabd5663c547e1b521d025.jpg?x-cc=20&x-cu=28909&x-ct=1784098800&x-cs=9d01a59b07b4de89ed89c212a74670ae""","https://b2bfiles1.gigab2b.cn/image/wkseller/301/3308e37775f3f535a58ca03f07f4ad3b.jpg?x-cc=20&x-cu=28909&x-ct=1784098800&x-cs=7bc06fd3cb36ae1bf84caaf438024768""","https://b2bfiles1.gigab2b.cn/image/wkseller/301/48fc043d88a67a0a3f2790255da12dba.jpg?x-cc=20&x-cu=28909&x-ct=1784098800&x-cs=2860931a21e64965c831af273dde7b9c""","https://b2bfiles1.gigab2b.cn/image/wkseller/301/9687cfbbc21a296f1d377e78c52a514e.jpg?x-cc=20&x-cu=28909&x-ct=1784098800&x-cs=1412141b516f9c20092df98c5f789fab""",https://pub-606bcd6c031442e4959f73b5435fefd1.r2.dev/shipping-guide.png,『数量限定セール』 【 組立品 】木製ベッド 天然木 2way ディベッド  折り畳み ソファ ベッドフレーム すのこベッド リビング シングル ソファベッド 省スペース 来客用 ワンルーム スノコ ローベッド 下収納 キャスター付き おしゃれ,"ホムブリスショップへようこそ
♪すべての商品は未開封の新品です
♪フォロー割あり
♪まとめ買い割あり：2点で2%OFF、3点で3%OFF、最大5%（一部商品適用外）
♪発送と送料：在庫品は1～2営業日以内に発送、再入荷商品は入荷後1～2営業日以内に発送いたします。北海道は基本的に追加送料不要です。沖縄への送料は別途お見積りが必須です。

【商品説明】

重量(kg): 20.65
長さ(cm): 100.5
幅(cm): 27
高さ(cm): 12.5
組立時重量: Not Applicable
組立時長さ: Not Applicable
組立時幅: Not Applicable
組立時高さ: Not Applicable
主要素材: Solid Wood
主要カラー: Natural",ナチュラル,0,N512P464014A,,,,,,,,,,,,,,,,,,,,,,,,,,,,,,,,,,,,,,,16801,fv7NAWJqfaqqh7GsP7q2dN,1,1,jp13,1,1,1,,,,,,,
"https://b2bfiles1.gigab2b.cn/image/wkseller/301/6d00d2fff44881c308503fa79c1ea9af.jpg?x-cc=20&x-cu=28909&x-ct=1784098800&x-cs=9327c66b1474c6eb77a0438dbf2941c5""","https://b2bfiles1.gigab2b.cn/image/wkseller/301/c6cb35f738fbffbff20ff3e1b6a74af7.jpg?x-cc=20&x-cu=28909&x-ct=1784098800&x-cs=53d74311cbf78505cb392124bb3a18aa""","https://b2bfiles1.gigab2b.cn/image/wkseller/301/54fe8705482719c981366cd5f256781a.jpg?x-cc=20&x-cu=28909&x-ct=1784098800&x-cs=d9e7d6780f28a31a36325cd328faa041""","https://b2bfiles1.gigab2b.cn/image/wkseller/301/db904afb0bd6966a23fc1b931566b7b1.jpg?x-cc=20&x-cu=28909&x-ct=1784098800&x-cs=4a9360218996f7635f362e710dee26a8""","https://b2bfiles1.gigab2b.cn/image/wkseller/301/376a84a1f218564801a6d8261c680dc7.jpg?x-cc=20&x-cu=28909&x-ct=1784098800&x-cs=6a40cfa6791b89ae3d6b552166012539""","https://b2bfiles1.gigab2b.cn/image/wkseller/301/52a370214b62d5ea7fdd1f20db110a0a.jpg?x-cc=20&x-cu=28909&x-ct=1784098800&x-cs=091b9f36273ae41d65c8fd2da475914d""","https://b2bfiles1.gigab2b.cn/image/wkseller/301/2bc4938094649a63d58ad432d8b167f4.jpg?x-cc=20&x-cu=28909&x-ct=1784098800&x-cs=909554851f74ef92c3fb1ad04d7ec97e""","https://b2bfiles1.gigab2b.cn/image/wkseller/301/ddf593aeec41ab1a624042747451f553.jpg?x-cc=20&x-cu=28909&x-ct=1784098800&x-cs=495d3b61c4b546b6f25a225d95d24d55""","https://b2bfiles1.gigab2b.cn/image/wkseller/301/b3759c9d27a5f5e06868c6f51a4382ab.jpg?x-cc=20&x-cu=28909&x-ct=1784098800&x-cs=91643ec15e7b15cf82087c980a6cbf56""","https://b2bfiles1.gigab2b.cn/image/wkseller/301/1b466d496643058bfac370b7b99ff0b9.jpg?x-cc=20&x-cu=28909&x-ct=1784098800&x-cs=015ee71b349694aa4c344976db97fb6f""","https://b2bfiles1.gigab2b.cn/image/wkseller/301/0d63a97270e7e3034f372b4a4efe6483.jpg?x-cc=20&x-cu=28909&x-ct=1784098800&x-cs=9b999c77929da4c4fc1e0e25540f355b""","https://b2bfiles1.gigab2b.cn/image/wkseller/301/df69be72a18c5faf0faaf927e3d8e97a.jpg?x-cc=20&x-cu=28909&x-ct=1784098800&x-cs=5dc2a489d4da4e6d2e32856ce726ca8a""","https://b2bfiles1.gigab2b.cn/image/wkseller/301/cc0cdc389635129bcac25b9064fa0b4d.jpg?x-cc=20&x-cu=28909&x-ct=1784098800&x-cs=83ed61de9dac1055eed1ac45607e377d""","https://b2bfiles1.gigab2b.cn/image/wkseller/301/9559cfe5d012423a56a3441db3b0dc0e.jpg?x-cc=20&x-cu=28909&x-ct=1784098800&x-cs=dca6c4def663bafa062b67b12d481793""","https://b2bfiles1.gigab2b.cn/image/wkseller/301/a29fd615126c13d7d8aaa3617cbdfc24.jpg?x-cc=20&x-cu=28909&x-ct=1784098800&x-cs=e8363ec3e8e2f4ad94438ebf9905e887""","https://b2bfiles1.gigab2b.cn/image/wkseller/301/f6e618c77523d320421045a740f33bfb.jpg?x-cc=20&x-cu=28909&x-ct=1784098800&x-cs=804c4a7d6278af8d407609cc776a3c58""","https://b2bfiles1.gigab2b.cn/image/wkseller/301/04a847bcf927a007edec533c4431d950.JPG?x-cc=20&x-cu=28909&x-ct=1784098800&x-cs=4398256935afa7a21c631651e23bdec9""","https://b2bfiles1.gigab2b.cn/image/wkseller/301/71a5a79e591f0b9ea7ba1c08ed5ec6d3.JPG?x-cc=20&x-cu=28909&x-ct=1784098800&x-cs=af4a809f6781771704ba28dfbed570ab""","https://b2bfiles1.gigab2b.cn/image/wkseller/301/5bd5d4210669d57f77a0eb99286afbff.JPG?x-cc=20&x-cu=28909&x-ct=1784098800&x-cs=18ea2e3ceeadb58e4f8d41a173e1ad7b""",https://pub-606bcd6c031442e4959f73b5435fefd1.r2.dev/shipping-guide.png,天然木 オモチャ収納 ラック おもちゃ箱 おしゃれ ワイドタイプ 大容量 組立カンタン 絵本棚 絵本ラック 収納 本棚 ブックラック コンパクト 大容量 おしゃれ 入学 入園 新生活 出産祝い プレゼント,"ホムブリスショップへようこそ
♪すべての商品は未開封の新品です
♪フォロー割あり
♪まとめ買い割あり：2点で2%OFF、3点で3%OFF、最大5%（一部商品適用外）
♪発送と送料：在庫品は1～2営業日以内に発送、再入荷商品は入荷後1～2営業日以内に発送いたします。北海道は基本的に追加送料不要です。沖縄への送料は別途お見積りが必須です。

【商品説明】

重量(kg): 15
長さ(cm): 97
幅(cm): 34
高さ(cm): 28
組立時重量: Not Applicable
組立時長さ: Not Applicable
組立時幅: Not Applicable
組立時高さ: Not Applicable
主要素材: Solid Wood
主要カラー: Natural",ナチュラル,1,N512P475932N,,,,,,,,,,,,,,,,,,,,,,,,,,,,,,,,,,,,,,,11001,WXcJXc3PG3BtQ2sEXrhPYC,1,1,jp13,1,1,1,,,,,,,
"https://b2bfiles1.gigab2b.cn/image/wkseller/301/1e5c4fda39c6186e8086e0b139849f0d.jpg?x-cc=20&x-cu=28909&x-ct=1784098800&x-cs=2a08ade165e87981067aa1fe6ea5da93""","https://b2bfiles1.gigab2b.cn/image/wkseller/301/1b466d496643058bfac370b7b99ff0b9.jpg?x-cc=20&x-cu=28909&x-ct=1784098800&x-cs=015ee71b349694aa4c344976db97fb6f""","https://b2bfiles1.gigab2b.cn/image/wkseller/301/db904afb0bd6966a23fc1b931566b7b1.jpg?x-cc=20&x-cu=28909&x-ct=1784098800&x-cs=4a9360218996f7635f362e710dee26a8""","https://b2bfiles1.gigab2b.cn/image/wkseller/301/c6cb35f738fbffbff20ff3e1b6a74af7.jpg?x-cc=20&x-cu=28909&x-ct=1784098800&x-cs=53d74311cbf78505cb392124bb3a18aa""","https://b2bfiles1.gigab2b.cn/image/wkseller/301/25477cd4dac2ff5fc338b582edfedac9.jpg?x-cc=20&x-cu=28909&x-ct=1784098800&x-cs=63d70981e9b87f18966a2da2b58d9f5c""","https://b2bfiles1.gigab2b.cn/image/wkseller/301/376a84a1f218564801a6d8261c680dc7.jpg?x-cc=20&x-cu=28909&x-ct=1784098800&x-cs=6a40cfa6791b89ae3d6b552166012539""","https://b2bfiles1.gigab2b.cn/image/wkseller/301/52a370214b62d5ea7fdd1f20db110a0a.jpg?x-cc=20&x-cu=28909&x-ct=1784098800&x-cs=091b9f36273ae41d65c8fd2da475914d""","https://b2bfiles1.gigab2b.cn/image/wkseller/301/2bc4938094649a63d58ad432d8b167f4.jpg?x-cc=20&x-cu=28909&x-ct=1784098800&x-cs=909554851f74ef92c3fb1ad04d7ec97e""","https://b2bfiles1.gigab2b.cn/image/wkseller/301/ddf593aeec41ab1a624042747451f553.jpg?x-cc=20&x-cu=28909&x-ct=1784098800&x-cs=495d3b61c4b546b6f25a225d95d24d55""","https://b2bfiles1.gigab2b.cn/image/wkseller/301/b3759c9d27a5f5e06868c6f51a4382ab.jpg?x-cc=20&x-cu=28909&x-ct=1784098800&x-cs=91643ec15e7b15cf82087c980a6cbf56""","https://b2bfiles1.gigab2b.cn/image/wkseller/301/0d63a97270e7e3034f372b4a4efe6483.jpg?x-cc=20&x-cu=28909&x-ct=1784098800&x-cs=9b999c77929da4c4fc1e0e25540f355b""","https://b2bfiles1.gigab2b.cn/image/wkseller/301/df69be72a18c5faf0faaf927e3d8e97a.jpg?x-cc=20&x-cu=28909&x-ct=1784098800&x-cs=5dc2a489d4da4e6d2e32856ce726ca8a""","https://b2bfiles1.gigab2b.cn/image/wkseller/301/cc0cdc389635129bcac25b9064fa0b4d.jpg?x-cc=20&x-cu=28909&x-ct=1784098800&x-cs=83ed61de9dac1055eed1ac45607e377d""","https://b2bfiles1.gigab2b.cn/image/wkseller/301/9559cfe5d012423a56a3441db3b0dc0e.jpg?x-cc=20&x-cu=28909&x-ct=1784098800&x-cs=dca6c4def663bafa062b67b12d481793""","https://b2bfiles1.gigab2b.cn/image/wkseller/301/512e9510e0503a76f6d45279e085700f.jpg?x-cc=20&x-cu=28909&x-ct=1784098800&x-cs=b41dabd54af9795bb12fa2d04556b428""","https://b2bfiles1.gigab2b.cn/image/wkseller/301/ef0ed58364dbe15a5a0a3ed5b0bb4d81.jpg?x-cc=20&x-cu=28909&x-ct=1784098800&x-cs=fb705938b6cf278a891357f5b5c0da51""","https://b2bfiles1.gigab2b.cn/image/wkseller/301/e34c2b5187ea57b6447b310ecde85846.jpg?x-cc=20&x-cu=28909&x-ct=1784098800&x-cs=eed004ed8e3808cfcee088e4256fb212""","https://b2bfiles1.gigab2b.cn/image/wkseller/301/59f3b30ab7cdb13a7f93cd6be98657ab.jpg?x-cc=20&x-cu=28909&x-ct=1784098800&x-cs=5df4bec34356f092042d289813ee246e""","https://b2bfiles1.gigab2b.cn/image/wkseller/301/0e44d4f2941c8f7db0130becec25f7e3.jpg?x-cc=20&x-cu=28909&x-ct=1784098800&x-cs=bd6d3f937228bce6b56e9df55b12b20a""",https://pub-606bcd6c031442e4959f73b5435fefd1.r2.dev/shipping-guide.png,天然木 オモチャ収納 ラック おもちゃ箱 おしゃれ ワイドタイプ 大容量 組立カンタン 絵本棚 絵本ラック 収納 本棚 ブックラック コンパクト 大容量 おしゃれ 入学 入園 新生活 出産祝い プレゼント,"ホムブリスショップへようこそ
♪すべての商品は未開封の新品です
♪フォロー割あり
♪まとめ買い割あり：2点で2%OFF、3点で3%OFF、最大5%（一部商品適用外）
♪発送と送料：在庫品は1～2営業日以内に発送、再入荷商品は入荷後1～2営業日以内に発送いたします。北海道は基本的に追加送料不要です。沖縄への送料は別途お見積りが必須です。

【商品説明】

重量(kg): 15
長さ(cm): 97
幅(cm): 34
高さ(cm): 28
組立時重量: Not Applicable
組立時長さ: Not Applicable
組立時幅: Not Applicable
組立時高さ: Not Applicable
主要素材: Solid Wood
主要カラー: White",ホワイト,0,N512P475932W,,,,,,,,,,,,,,,,,,,,,,,,,,,,,,,,,,,,,,,11001,WXcJXc3PG3BtQ2sEXrhPYC,1,1,jp13,1,1,1,,,,,,,
"https://b2bfiles1.gigab2b.cn/image/wkseller/301/WF194269/20210122_884fd144b3045408edc7a32bc734a484.jpg?x-cc=20&x-cu=28909&x-ct=1784098800&x-cs=54a71cf70e9a2b22c743a411da25d688""","https://b2bfiles1.gigab2b.cn/image/wkseller/301/ff889c1225410bf93df8e30fdeef074c.jpg?x-cc=20&x-cu=28909&x-ct=1784098800&x-cs=a6f59430a4a3efb75b7e71c16aea5ba6""","https://b2bfiles1.gigab2b.cn/image/wkseller/301/807b5288729b623bcc450f5f13cf6092.jpg?x-cc=20&x-cu=28909&x-ct=1784098800&x-cs=4c2a8e732a454ce2446c1b1b24fff3ec""","https://b2bfiles1.gigab2b.cn/image/wkseller/301/492ecb2d5898debf919d4eee7acbd08a.jpg?x-cc=20&x-cu=28909&x-ct=1784098800&x-cs=110d4221996b1764aa9c5eeadcad5f7a""","https://b2bfiles1.gigab2b.cn/image/wkseller/301/9a5c9ad66abecc0fa99a1057ff4e8d37.jpg?x-cc=20&x-cu=28909&x-ct=1784098800&x-cs=582ad862a464b4e745afe6f6090cd519""","https://b2bfiles1.gigab2b.cn/image/wkseller/301/46978406830eadd0ac3dbbf40e8de8cf.jpg?x-cc=20&x-cu=28909&x-ct=1784098800&x-cs=c9341a8220100e62178d89c0d4970468""","https://b2bfiles1.gigab2b.cn/image/wkseller/301/aa1efe1994f3e2f680bacc254a8b9bb8.jpg?x-cc=20&x-cu=28909&x-ct=1784098800&x-cs=398b93c1092b4f97ada35217965ea002""","https://b2bfiles1.gigab2b.cn/image/wkseller/301/66aaa9fc9f2c2a041912d471296c78e2.jpg?x-cc=20&x-cu=28909&x-ct=1784098800&x-cs=1e57213b0eafe57e03451f8126e13a95""","https://b2bfiles1.gigab2b.cn/image/wkseller/301/b2bf742d090bd5058e6e00694aac758f.jpg?x-cc=20&x-cu=28909&x-ct=1784098800&x-cs=6f9ad9662293df2d6a6b80f51d996a6b""","https://b2bfiles1.gigab2b.cn/image/wkseller/301/829240e85d2b2b41f3619db315bf2575.jpg?x-cc=20&x-cu=28909&x-ct=1784098800&x-cs=2d201bb9b1a860f850a8d152c75aa310""","https://b2bfiles1.gigab2b.cn/image/wkseller/301/d3b55e891a29e1856d101799028bab8a.jpg?x-cc=20&x-cu=28909&x-ct=1784098800&x-cs=cc03974f73ab718b3568d0fbb42e0d9c""","https://b2bfiles1.gigab2b.cn/image/wkseller/301/07529b0f6c941fc6750ff3125556fc0d.jpg?x-cc=20&x-cu=28909&x-ct=1784098800&x-cs=9e29a69d3e70d7b9b5244379b7ea515e""","https://b2bfiles1.gigab2b.cn/image/wkseller/301/bc368bd573f07aab26c8f7ebb5889889.jpg?x-cc=20&x-cu=28909&x-ct=1784098800&x-cs=b576d640b62c612c9e395e1c6d70c2a1""","https://b2bfiles1.gigab2b.cn/image/wkseller/301/d38a664ad0330e6484e695a5c193a0d0.jpg?x-cc=20&x-cu=28909&x-ct=1784098800&x-cs=420684999e08aeb42bcd34e05c4ca06c""","https://b2bfiles1.gigab2b.cn/image/wkseller/301/7da0b2095b82b226e74843833f752937.jpg?x-cc=20&x-cu=28909&x-ct=1784098800&x-cs=2357348e0bedc0ddadaa664171333ad3""","https://b2bfiles1.gigab2b.cn/image/wkseller/301/2ce0a1518586732b854e1059de42edf5.jpg?x-cc=20&x-cu=28909&x-ct=1784098800&x-cs=2d6d284044ac9c51359f6755040fdc81""","https://b2bfiles1.gigab2b.cn/image/wkseller/301/739acc175530966d4ce3a3aea46a8c14.jpg?x-cc=20&x-cu=28909&x-ct=1784098800&x-cs=156b140f1c074d4d88e13edd0e21944e""","https://b2bfiles1.gigab2b.cn/image/wkseller/301/e0b3f060806669b5c8f888c0c9912989.jpg?x-cc=20&x-cu=28909&x-ct=1784098800&x-cs=ed062ce2cc7f043fc5c68e46f614cf90""","https://b2bfiles1.gigab2b.cn/image/wkseller/301/c3d66debdd93b00712ef7f5ba349d504.jpg?x-cc=20&x-cu=28909&x-ct=1784098800&x-cs=15cc67ce3a9f41bed874dc4a6bea21b1""",https://pub-606bcd6c031442e4959f73b5435fefd1.r2.dev/shipping-guide.png,二段ベッド 2段ベッド　スチール 耐震 ベッド シングル パイプベッド　大人用可　子供ベッド,"ホムブリスショップへようこそ
♪すべての商品は未開封の新品です
♪フォロー割あり
♪まとめ買い割あり：2点で2%OFF、3点で3%OFF、最大5%（一部商品適用外）
♪発送と送料：在庫品は1～2営業日以内に発送、再入荷商品は入荷後1～2営業日以内に発送いたします。北海道は基本的に追加送料不要です。沖縄への送料は別途お見積りが必須です。

【商品説明】

重量(kg): 40
長さ(cm): 105
幅(cm): 40
高さ(cm): 25
組立時重量: Not Applicable
組立時長さ: Not Applicable
組立時幅: Not Applicable
組立時高さ: Not Applicable
主要素材: Metal
主要カラー: White",ホワイト,0,N512P484125W,,,,,,,,,,,,,,,,,,,,,,,,,,,,,,,,,,,,,,,21505,so7AVmjvFQARpVnosJSrDV,1,1,jp13,1,1,1,,,,,,,
"https://b2bfiles1.gigab2b.cn/image/wkseller/301/20230623_fa6c2de9e4b808afb61f78a1992cd0f9.jpg?x-cc=20&x-cu=28909&x-ct=1784098800&x-cs=5e1049dc188b24eff01fc64a1dc4363f""","https://b2bfiles1.gigab2b.cn/image/wkseller/301/7e433c4dcc91a8c6bd7f4ec994ac0f1c.jpg?x-cc=20&x-cu=28909&x-ct=1784098800&x-cs=d23d6800ae275ca876d8fb753118b3d0""","https://b2bfiles1.gigab2b.cn/image/wkseller/301/14d6e40c1e3747e94707e342cf06679e.jpg?x-cc=20&x-cu=28909&x-ct=1784098800&x-cs=33f8fc245976227a390d5305ab77d87b""","https://b2bfiles1.gigab2b.cn/image/wkseller/301/e576d1a1e02a8e703c53a15144cc07b9.jpg?x-cc=20&x-cu=28909&x-ct=1784098800&x-cs=efdf593a93ed081686cdb23b1746c1b4""","https://b2bfiles1.gigab2b.cn/image/wkseller/301/771af4ce0143461fb22d677a0271a10e.jpg?x-cc=20&x-cu=28909&x-ct=1784098800&x-cs=52df965616af8ff758f9987877df2706""","https://b2bfiles1.gigab2b.cn/image/wkseller/301/22a462a0af637ad1bc854090c9f8ebaf.gif?x-cc=20&x-cu=28909&x-ct=1784098800&x-cs=7c56bcbaf54dc5356e970970462cd575""","https://b2bfiles1.gigab2b.cn/image/wkseller/301/bef11106b8944e2f2d7e3608fd853205.jpg?x-cc=20&x-cu=28909&x-ct=1784098800&x-cs=da61195c8e4a54e74de0657efc7ceb62""","https://b2bfiles1.gigab2b.cn/image/wkseller/301/ecfbaf777cc007036a3462551fe467ed.jpg?x-cc=20&x-cu=28909&x-ct=1784098800&x-cs=6f08f69f6c5b0ed32bc0bcbc8e972a02""","https://b2bfiles1.gigab2b.cn/image/wkseller/301/5f70493695b0cfc48beca2bb7d06cf2e.jpg?x-cc=20&x-cu=28909&x-ct=1784098800&x-cs=7e706b188fc48d7db587524b76ee2d61""","https://b2bfiles1.gigab2b.cn/image/wkseller/301/0e75d31a7029e9716be4cd67e63fe55c.jpg?x-cc=20&x-cu=28909&x-ct=1784098800&x-cs=3e00dbb73e5465e6cb6f4541fd7f8044""","https://b2bfiles1.gigab2b.cn/image/wkseller/301/4ef1528f011fa55c45f72535909e6141.jpg?x-cc=20&x-cu=28909&x-ct=1784098800&x-cs=777401ba67160faee2202df75187b1df""","https://b2bfiles1.gigab2b.cn/image/wkseller/301/8d672a630efaf2f39b56f842e2117d9b.jpg?x-cc=20&x-cu=28909&x-ct=1784098800&x-cs=9302b58610d716508ef68b16883e9bee""","https://b2bfiles1.gigab2b.cn/image/wkseller/301/95349a7736c8e0bdc26084223a3c0a9e.jpg?x-cc=20&x-cu=28909&x-ct=1784098800&x-cs=958682107e32513f3bc2ab556842de84""","https://b2bfiles1.gigab2b.cn/image/wkseller/301/5d504c6755e1c658453e349cebb68b7c.jpg?x-cc=20&x-cu=28909&x-ct=1784098800&x-cs=c3b89b330ea664528d612622a5803f1d""","https://b2bfiles1.gigab2b.cn/image/wkseller/301/19c8df05e43801261a354062a807acc5.jpg?x-cc=20&x-cu=28909&x-ct=1784098800&x-cs=b0513fa5263bdcb6f5b2e72a4208c804""","https://b2bfiles1.gigab2b.cn/image/wkseller/301/20230623_74e15264d3312136ea81b84f286d92cb.jpg?x-cc=20&x-cu=28909&x-ct=1784098800&x-cs=da28fc70f496401da75a5f02d363da62""","https://b2bfiles1.gigab2b.cn/image/wkseller/301/20230623_844843a3b9964a6ff275b7759cfbaf9d.jpg?x-cc=20&x-cu=28909&x-ct=1784098800&x-cs=f2692c0be759b3dd18c03b354fc9a1e2""","https://b2bfiles1.gigab2b.cn/image/wkseller/301/20230621_731021b5e0338d25ecc1945092b1e83a.jpg?x-cc=20&x-cu=28909&x-ct=1784098800&x-cs=4a7a5422bd8bcf692fd7efaee2e88c34""","https://b2bfiles1.gigab2b.cn/image/wkseller/301/20230622_ee6f4a1c3f6e2a60108707cc78465ca6.jpg?x-cc=20&x-cu=28909&x-ct=1784098800&x-cs=816d712b6d7a9fdeed6dea234ef7715a""",https://pub-606bcd6c031442e4959f73b5435fefd1.r2.dev/shipping-guide.png,【ホワイト】親子ベッド 二段ベッド パイプベッド シングルベッド ディベッド 多段ベッド シングル ベッド ベッドフレーム パイプ 収納 北欧風 おしゃれ 子供部屋 送料無料 スチール 耐震,"ホムブリスショップへようこそ
♪すべての商品は未開封の新品です
♪フォロー割あり
♪まとめ買い割あり：2点で2%OFF、3点で3%OFF、最大5%（一部商品適用外）
♪発送と送料：在庫品は1～2営業日以内に発送、再入荷商品は入荷後1～2営業日以内に発送いたします。北海道は基本的に追加送料不要です。沖縄への送料は別途お見積りが必須です。

【商品説明】

重量(kg): 19.5
長さ(cm): 109.5
幅(cm): 55
高さ(cm): 13.5
組立時重量: Not Applicable
組立時長さ: Not Applicable
組立時幅: Not Applicable
組立時高さ: Not Applicable
主要素材: Metal
主要カラー: White",ホワイト,0,N512P484586W,,,,,,,,,,,,,,,,,,,,,,,,,,,,,,,,,,,,,,,18557,so7AVmjvFQARpVnosJSrDV,1,1,jp13,1,1,1,,,,,,,
"https://b2bfiles1.gigab2b.cn/image/wkseller/301/eedf46b84d199ab120fbcb7ae5a97ad5.jpg?x-cc=20&x-cu=28909&x-ct=1784098800&x-cs=90cb500c739acea0cc3b087f871df965""","https://b2bfiles1.gigab2b.cn/image/wkseller/301/ae61ce34358c8f3135d29ceca79bcb3b.jpg?x-cc=20&x-cu=28909&x-ct=1784098800&x-cs=0d7acbd683141ef4b4db45678a84f3b0""","https://b2bfiles1.gigab2b.cn/image/wkseller/301/f5fcfcc796802163f66035331334fdd6.jpg?x-cc=20&x-cu=28909&x-ct=1784098800&x-cs=bf8eff8a2da57ef78d05abd00a213a57""","https://b2bfiles1.gigab2b.cn/image/wkseller/301/108e28e10ebe6fa7ff9a7c5941160964.jpg?x-cc=20&x-cu=28909&x-ct=1784098800&x-cs=e6c7adca6fdca92dee2c41a0dac00d8a""","https://b2bfiles1.gigab2b.cn/image/wkseller/301/87de31ca1c153fd6db393db67bb9c366.jpg?x-cc=20&x-cu=28909&x-ct=1784098800&x-cs=ce2f4d2f33f99a6604eb86e10e22f509""","https://b2bfiles1.gigab2b.cn/image/wkseller/301/1869fce4c65323a7ff776fcc903efcd1.jpg?x-cc=20&x-cu=28909&x-ct=1784098800&x-cs=8a80682c2cac6be2237d40fcdb6242ff""","https://b2bfiles1.gigab2b.cn/image/wkseller/301/bfa5994cc0b0a87abe8522dd599eaf1d.jpg?x-cc=20&x-cu=28909&x-ct=1784098800&x-cs=288b8ff9422884dcb1de0f4fc2178ee8""","https://b2bfiles1.gigab2b.cn/image/wkseller/301/49d8020eaaf132fa4074ce4e6f03e035.jpg?x-cc=20&x-cu=28909&x-ct=1784098800&x-cs=5fbb9e19bb0ec76838148d4e9a9c6735""","https://b2bfiles1.gigab2b.cn/image/wkseller/301/5b9a447f41727d77ad7f935e13cc3414.jpg?x-cc=20&x-cu=28909&x-ct=1784098800&x-cs=83f3124f9fa2f15711b7ecc6c1d48934""","https://b2bfiles1.gigab2b.cn/image/wkseller/301/bf4470fa74a2a9c36d7c9df523e31972.jpg?x-cc=20&x-cu=28909&x-ct=1784098800&x-cs=35f155cdb38c4b126efba44a01806fbc""","https://b2bfiles1.gigab2b.cn/image/wkseller/301/84d59a7b7f8c119f65252c96d9300d95.jpg?x-cc=20&x-cu=28909&x-ct=1784098800&x-cs=8d751f8384a62285d3fe16d194a4af77""","https://b2bfiles1.gigab2b.cn/image/wkseller/301/b948eb69d8523e58f12db581dbb53d07.jpg?x-cc=20&x-cu=28909&x-ct=1784098800&x-cs=69909c2e57743e2bca1242d82f5ec2bf""","https://b2bfiles1.gigab2b.cn/image/wkseller/301/f9dd395b1f41cecac91ad4a8cac61278.jpg?x-cc=20&x-cu=28909&x-ct=1784098800&x-cs=b519cbbd76ba38cd5a864879240abdfe""","https://b2bfiles1.gigab2b.cn/image/wkseller/301/ae76a413e084c761d9c97dd62ba6ad4e.jpg?x-cc=20&x-cu=28909&x-ct=1784098800&x-cs=6435b5ef48733fe0a8d504540ba6d7a3""","https://b2bfiles1.gigab2b.cn/image/wkseller/301/d1acd40a5adc4b29533a79d54e33e0be.jpg?x-cc=20&x-cu=28909&x-ct=1784098800&x-cs=652b4a3c3630d2dd0e085b9b645500ff""","https://b2bfiles1.gigab2b.cn/image/wkseller/301/274568ed7f8f07dcfeb29357a14175ff.jpg?x-cc=20&x-cu=28909&x-ct=1784098800&x-cs=662b99e161b5b7a5d33281981dbe7845""","https://b2bfiles1.gigab2b.cn/image/wkseller/301/f9f536b4138c96bbbaf5cad68343e98b.jpg?x-cc=20&x-cu=28909&x-ct=1784098800&x-cs=6029c33b499123450e0d07ecbffd237e""","https://b2bfiles1.gigab2b.cn/image/wkseller/301/23bf826a8975d5623175f1839dc01098.jpg?x-cc=20&x-cu=28909&x-ct=1784098800&x-cs=99a4b37db6389bbd6e82399d11836b92""","https://b2bfiles1.gigab2b.cn/image/wkseller/301/c1fce2368b8acad2c2139f30c740faed.jpg?x-cc=20&x-cu=28909&x-ct=1784098800&x-cs=0dd534d2756a82489e35afa013520446""",https://pub-606bcd6c031442e4959f73b5435fefd1.r2.dev/shipping-guide.png,【ブラック】 システムベット ロフトベッド シングル スチールネット付き 移動型デスク付き 北欧風 木目 子供ベッド 大人ベッド 一人暮らし スチール 耐震 ベッド,"ホムブリスショップへようこそ
♪すべての商品は未開封の新品です
♪フォロー割あり
♪まとめ買い割あり：2点で2%OFF、3点で3%OFF、最大5%（一部商品適用外）
♪発送と送料：在庫品は1～2営業日以内に発送、再入荷商品は入荷後1～2営業日以内に発送いたします。北海道は基本的に追加送料不要です。沖縄への送料は別途お見積りが必須です。

【商品説明】

重量(kg): 44.3
長さ(cm): 109
幅(cm): 42.5
高さ(cm): 27
組立時重量: Not Applicable
組立時長さ: Not Applicable
組立時幅: Not Applicable
組立時高さ: Not Applicable
主要素材: Metal
主要カラー: Black",ブラック,0,N512P484587B,,,,,,,,,,,,,,,,,,,,,,,,,,,,,,,,,,,,,,,20857,9F9UQUdqrevazC22do3gx7,1,1,jp13,1,1,1,,,,,,,
"https://b2bfiles1.gigab2b.cn/image/wkseller/301/WF191022/20191218_f4dfb9aeded6283a9dc15ab9ed02915d.jpg?x-cc=20&x-cu=28909&x-ct=1784098800&x-cs=c57a6811344b13b6b209f4a7997c6526""","https://b2bfiles1.gigab2b.cn/image/wkseller/301/1cab001a1ddb033ededdc98ef828ef69.jpg?x-cc=20&x-cu=28909&x-ct=1784098800&x-cs=575fc9e16b3260acf22d54b082d71cec""","https://b2bfiles1.gigab2b.cn/image/wkseller/301/9ee78956ede6deb32dd9541027421a35.jpg?x-cc=20&x-cu=28909&x-ct=1784098800&x-cs=9b9b6642b575cc5fbe8bf7145017cfa1""","https://b2bfiles1.gigab2b.cn/image/wkseller/301/630950b06eb67354719f973b98a6bb51.jpg?x-cc=20&x-cu=28909&x-ct=1784098800&x-cs=98fde86802a7599f7cfff5e8e2e93fca""","https://b2bfiles1.gigab2b.cn/image/wkseller/301/3b09b4394ac35003c7e25f577da7becf.jpg?x-cc=20&x-cu=28909&x-ct=1784098800&x-cs=ad3bf292a2ad4d5417fa72d6e1ad174f""","https://b2bfiles1.gigab2b.cn/image/wkseller/301/5a891b9f1c272237c7534ad8c7b5aed0.jpg?x-cc=20&x-cu=28909&x-ct=1784098800&x-cs=2690dc2a9d0e4b0d69aaae91362b73f4""","https://b2bfiles1.gigab2b.cn/image/wkseller/301/00d31d442a8e0f4995ddbc3d153d64b9.jpg?x-cc=20&x-cu=28909&x-ct=1784098800&x-cs=151d83c5cc3b0d3603683840b49c656d""","https://b2bfiles1.gigab2b.cn/image/wkseller/301/e05656252d715d2675a7421ffd968632.jpg?x-cc=20&x-cu=28909&x-ct=1784098800&x-cs=8c1480970e647d7951bf43c2341fb91c""","https://b2bfiles1.gigab2b.cn/image/wkseller/301/3185858256ac1b7b17dcc3b64457c147.jpg?x-cc=20&x-cu=28909&x-ct=1784098800&x-cs=3c0d702a9b5669f741a87aa552ee6e40""","https://b2bfiles1.gigab2b.cn/image/wkseller/301/222d6152e450a1026a7f5775680d429e.jpg?x-cc=20&x-cu=28909&x-ct=1784098800&x-cs=17dfba2dfcc2a88eb62f417add7254c7""","https://b2bfiles1.gigab2b.cn/image/wkseller/301/45ae9aa53786c24dd33aa5b971cb8330.jpg?x-cc=20&x-cu=28909&x-ct=1784098800&x-cs=1c63077e02739ac02892e65f9c79b75d""","https://b2bfiles1.gigab2b.cn/image/wkseller/301/63a93ffd39fed1f030170ae539abf3b4.jpg?x-cc=20&x-cu=28909&x-ct=1784098800&x-cs=e7889add599bff5987d74e9c527ff01a""","https://b2bfiles1.gigab2b.cn/image/wkseller/301/baaec3b27b8d32735e7dfa04b5c62eed.jpg?x-cc=20&x-cu=28909&x-ct=1784098800&x-cs=c763cc4c08db63751fa96880f384cdfc""","https://b2bfiles1.gigab2b.cn/image/wkseller/301/76746eaf634d3b5fb71ef6d72762fcce.jpg?x-cc=20&x-cu=28909&x-ct=1784098800&x-cs=35ad658eab708112f988a3bd7849f00a""","https://b2bfiles1.gigab2b.cn/image/wkseller/301/63dec46f0b5646160c3a76cb153bf949.jpg?x-cc=20&x-cu=28909&x-ct=1784098800&x-cs=46471f8866d67c8f4a8d8fae4ce886de""","https://b2bfiles1.gigab2b.cn/image/wkseller/301/ba0c311c76b57dfeb21605bc4f448dba.jpg?x-cc=20&x-cu=28909&x-ct=1784098800&x-cs=2c575c75f5d1cac60f8fb82f78c713f7""","https://b2bfiles1.gigab2b.cn/image/wkseller/301/693473c7747ff7183a950d025deb2fef.jpg?x-cc=20&x-cu=28909&x-ct=1784098800&x-cs=3dc4a5b3d57df9f0c55eebfb194673bb""","https://b2bfiles1.gigab2b.cn/image/wkseller/301/493aa1a8a59e04583d008c6e16e16a77.jpg?x-cc=20&x-cu=28909&x-ct=1784098800&x-cs=429e892922cfac3b23641cc6cdbec2b2""","https://b2bfiles1.gigab2b.cn/image/wkseller/301/a317ce7308b3ff2f31f60982ccfb0350.jpg?x-cc=20&x-cu=28909&x-ct=1784098800&x-cs=6be031705b21dbc26f4d77676cba41d9""",https://pub-606bcd6c031442e4959f73b5435fefd1.r2.dev/shipping-guide.png,デスクワゴン サイドワゴン ラック　ダイヤル錠 キャスター付き 脇机 オフィス 収納 大容量 3段 キャスター付き スチール,"ホムブリスショップへようこそ
♪すべての商品は未開封の新品です
♪フォロー割あり
♪まとめ買い割あり：2点で2%OFF、3点で3%OFF、最大5%（一部商品適用外）
♪発送と送料：在庫品は1～2営業日以内に発送、再入荷商品は入荷後1～2営業日以内に発送いたします。北海道は基本的に追加送料不要です。沖縄への送料は別途お見積りが必須です。

【商品説明】

重量(kg): 18
長さ(cm): 62.5
幅(cm): 49.5
高さ(cm): 44
組立時重量: Not Applicable
組立時長さ: Not Applicable
組立時幅: Not Applicable
組立時高さ: Not Applicable
主要素材: Stainless Steel
主要カラー: Black",ブラック,48,N512P485723B,,,,,,,,,,,,,,,,,,,,,,,,,,,,,,,,,,,,,,,12000,9F9UQUdqrevazC22do3gx7,1,1,jp13,1,1,1,,,,,,,
"https://b2bfiles1.gigab2b.cn/image/wkseller/301/60cfcebbd1f2403c5295867f34376232.jpg?x-cc=20&x-cu=28909&x-ct=1784098800&x-cs=bcdf02a3d836eba9266408756fc52b7e""","https://b2bfiles1.gigab2b.cn/image/wkseller/301/68419243b3bf2e9b5ba23e88b26d5320.jpg?x-cc=20&x-cu=28909&x-ct=1784098800&x-cs=3ceaece5bad176686a37a39ba2e231d2""","https://b2bfiles1.gigab2b.cn/image/wkseller/301/c6ba4482d21a893a8d9d7b428198b8e4.jpg?x-cc=20&x-cu=28909&x-ct=1784098800&x-cs=abfa935aadc0ea77bb9f922e65da0460""","https://b2bfiles1.gigab2b.cn/image/wkseller/301/87f903dcb79854cca40e104aae45b1e9.jpg?x-cc=20&x-cu=28909&x-ct=1784098800&x-cs=57db86c612096ce24301df097e873656""","https://b2bfiles1.gigab2b.cn/image/wkseller/301/fcee1c8e1191600ea8e678e8f084b59a.jpg?x-cc=20&x-cu=28909&x-ct=1784098800&x-cs=5c2f9482da7448cca292dbc3c967ca80""","https://b2bfiles1.gigab2b.cn/image/wkseller/301/53d7514a98bf221cd43e3821df41a35c.jpg?x-cc=20&x-cu=28909&x-ct=1784098800&x-cs=16c2da31ac565e487b7dd7f9b46e6477""","https://b2bfiles1.gigab2b.cn/image/wkseller/301/44a897ec2745bc5943424267b4f3a6f7.jpg?x-cc=20&x-cu=28909&x-ct=1784098800&x-cs=e0d11c806946c69ee9829e02ec0e838c""","https://b2bfiles1.gigab2b.cn/image/wkseller/301/9591f75e23f454357f03b7c85186b258.jpg?x-cc=20&x-cu=28909&x-ct=1784098800&x-cs=c4970645bd6bb434afb54c5f1f987f35""","https://b2bfiles1.gigab2b.cn/image/wkseller/301/d7d545dc685f562a2192ccde1afe856e.jpg?x-cc=20&x-cu=28909&x-ct=1784098800&x-cs=140f9e4db1dce04baca2cd3da0486392""","https://b2bfiles1.gigab2b.cn/image/wkseller/301/797ab50c4c757cb2ac450399d17a640c.jpg?x-cc=20&x-cu=28909&x-ct=1784098800&x-cs=910053909969b9deaabe4d35ce9b752e""","https://b2bfiles1.gigab2b.cn/image/wkseller/301/75903623c7f974da6892eb1bc802ddd7.jpg?x-cc=20&x-cu=28909&x-ct=1784098800&x-cs=18310f5686ad5af2a10e62d2734f83d9""","https://b2bfiles1.gigab2b.cn/image/wkseller/301/d0797f6b61952f9b5b9b9b54271489f1.jpg?x-cc=20&x-cu=28909&x-ct=1784098800&x-cs=d286bee5ae03db5b60c3466df905e0e7""","https://b2bfiles1.gigab2b.cn/image/wkseller/301/18792e4be680cd241d9b9ebc9d9ab1da.jpg?x-cc=20&x-cu=28909&x-ct=1784098800&x-cs=aa12e7a74c39de3b22c17da4227a66e6""","https://b2bfiles1.gigab2b.cn/image/wkseller/301/60b52419ef84cf93dc172e0ad98a0c8f.jpg?x-cc=20&x-cu=28909&x-ct=1784098800&x-cs=b2b63b31e46c487988e7fe8f750d3d18""","https://b2bfiles1.gigab2b.cn/image/wkseller/301/538ef8bbed2a4842faa65308157a893c.jpg?x-cc=20&x-cu=28909&x-ct=1784098800&x-cs=6f08f4804b422227d63d8eedc8a596fd""","https://b2bfiles1.gigab2b.cn/image/wkseller/301/d60840168129806c053bc37f4f11d5f6.jpg?x-cc=20&x-cu=28909&x-ct=1784098800&x-cs=8a5ff16fd5df4be658ac852c521df6c1""","https://b2bfiles1.gigab2b.cn/image/wkseller/301/c1f7385ca6d7d454cd88b77d0e742592.jpg?x-cc=20&x-cu=28909&x-ct=1784098800&x-cs=91c3c458dce8ef563045a63c80eb751f""","https://b2bfiles1.gigab2b.cn/image/wkseller/301/29dae504c065ad6598065aa07e747b27.jpg?x-cc=20&x-cu=28909&x-ct=1784098800&x-cs=cda0d3048b30ac4e292abcc8dff3f493""","https://b2bfiles1.gigab2b.cn/image/wkseller/301/e2fbc829a4b2c7ebbf457040347636d3.jpg?x-cc=20&x-cu=28909&x-ct=1784098800&x-cs=9c8a1e8917043cb6fe0d89c829810b26""",https://pub-606bcd6c031442e4959f73b5435fefd1.r2.dev/shipping-guide.png,【グレー天板+ブラック脚】 ガラステーブル　センターテーブル　リビングテーブル　 ローテーブル モダン シンプル ガラス 北欧,"ホムブリスショップへようこそ
♪すべての商品は未開封の新品です
♪フォロー割あり
♪まとめ買い割あり：2点で2%OFF、3点で3%OFF、最大5%（一部商品適用外）
♪発送と送料：在庫品は1～2営業日以内に発送、再入荷商品は入荷後1～2営業日以内に発送いたします。北海道は基本的に追加送料不要です。沖縄への送料は別途お見積りが必須です。

【商品説明】

重量(kg): 16.3
長さ(cm): 92.5
幅(cm): 54
高さ(cm): 13.5
組立時重量: Not Applicable
組立時長さ: Not Applicable
組立時幅: Not Applicable
組立時高さ: Not Applicable
主要素材: Glass
主要カラー: Grey",グレー,0,N512P494007G,,,,,,,,,,,,,,,,,,,,,,,,,,,,,,,,,,,,,,,7301,HXssrNkyYm2e2JhcBHNYyg,1,1,jp13,1,1,1,,,,,,,
"https://b2bfiles1.gigab2b.cn/image/wkseller/301/wf009974/20200324_3a241e25749843d746bf82596f66bb3c.jpg?x-cc=20&x-cu=28909&x-ct=1784098800&x-cs=dc12f731a99bdcd823ae8dfd0eca057f""","https://b2bfiles1.gigab2b.cn/image/wkseller/301/e22e8249f7bcef663ce718553ddaf45b.jpg?x-cc=20&x-cu=28909&x-ct=1784098800&x-cs=1d03720c1bb773428a3b21b480186328""","https://b2bfiles1.gigab2b.cn/image/wkseller/301/14d93fa8471d07e571a9c788455de302.jpg?x-cc=20&x-cu=28909&x-ct=1784098800&x-cs=7d0a0c4b91b5dacc098b78fd39a510f9""","https://b2bfiles1.gigab2b.cn/image/wkseller/301/4c03227d6ebb21aa804bcddeed622f9a.jpg?x-cc=20&x-cu=28909&x-ct=1784098800&x-cs=356e9e64bdd1dc2023f4ab77286fb4d5""","https://b2bfiles1.gigab2b.cn/image/wkseller/301/f5b89083b98cd4dc85ee45e85eab3d5a.jpg?x-cc=20&x-cu=28909&x-ct=1784098800&x-cs=5b31ee4182cda1136185861e0dc04652""","https://b2bfiles1.gigab2b.cn/image/wkseller/301/aef4b8cdf9315f3a9e95a01209052ac5.jpg?x-cc=20&x-cu=28909&x-ct=1784098800&x-cs=03ab1d0f66c50aa9ca396ed638d69d1f""","https://b2bfiles1.gigab2b.cn/image/wkseller/301/465f493cbd801aa0726a9af281aaad62.jpg?x-cc=20&x-cu=28909&x-ct=1784098800&x-cs=0cc7dc3db4648cf561b05c19b6ae86bf""","https://b2bfiles1.gigab2b.cn/image/wkseller/301/edff931256372639a34f7b637bc56b14.jpg?x-cc=20&x-cu=28909&x-ct=1784098800&x-cs=c78ad98b6de9e918bdfcf64ce7c67e0c""","https://b2bfiles1.gigab2b.cn/image/wkseller/301/6e24d4f13320090e5ed1bfd5f6fc4f9f.jpg?x-cc=20&x-cu=28909&x-ct=1784098800&x-cs=6980b64ed4c123a2f0637fd3d4304a24""","https://b2bfiles1.gigab2b.cn/image/wkseller/301/928d6ae70ba9b2fcde5e21686778304c.jpg?x-cc=20&x-cu=28909&x-ct=1784098800&x-cs=326975207da5386400dc6f3b50060077""","https://b2bfiles1.gigab2b.cn/image/wkseller/301/403c2aa6fce6e537d53e32482e3e3590.jpg?x-cc=20&x-cu=28909&x-ct=1784098800&x-cs=664998d1a37cbc9eb98ca98154539a21""","https://b2bfiles1.gigab2b.cn/image/wkseller/301/38d6151b634f3629c330aaa801db7ed3.jpg?x-cc=20&x-cu=28909&x-ct=1784098800&x-cs=15302d71eca1ac36692f0e59ed10861c""","https://b2bfiles1.gigab2b.cn/image/wkseller/301/d2ded15511b799f37961db7d7d004bd6.jpg?x-cc=20&x-cu=28909&x-ct=1784098800&x-cs=106d27363ab4396f7fcd5d75b754696f""","https://b2bfiles1.gigab2b.cn/image/wkseller/301/3f6411a15241e162c7156acc934a7ee8.jpg?x-cc=20&x-cu=28909&x-ct=1784098800&x-cs=3343736c94093ee44fbfd8f2d86f74c0""","https://b2bfiles1.gigab2b.cn/image/wkseller/301/7d3c7e395370d60f5b8e26da3d590ffe.jpg?x-cc=20&x-cu=28909&x-ct=1784098800&x-cs=8a9a291d2d2431a2e5f07a90a496d68e""","https://b2bfiles1.gigab2b.cn/image/wkseller/301/96ff8e89a4637539fee3b8d36b38721e.jpg?x-cc=20&x-cu=28909&x-ct=1784098800&x-cs=d6fccf43cb3b5ae39fb61e57c9dd8c88""","https://b2bfiles1.gigab2b.cn/image/wkseller/301/feaf7ba4f7aa3218f9114ac6eaa93bbc.jpg?x-cc=20&x-cu=28909&x-ct=1784098800&x-cs=b1c7d0a675e9899e076a405dd0b05fbe""","https://b2bfiles1.gigab2b.cn/image/wkseller/301/c0a9e711b6b3337b8c7bee56a944b513.jpg?x-cc=20&x-cu=28909&x-ct=1784098800&x-cs=fcef886093a1af0c2a5f181011990c86""","https://b2bfiles1.gigab2b.cn/image/wkseller/301/347be419e4d2c5b34f29c2b7d3ac8e52.jpg?x-cc=20&x-cu=28909&x-ct=1784098800&x-cs=ea250db7450219ad10a5a91d22b0b7f4""",https://pub-606bcd6c031442e4959f73b5435fefd1.r2.dev/shipping-guide.png,原SKU WF292693AAA ガラステーブル センターテーブル     リビングテーブル リビング テーブル  ローテーブル ガラス 楕円 クリアガラス,"ホムブリスショップへようこそ
♪すべての商品は未開封の新品です
♪フォロー割あり
♪まとめ買い割あり：2点で2%OFF、3点で3%OFF、最大5%（一部商品適用外）
♪発送と送料：在庫品は1～2営業日以内に発送、再入荷商品は入荷後1～2営業日以内に発送いたします。北海道は基本的に追加送料不要です。沖縄への送料は別途お見積りが必須です。

【商品説明】

重量(kg): 10.5
長さ(cm): 85
幅(cm): 54
高さ(cm): 10.5
組立時重量: Not Applicable
組立時長さ: Not Applicable
組立時幅: Not Applicable
組立時高さ: Not Applicable
主要素材: Glass
主要カラー: Transparent",クリア,0,N512P494008A,,,,,,,,,,,,,,,,,,,,,,,,,,,,,,,,,,,,,,,6001,HXssrNkyYm2e2JhcBHNYyg,1,1,jp13,1,1,1,,,,,,,
"https://b2bfiles1.gigab2b.cn/image/wkseller/301/822a05316380241d44991ce8f1805854.jpg?x-cc=20&x-cu=28909&x-ct=1784098800&x-cs=091ce60aa314d11da0a8f2e3cb845b5f""","https://b2bfiles1.gigab2b.cn/image/wkseller/301/e22e8249f7bcef663ce718553ddaf45b.jpg?x-cc=20&x-cu=28909&x-ct=1784098800&x-cs=1d03720c1bb773428a3b21b480186328""","https://b2bfiles1.gigab2b.cn/image/wkseller/301/3ab16b74ba0e15a40fac42400813ad70.png?x-cc=20&x-cu=28909&x-ct=1784098800&x-cs=a48077e83752d6880dff64ee2d3f43a5""","https://b2bfiles1.gigab2b.cn/image/wkseller/301/3c5e4cc54e28baacbccd8d66e3e2e083.jpg?x-cc=20&x-cu=28909&x-ct=1784098800&x-cs=9463bc03885d418241a675044ebf3980""","https://b2bfiles1.gigab2b.cn/image/wkseller/301/14d93fa8471d07e571a9c788455de302.jpg?x-cc=20&x-cu=28909&x-ct=1784098800&x-cs=7d0a0c4b91b5dacc098b78fd39a510f9""","https://b2bfiles1.gigab2b.cn/image/wkseller/301/4c03227d6ebb21aa804bcddeed622f9a.jpg?x-cc=20&x-cu=28909&x-ct=1784098800&x-cs=356e9e64bdd1dc2023f4ab77286fb4d5""","https://b2bfiles1.gigab2b.cn/image/wkseller/301/f5b89083b98cd4dc85ee45e85eab3d5a.jpg?x-cc=20&x-cu=28909&x-ct=1784098800&x-cs=5b31ee4182cda1136185861e0dc04652""","https://b2bfiles1.gigab2b.cn/image/wkseller/301/aef4b8cdf9315f3a9e95a01209052ac5.jpg?x-cc=20&x-cu=28909&x-ct=1784098800&x-cs=03ab1d0f66c50aa9ca396ed638d69d1f""","https://b2bfiles1.gigab2b.cn/image/wkseller/301/465f493cbd801aa0726a9af281aaad62.jpg?x-cc=20&x-cu=28909&x-ct=1784098800&x-cs=0cc7dc3db4648cf561b05c19b6ae86bf""","https://b2bfiles1.gigab2b.cn/image/wkseller/301/edff931256372639a34f7b637bc56b14.jpg?x-cc=20&x-cu=28909&x-ct=1784098800&x-cs=c78ad98b6de9e918bdfcf64ce7c67e0c""","https://b2bfiles1.gigab2b.cn/image/wkseller/301/6e24d4f13320090e5ed1bfd5f6fc4f9f.jpg?x-cc=20&x-cu=28909&x-ct=1784098800&x-cs=6980b64ed4c123a2f0637fd3d4304a24""","https://b2bfiles1.gigab2b.cn/image/wkseller/301/928d6ae70ba9b2fcde5e21686778304c.jpg?x-cc=20&x-cu=28909&x-ct=1784098800&x-cs=326975207da5386400dc6f3b50060077""","https://b2bfiles1.gigab2b.cn/image/wkseller/301/403c2aa6fce6e537d53e32482e3e3590.jpg?x-cc=20&x-cu=28909&x-ct=1784098800&x-cs=664998d1a37cbc9eb98ca98154539a21""","https://b2bfiles1.gigab2b.cn/image/wkseller/301/38d6151b634f3629c330aaa801db7ed3.jpg?x-cc=20&x-cu=28909&x-ct=1784098800&x-cs=15302d71eca1ac36692f0e59ed10861c""","https://b2bfiles1.gigab2b.cn/image/wkseller/301/d2ded15511b799f37961db7d7d004bd6.jpg?x-cc=20&x-cu=28909&x-ct=1784098800&x-cs=106d27363ab4396f7fcd5d75b754696f""","https://b2bfiles1.gigab2b.cn/image/wkseller/301/3f6411a15241e162c7156acc934a7ee8.jpg?x-cc=20&x-cu=28909&x-ct=1784098800&x-cs=3343736c94093ee44fbfd8f2d86f74c0""","https://b2bfiles1.gigab2b.cn/image/wkseller/301/7d3c7e395370d60f5b8e26da3d590ffe.jpg?x-cc=20&x-cu=28909&x-ct=1784098800&x-cs=8a9a291d2d2431a2e5f07a90a496d68e""","https://b2bfiles1.gigab2b.cn/image/wkseller/301/96ff8e89a4637539fee3b8d36b38721e.jpg?x-cc=20&x-cu=28909&x-ct=1784098800&x-cs=d6fccf43cb3b5ae39fb61e57c9dd8c88""","https://b2bfiles1.gigab2b.cn/image/wkseller/301/feaf7ba4f7aa3218f9114ac6eaa93bbc.jpg?x-cc=20&x-cu=28909&x-ct=1784098800&x-cs=b1c7d0a675e9899e076a405dd0b05fbe""",https://pub-606bcd6c031442e4959f73b5435fefd1.r2.dev/shipping-guide.png,原SKU WF292693BAA  black +clean  ガラステーブル センターテーブル     リビングテーブル リビング テーブル  ローテーブル ガラス 楕円 クリアガラス,"ホムブリスショップへようこそ
♪すべての商品は未開封の新品です
♪フォロー割あり
♪まとめ買い割あり：2点で2%OFF、3点で3%OFF、最大5%（一部商品適用外）
♪発送と送料：在庫品は1～2営業日以内に発送、再入荷商品は入荷後1～2営業日以内に発送いたします。北海道は基本的に追加送料不要です。沖縄への送料は別途お見積りが必須です。

【商品説明】

重量(kg): 10.5
長さ(cm): 85
幅(cm): 54
高さ(cm): 10.5
組立時重量: Not Applicable
組立時長さ: Not Applicable
組立時幅: Not Applicable
組立時高さ: Not Applicable
主要素材: Glass
主要カラー: Black,Transparent",,0,N512P494008B,,,,,,,,,,,,,,,,,,,,,,,,,,,,,,,,,,,,,,,6001,HXssrNkyYm2e2JhcBHNYyg,1,1,jp13,1,1,1,,,,,,,
"https://b2bfiles1.gigab2b.cn/image/wkseller/301/88062383c209cc184ceefa66c31c8525.jpg?x-cc=20&x-cu=28909&x-ct=1784098800&x-cs=4d2ae7d831e8dcb1c4066565d6332c1b""","https://b2bfiles1.gigab2b.cn/image/wkseller/301/65de06b7dfc666431b1a0560d0612333.jpg?x-cc=20&x-cu=28909&x-ct=1784098800&x-cs=7510718b472df6986d26c7728079ab94""","https://b2bfiles1.gigab2b.cn/image/wkseller/301/e22e8249f7bcef663ce718553ddaf45b.jpg?x-cc=20&x-cu=28909&x-ct=1784098800&x-cs=1d03720c1bb773428a3b21b480186328""","https://b2bfiles1.gigab2b.cn/image/wkseller/301/14d93fa8471d07e571a9c788455de302.jpg?x-cc=20&x-cu=28909&x-ct=1784098800&x-cs=7d0a0c4b91b5dacc098b78fd39a510f9""","https://b2bfiles1.gigab2b.cn/image/wkseller/301/4c03227d6ebb21aa804bcddeed622f9a.jpg?x-cc=20&x-cu=28909&x-ct=1784098800&x-cs=356e9e64bdd1dc2023f4ab77286fb4d5""","https://b2bfiles1.gigab2b.cn/image/wkseller/301/f5b89083b98cd4dc85ee45e85eab3d5a.jpg?x-cc=20&x-cu=28909&x-ct=1784098800&x-cs=5b31ee4182cda1136185861e0dc04652""","https://b2bfiles1.gigab2b.cn/image/wkseller/301/aef4b8cdf9315f3a9e95a01209052ac5.jpg?x-cc=20&x-cu=28909&x-ct=1784098800&x-cs=03ab1d0f66c50aa9ca396ed638d69d1f""","https://b2bfiles1.gigab2b.cn/image/wkseller/301/465f493cbd801aa0726a9af281aaad62.jpg?x-cc=20&x-cu=28909&x-ct=1784098800&x-cs=0cc7dc3db4648cf561b05c19b6ae86bf""","https://b2bfiles1.gigab2b.cn/image/wkseller/301/edff931256372639a34f7b637bc56b14.jpg?x-cc=20&x-cu=28909&x-ct=1784098800&x-cs=c78ad98b6de9e918bdfcf64ce7c67e0c""","https://b2bfiles1.gigab2b.cn/image/wkseller/301/6e24d4f13320090e5ed1bfd5f6fc4f9f.jpg?x-cc=20&x-cu=28909&x-ct=1784098800&x-cs=6980b64ed4c123a2f0637fd3d4304a24""","https://b2bfiles1.gigab2b.cn/image/wkseller/301/928d6ae70ba9b2fcde5e21686778304c.jpg?x-cc=20&x-cu=28909&x-ct=1784098800&x-cs=326975207da5386400dc6f3b50060077""","https://b2bfiles1.gigab2b.cn/image/wkseller/301/403c2aa6fce6e537d53e32482e3e3590.jpg?x-cc=20&x-cu=28909&x-ct=1784098800&x-cs=664998d1a37cbc9eb98ca98154539a21""","https://b2bfiles1.gigab2b.cn/image/wkseller/301/38d6151b634f3629c330aaa801db7ed3.jpg?x-cc=20&x-cu=28909&x-ct=1784098800&x-cs=15302d71eca1ac36692f0e59ed10861c""","https://b2bfiles1.gigab2b.cn/image/wkseller/301/d2ded15511b799f37961db7d7d004bd6.jpg?x-cc=20&x-cu=28909&x-ct=1784098800&x-cs=106d27363ab4396f7fcd5d75b754696f""","https://b2bfiles1.gigab2b.cn/image/wkseller/301/3f6411a15241e162c7156acc934a7ee8.jpg?x-cc=20&x-cu=28909&x-ct=1784098800&x-cs=3343736c94093ee44fbfd8f2d86f74c0""","https://b2bfiles1.gigab2b.cn/image/wkseller/301/7d3c7e395370d60f5b8e26da3d590ffe.jpg?x-cc=20&x-cu=28909&x-ct=1784098800&x-cs=8a9a291d2d2431a2e5f07a90a496d68e""","https://b2bfiles1.gigab2b.cn/image/wkseller/301/96ff8e89a4637539fee3b8d36b38721e.jpg?x-cc=20&x-cu=28909&x-ct=1784098800&x-cs=d6fccf43cb3b5ae39fb61e57c9dd8c88""","https://b2bfiles1.gigab2b.cn/image/wkseller/301/feaf7ba4f7aa3218f9114ac6eaa93bbc.jpg?x-cc=20&x-cu=28909&x-ct=1784098800&x-cs=b1c7d0a675e9899e076a405dd0b05fbe""","https://b2bfiles1.gigab2b.cn/image/wkseller/301/c0a9e711b6b3337b8c7bee56a944b513.jpg?x-cc=20&x-cu=28909&x-ct=1784098800&x-cs=fcef886093a1af0c2a5f181011990c86""",https://pub-606bcd6c031442e4959f73b5435fefd1.r2.dev/shipping-guide.png,クリア×茶色 ガラステーブル センターテーブル     リビングテーブル リビング テーブル  ローテーブル ガラス 楕円 クリアガラス,"ホムブリスショップへようこそ
♪すべての商品は未開封の新品です
♪フォロー割あり
♪まとめ買い割あり：2点で2%OFF、3点で3%OFF、最大5%（一部商品適用外）
♪発送と送料：在庫品は1～2営業日以内に発送、再入荷商品は入荷後1～2営業日以内に発送いたします。北海道は基本的に追加送料不要です。沖縄への送料は別途お見積りが必須です。

【商品説明】

重量(kg): 10.5
長さ(cm): 85
幅(cm): 54
高さ(cm): 10.5
組立時重量: Not Applicable
組立時長さ: Not Applicable
組立時幅: Not Applicable
組立時高さ: Not Applicable
主要素材: Glass
主要カラー: Dark Brown,Transparent",,0,N512P494008F,,,,,,,,,,,,,,,,,,,,,,,,,,,,,,,,,,,,,,,6001,HXssrNkyYm2e2JhcBHNYyg,1,1,jp13,1,1,1,,,,,,,
"https://b2bfiles1.gigab2b.cn/image/wkseller/301/9d730f2116cac7fd8f6969336fff0791.jpg?x-cc=20&x-cu=28909&x-ct=1784098800&x-cs=415a0ceceed2ed6ecb999f964b8571a0""","https://b2bfiles1.gigab2b.cn/image/wkseller/301/e22e8249f7bcef663ce718553ddaf45b.jpg?x-cc=20&x-cu=28909&x-ct=1784098800&x-cs=1d03720c1bb773428a3b21b480186328""","https://b2bfiles1.gigab2b.cn/image/wkseller/301/14d93fa8471d07e571a9c788455de302.jpg?x-cc=20&x-cu=28909&x-ct=1784098800&x-cs=7d0a0c4b91b5dacc098b78fd39a510f9""","https://b2bfiles1.gigab2b.cn/image/wkseller/301/4c03227d6ebb21aa804bcddeed622f9a.jpg?x-cc=20&x-cu=28909&x-ct=1784098800&x-cs=356e9e64bdd1dc2023f4ab77286fb4d5""","https://b2bfiles1.gigab2b.cn/image/wkseller/301/f5b89083b98cd4dc85ee45e85eab3d5a.jpg?x-cc=20&x-cu=28909&x-ct=1784098800&x-cs=5b31ee4182cda1136185861e0dc04652""","https://b2bfiles1.gigab2b.cn/image/wkseller/301/aef4b8cdf9315f3a9e95a01209052ac5.jpg?x-cc=20&x-cu=28909&x-ct=1784098800&x-cs=03ab1d0f66c50aa9ca396ed638d69d1f""","https://b2bfiles1.gigab2b.cn/image/wkseller/301/465f493cbd801aa0726a9af281aaad62.jpg?x-cc=20&x-cu=28909&x-ct=1784098800&x-cs=0cc7dc3db4648cf561b05c19b6ae86bf""","https://b2bfiles1.gigab2b.cn/image/wkseller/301/edff931256372639a34f7b637bc56b14.jpg?x-cc=20&x-cu=28909&x-ct=1784098800&x-cs=c78ad98b6de9e918bdfcf64ce7c67e0c""","https://b2bfiles1.gigab2b.cn/image/wkseller/301/6e24d4f13320090e5ed1bfd5f6fc4f9f.jpg?x-cc=20&x-cu=28909&x-ct=1784098800&x-cs=6980b64ed4c123a2f0637fd3d4304a24""","https://b2bfiles1.gigab2b.cn/image/wkseller/301/928d6ae70ba9b2fcde5e21686778304c.jpg?x-cc=20&x-cu=28909&x-ct=1784098800&x-cs=326975207da5386400dc6f3b50060077""","https://b2bfiles1.gigab2b.cn/image/wkseller/301/403c2aa6fce6e537d53e32482e3e3590.jpg?x-cc=20&x-cu=28909&x-ct=1784098800&x-cs=664998d1a37cbc9eb98ca98154539a21""","https://b2bfiles1.gigab2b.cn/image/wkseller/301/38d6151b634f3629c330aaa801db7ed3.jpg?x-cc=20&x-cu=28909&x-ct=1784098800&x-cs=15302d71eca1ac36692f0e59ed10861c""","https://b2bfiles1.gigab2b.cn/image/wkseller/301/d2ded15511b799f37961db7d7d004bd6.jpg?x-cc=20&x-cu=28909&x-ct=1784098800&x-cs=106d27363ab4396f7fcd5d75b754696f""","https://b2bfiles1.gigab2b.cn/image/wkseller/301/3f6411a15241e162c7156acc934a7ee8.jpg?x-cc=20&x-cu=28909&x-ct=1784098800&x-cs=3343736c94093ee44fbfd8f2d86f74c0""","https://b2bfiles1.gigab2b.cn/image/wkseller/301/7d3c7e395370d60f5b8e26da3d590ffe.jpg?x-cc=20&x-cu=28909&x-ct=1784098800&x-cs=8a9a291d2d2431a2e5f07a90a496d68e""","https://b2bfiles1.gigab2b.cn/image/wkseller/301/96ff8e89a4637539fee3b8d36b38721e.jpg?x-cc=20&x-cu=28909&x-ct=1784098800&x-cs=d6fccf43cb3b5ae39fb61e57c9dd8c88""","https://b2bfiles1.gigab2b.cn/image/wkseller/301/feaf7ba4f7aa3218f9114ac6eaa93bbc.jpg?x-cc=20&x-cu=28909&x-ct=1784098800&x-cs=b1c7d0a675e9899e076a405dd0b05fbe""","https://b2bfiles1.gigab2b.cn/image/wkseller/301/c0a9e711b6b3337b8c7bee56a944b513.jpg?x-cc=20&x-cu=28909&x-ct=1784098800&x-cs=fcef886093a1af0c2a5f181011990c86""","https://b2bfiles1.gigab2b.cn/image/wkseller/301/347be419e4d2c5b34f29c2b7d3ac8e52.jpg?x-cc=20&x-cu=28909&x-ct=1784098800&x-cs=ea250db7450219ad10a5a91d22b0b7f4""",https://pub-606bcd6c031442e4959f73b5435fefd1.r2.dev/shipping-guide.png,クリア×グレー ガラステーブル センターテーブル     リビングテーブル リビング テーブル  ローテーブル ガラス 楕円 クリアガラス,"ホムブリスショップへようこそ
♪すべての商品は未開封の新品です
♪フォロー割あり
♪まとめ買い割あり：2点で2%OFF、3点で3%OFF、最大5%（一部商品適用外）
♪発送と送料：在庫品は1～2営業日以内に発送、再入荷商品は入荷後1～2営業日以内に発送いたします。北海道は基本的に追加送料不要です。沖縄への送料は別途お見積りが必須です。

【商品説明】

重量(kg): 10.5
長さ(cm): 85
幅(cm): 54
高さ(cm): 10.5
組立時重量: Not Applicable
組立時長さ: Not Applicable
組立時幅: Not Applicable
組立時高さ: Not Applicable
主要素材: Glass
主要カラー: Transparent Grey",,0,N512P494008G,,,,,,,,,,,,,,,,,,,,,,,,,,,,,,,,,,,,,,,6001,HXssrNkyYm2e2JhcBHNYyg,1,1,jp13,1,1,1,,,,,,,
"https://b2bfiles1.gigab2b.cn/image/wkseller/301/f11693af2948b20b211f612e956aebfd.jpg?x-cc=20&x-cu=28909&x-ct=1784098800&x-cs=b3b1897fd12a817239ba4d3c3bcd7952""","https://b2bfiles1.gigab2b.cn/image/wkseller/301/825b9126c8f091c09a556f47d47faa39.jpg?x-cc=20&x-cu=28909&x-ct=1784098800&x-cs=06d58c956314a079bdc26e8b5ff2615f""","https://b2bfiles1.gigab2b.cn/image/wkseller/301/efa66a09f3267bda0e323b0dbf881062.jpg?x-cc=20&x-cu=28909&x-ct=1784098800&x-cs=7d97cc8c1f7f4d8b8b1846d3d985a838""","https://b2bfiles1.gigab2b.cn/image/wkseller/301/827a6c785ec0c4945f86875de4cdd097.jpg?x-cc=20&x-cu=28909&x-ct=1784098800&x-cs=d78fb52a88be19980c90ef3a736ab705""","https://b2bfiles1.gigab2b.cn/image/wkseller/301/9ae0c1b00fc8fc1cc380b12d80f09ff9.jpg?x-cc=20&x-cu=28909&x-ct=1784098800&x-cs=c6455218c84c5ca3878524d205836f52""","https://b2bfiles1.gigab2b.cn/image/wkseller/301/34aaf2ee5625402082bdee700dc2d022.jpg?x-cc=20&x-cu=28909&x-ct=1784098800&x-cs=564d5747edbc3afd5090bd7a1a1f2c2b""","https://b2bfiles1.gigab2b.cn/image/wkseller/301/05dd31e2abc661c13228d84796d342de.jpg?x-cc=20&x-cu=28909&x-ct=1784098800&x-cs=fcfbd752fb673672a8b25b9f7382a2fb""","https://b2bfiles1.gigab2b.cn/image/wkseller/301/0db5f993353d3be177a935f885093533.jpg?x-cc=20&x-cu=28909&x-ct=1784098800&x-cs=3144a4992cd2082efce058b26868f06f""","https://b2bfiles1.gigab2b.cn/image/wkseller/301/b7240a4cf035483a50744f8167e0a4d2.jpg?x-cc=20&x-cu=28909&x-ct=1784098800&x-cs=430453560b450cc673ad700c93e3cb74""","https://b2bfiles1.gigab2b.cn/image/wkseller/301/12c6d26a844f1314526c88b0ad25f045.jpg?x-cc=20&x-cu=28909&x-ct=1784098800&x-cs=fda44b808c809fb8512c01ea1b0c2211""","https://b2bfiles1.gigab2b.cn/image/wkseller/301/ceb10162cf233983dee04e1bba1321d8.jpg?x-cc=20&x-cu=28909&x-ct=1784098800&x-cs=d3bc985c371edcede9fc7fc668ec90f2""","https://b2bfiles1.gigab2b.cn/image/wkseller/301/8fd9a9008bdd14e6529c14491c6c6fc1.jpg?x-cc=20&x-cu=28909&x-ct=1784098800&x-cs=6830c317a24dcac3ea11457030d21df4""","https://b2bfiles1.gigab2b.cn/image/wkseller/301/78ebd95640505c03c0085a073f964ace.jpg?x-cc=20&x-cu=28909&x-ct=1784098800&x-cs=2de04ebf31e223c867cb95d471390ac4""","https://b2bfiles1.gigab2b.cn/image/wkseller/301/d498adeedf944ce5ec26627e15f76a35.jpg?x-cc=20&x-cu=28909&x-ct=1784098800&x-cs=9a8ecbacc2ebba8185ee614e5e731f1f""","https://b2bfiles1.gigab2b.cn/image/wkseller/301/118c7d95074ad361ec0df4766a7cf7cf.jpg?x-cc=20&x-cu=28909&x-ct=1784098800&x-cs=a712a3fd5351dee6231879a6528c1c9e""","https://b2bfiles1.gigab2b.cn/image/wkseller/301/b0be2bc4748989d17ac4d31cb402f0ac.jpg?x-cc=20&x-cu=28909&x-ct=1784098800&x-cs=6c40ef47c29c14cef789c0f92a265260""","https://b2bfiles1.gigab2b.cn/image/wkseller/301/949e1bc0ac5213e13e3262ae47276de4.jpg?x-cc=20&x-cu=28909&x-ct=1784098800&x-cs=ecccf30e6340bfc31be6c10f7977dce8""","https://b2bfiles1.gigab2b.cn/image/wkseller/301/7e09722b2447279b28da5e4947f7a8e8.jpg?x-cc=20&x-cu=28909&x-ct=1784098800&x-cs=4fa0e83a8c160a414ed2a48fb2eced44""","https://b2bfiles1.gigab2b.cn/image/wkseller/301/5486b0b6c6cefafb1ec18b11b61a81f3.jpg?x-cc=20&x-cu=28909&x-ct=1784098800&x-cs=c4ceb2cde1b5e331f37e28c1d2aed4df""",https://pub-606bcd6c031442e4959f73b5435fefd1.r2.dev/shipping-guide.png,『数量限定セール』 80*180cm ロフトベッド パイプベッド シングル デスク付き 収納棚 ハシゴ付き 左右入れ替え可能 ロフトベッド 収納 大人 一人暮らし 子供ベッド 北欧風 二段ベッド 子供部屋 スチール 耐震 パイプ,"ホムブリスショップへようこそ
♪すべての商品は未開封の新品です
♪フォロー割あり
♪まとめ買い割あり：2点で2%OFF、3点で3%OFF、最大5%（一部商品適用外）
♪発送と送料：在庫品は1～2営業日以内に発送、再入荷商品は入荷後1～2営業日以内に発送いたします。北海道は基本的に追加送料不要です。沖縄への送料は別途お見積りが必須です。

【商品説明】

重量(kg): 43
長さ(cm): 96
幅(cm): 36
高さ(cm): 33.5
組立時重量: Not Applicable
組立時長さ: Not Applicable
組立時幅: Not Applicable
組立時高さ: Not Applicable
主要素材: MDF
主要カラー: Black",ブラック,0,N512P497017B,,,,,,,,,,,,,,,,,,,,,,,,,,,,,,,,,,,,,,,22685,9F9UQUdqrevazC22do3gx7,1,1,jp13,1,1,1,,,,,,,
"https://b2bfiles1.gigab2b.cn/image/wkseller/301/eb7919da1b3cc7299aed76659004c82e.jpg?x-cc=20&x-cu=28909&x-ct=1784098800&x-cs=321be8781e448c0daf1a6faf69f23dd7""","https://b2bfiles1.gigab2b.cn/image/wkseller/301/2e890458bae807f2ea71abd5d54f9f3b.jpg?x-cc=20&x-cu=28909&x-ct=1784098800&x-cs=f13f43622fda9fedcbfc54aae9c06262""","https://b2bfiles1.gigab2b.cn/image/wkseller/301/efa66a09f3267bda0e323b0dbf881062.jpg?x-cc=20&x-cu=28909&x-ct=1784098800&x-cs=7d97cc8c1f7f4d8b8b1846d3d985a838""","https://b2bfiles1.gigab2b.cn/image/wkseller/301/827a6c785ec0c4945f86875de4cdd097.jpg?x-cc=20&x-cu=28909&x-ct=1784098800&x-cs=d78fb52a88be19980c90ef3a736ab705""","https://b2bfiles1.gigab2b.cn/image/wkseller/301/3cdcda7cea1e9822060449f62bcae10e.jpg?x-cc=20&x-cu=28909&x-ct=1784098800&x-cs=d916d6b4388f599d49b08c8962defa01""","https://b2bfiles1.gigab2b.cn/image/wkseller/301/3292761570676fcddf21d17e00eb7165.jpg?x-cc=20&x-cu=28909&x-ct=1784098800&x-cs=2acacf915e97e393180fabc46514ccaa""","https://b2bfiles1.gigab2b.cn/image/wkseller/301/b73fa1e6748922fad90ea15d778e4455.jpg?x-cc=20&x-cu=28909&x-ct=1784098800&x-cs=0cdedea655e5034b110a168386dff263""","https://b2bfiles1.gigab2b.cn/image/wkseller/301/d33f7a7a5d0158d72826e7c38bb3612a.jpg?x-cc=20&x-cu=28909&x-ct=1784098800&x-cs=ef86f6ddb785edbfdd6312d1b728fb87""","https://b2bfiles1.gigab2b.cn/image/wkseller/301/4260b0b6c01b329d5b58964c65f53ad4.jpg?x-cc=20&x-cu=28909&x-ct=1784098800&x-cs=e62e88ea28831115cf605f940a20138c""","https://b2bfiles1.gigab2b.cn/image/wkseller/301/12c6d26a844f1314526c88b0ad25f045.jpg?x-cc=20&x-cu=28909&x-ct=1784098800&x-cs=fda44b808c809fb8512c01ea1b0c2211""","https://b2bfiles1.gigab2b.cn/image/wkseller/301/50e5085ce98fa3c81762531510654def.jpg?x-cc=20&x-cu=28909&x-ct=1784098800&x-cs=b82d8a8ff982a08ba262efceabb40e34""","https://b2bfiles1.gigab2b.cn/image/wkseller/301/13a1c5bb821d4fe7760e4e889cfed5a2.jpg?x-cc=20&x-cu=28909&x-ct=1784098800&x-cs=c3c85b6930c46fb1311b6430f4553a71""","https://b2bfiles1.gigab2b.cn/image/wkseller/301/fb5cd5ec01212797e97e406768235c77.jpg?x-cc=20&x-cu=28909&x-ct=1784098800&x-cs=734de4202909a3a9ede6292dc9b69434""","https://b2bfiles1.gigab2b.cn/image/wkseller/301/b0be2bc4748989d17ac4d31cb402f0ac.jpg?x-cc=20&x-cu=28909&x-ct=1784098800&x-cs=6c40ef47c29c14cef789c0f92a265260""","https://b2bfiles1.gigab2b.cn/image/wkseller/301/f7c952d5a0e8d23d8deb25d7eee34293.jpg?x-cc=20&x-cu=28909&x-ct=1784098800&x-cs=77a2cc84437aefd2385d6d5c3027d3d4""","https://b2bfiles1.gigab2b.cn/image/wkseller/301/118c7d95074ad361ec0df4766a7cf7cf.jpg?x-cc=20&x-cu=28909&x-ct=1784098800&x-cs=a712a3fd5351dee6231879a6528c1c9e""","https://b2bfiles1.gigab2b.cn/image/wkseller/301/688dec43d0847183bcc40ecf2a8bc437.jpg?x-cc=20&x-cu=28909&x-ct=1784098800&x-cs=0785b7cd9daa6d5d6e400f26975a33f7""","https://b2bfiles1.gigab2b.cn/image/wkseller/301/638029cbab2819ba74668bd4a2171431.jpg?x-cc=20&x-cu=28909&x-ct=1784098800&x-cs=bde9435d2a09c6d0609ab12e51d3cc19""","https://b2bfiles1.gigab2b.cn/image/wkseller/301/aa51b9c139a3ce9e5b88f52ee91ddf52.jpg?x-cc=20&x-cu=28909&x-ct=1784098800&x-cs=dba2451aec9e6493a1a5c33a364e5d8d""",https://pub-606bcd6c031442e4959f73b5435fefd1.r2.dev/shipping-guide.png,『数量限定セール』 80*180cm  ロフトベッド パイプベッド シングル デスク付き 収納棚 ハシゴ付き 左右入れ替え可能 ロフトベッド 収納 大人 一人暮らし 子供ベッド 北欧風 二段ベッド 子供部屋 スチール 耐震 パイプ,"ホムブリスショップへようこそ
♪すべての商品は未開封の新品です
♪フォロー割あり
♪まとめ買い割あり：2点で2%OFF、3点で3%OFF、最大5%（一部商品適用外）
♪発送と送料：在庫品は1～2営業日以内に発送、再入荷商品は入荷後1～2営業日以内に発送いたします。北海道は基本的に追加送料不要です。沖縄への送料は別途お見積りが必須です。

【商品説明】

重量(kg): 43
長さ(cm): 96
幅(cm): 36
高さ(cm): 33.5
組立時重量: Not Applicable
組立時長さ: Not Applicable
組立時幅: Not Applicable
組立時高さ: Not Applicable
主要素材: MDF
主要カラー: White",ホワイト,0,N512P497017W,,,,,,,,,,,,,,,,,,,,,,,,,,,,,,,,,,,,,,,22685,9F9UQUdqrevazC22do3gx7,1,1,jp13,1,1,1,,,,,,,
"https://www.gigab2b.com/image/no_image.png?x-cc=20&x-cu=28909&x-ct=1784098800&x-cs=72dc39b9a3e3d97b05786c770aeb0a23""","https://b2bfiles1.gigab2b.cn/image/wkseller/301/10c2e5fd3a935d3a43070a053718012d.jpg?x-cc=20&x-cu=28909&x-ct=1784098800&x-cs=b2f7a25480e30a3d1847409ab67b765a""","https://b2bfiles1.gigab2b.cn/image/wkseller/301/1396e0012f15cd358cd1b70ee398d81f.jpg?x-cc=20&x-cu=28909&x-ct=1784098800&x-cs=dbe30738ef793580f464277f442afe93""","https://b2bfiles1.gigab2b.cn/image/wkseller/301/95523346d8c4ccb68e4979d501b83745.jpg?x-cc=20&x-cu=28909&x-ct=1784098800&x-cs=bc71098fa78c967c071a1d8ed8dad4c3""","https://b2bfiles1.gigab2b.cn/image/wkseller/301/5e7057ce4d0b0c7c252b4f9057fe861e.jpg?x-cc=20&x-cu=28909&x-ct=1784098800&x-cs=e41e83e39b339d1c29010448465a4146""","https://b2bfiles1.gigab2b.cn/image/wkseller/301/79e3b12a661ba8ff20674e8d808529b5.jpg?x-cc=20&x-cu=28909&x-ct=1784098800&x-cs=e34d1266a8ef235e2a8ae01e57d3420f""","https://b2bfiles1.gigab2b.cn/image/wkseller/301/028b3f181e24719e06014e7deee4c27c.jpg?x-cc=20&x-cu=28909&x-ct=1784098800&x-cs=3bac30fa641525eb42880315eed4d026""","https://b2bfiles1.gigab2b.cn/image/wkseller/301/d3fa2b841eabb4a868f128518c5a4bff.jpg?x-cc=20&x-cu=28909&x-ct=1784098800&x-cs=6d23f299a35ea5828582ea5de13f0ebb""","https://b2bfiles1.gigab2b.cn/image/wkseller/301/b763c39f7755a9cf82ef5aa37e6eb7dd.jpg?x-cc=20&x-cu=28909&x-ct=1784098800&x-cs=602495763cb72c4b75ecb03a9bddb185""","https://b2bfiles1.gigab2b.cn/image/wkseller/301/f84c878d0e847d2267b34b485f80b9a9.jpg?x-cc=20&x-cu=28909&x-ct=1784098800&x-cs=ab0524f73e7ce3420e28415cbe865c8c""","https://b2bfiles1.gigab2b.cn/image/wkseller/301/d122e71f3f4509bb9a03d1c6925493ef.jpg?x-cc=20&x-cu=28909&x-ct=1784098800&x-cs=bb0866210ff2b94bd3222f07f483c006""","https://b2bfiles1.gigab2b.cn/image/wkseller/301/036f3ac3e683577be2503dc4631e9311.jpg?x-cc=20&x-cu=28909&x-ct=1784098800&x-cs=b6c1b1e96a3ba510ee38f98efaca9130""","https://b2bfiles1.gigab2b.cn/image/wkseller/301/79f65080e54dc46dd9b3f2aa3e6019a1.jpg?x-cc=20&x-cu=28909&x-ct=1784098800&x-cs=ce30ec63d3b58d5e6af44d4134c9f790""","https://b2bfiles1.gigab2b.cn/image/wkseller/301/a60ea52c820785ca0d02a34977dafe8d.JPG?x-cc=20&x-cu=28909&x-ct=1784098800&x-cs=9ab11fdf147f8a5b8b4a01a34a58e791""","https://b2bfiles1.gigab2b.cn/image/wkseller/301/52fa2bec32b4f5eb479918ecede45051.png?x-cc=20&x-cu=28909&x-ct=1784098800&x-cs=1d5188137315e01f3df65f9200acf68b""","https://b2bfiles1.gigab2b.cn/image/wkseller/301/464e5cdafc05ac9ded514fcc77bc7475.png?x-cc=20&x-cu=28909&x-ct=1784098800&x-cs=273e9f0e82bdb2d768bb6e007b076613""","https://b2bfiles1.gigab2b.cn/image/wkseller/301/9105f0818c716793d7fc7a18d5a92cbd.JPG?x-cc=20&x-cu=28909&x-ct=1784098800&x-cs=039299e7abd3c9b38dc825fd18b666b7""","https://b2bfiles1.gigab2b.cn/image/wkseller/301/88f7b821560e167a6dd38cc9ca3e8f62.JPG?x-cc=20&x-cu=28909&x-ct=1784098800&x-cs=65a6591830a5283bf355f4c0ef46e445""","https://b2bfiles1.gigab2b.cn/image/wkseller/301/ae44b633eec38ee4ecc33be8f724f524.JPG?x-cc=20&x-cu=28909&x-ct=1784098800&x-cs=cb953d6f8a849dce0f7091a7a30d1b7b""",https://pub-606bcd6c031442e4959f73b5435fefd1.r2.dev/shipping-guide.png,スチールロッカー ロッカー おしゃれ 8人用 ホワイト ブラック 鍵付き スペアキー付 スチール製 収納 オフィス 事務所 会社 業務用 スリム かぎ付き 更衣ロッカー オフィスロッカー オフィス用品組立品,"ホムブリスショップへようこそ
♪すべての商品は未開封の新品です
♪フォロー割あり
♪まとめ買い割あり：2点で2%OFF、3点で3%OFF、最大5%（一部商品適用外）
♪発送と送料：在庫品は1～2営業日以内に発送、再入荷商品は入荷後1～2営業日以内に発送いたします。北海道は基本的に追加送料不要です。沖縄への送料は別途お見積りが必須です。

【商品説明】

重量(kg): 31.4
長さ(cm): 111.5
幅(cm): 45.5
高さ(cm): 18.5
組立時重量: Not Applicable
組立時長さ: Not Applicable
組立時幅: Not Applicable
組立時高さ: Not Applicable
主要素材: Stainless Steel
主要カラー: Black",ブラック,0,N512P500440B,,,,,,,,,,,,,,,,,,,,,,,,,,,,,,,,,,,,,,,17057,mUMNfozwBvStC3zfoTDZKb,1,1,jp13,1,1,1,,,,,,,
"https://www.gigab2b.com/image/no_image.png?x-cc=20&x-cu=28909&x-ct=1784098800&x-cs=72dc39b9a3e3d97b05786c770aeb0a23""","https://b2bfiles1.gigab2b.cn/image/wkseller/301/ea330998c23dd5c7c0afecc1530e4e7d.jpg?x-cc=20&x-cu=28909&x-ct=1784098800&x-cs=5f452a316120e4575414554df80661d0""","https://b2bfiles1.gigab2b.cn/image/wkseller/301/95523346d8c4ccb68e4979d501b83745.jpg?x-cc=20&x-cu=28909&x-ct=1784098800&x-cs=bc71098fa78c967c071a1d8ed8dad4c3""","https://b2bfiles1.gigab2b.cn/image/wkseller/301/5e7057ce4d0b0c7c252b4f9057fe861e.jpg?x-cc=20&x-cu=28909&x-ct=1784098800&x-cs=e41e83e39b339d1c29010448465a4146""","https://b2bfiles1.gigab2b.cn/image/wkseller/301/79e3b12a661ba8ff20674e8d808529b5.jpg?x-cc=20&x-cu=28909&x-ct=1784098800&x-cs=e34d1266a8ef235e2a8ae01e57d3420f""","https://b2bfiles1.gigab2b.cn/image/wkseller/301/028b3f181e24719e06014e7deee4c27c.jpg?x-cc=20&x-cu=28909&x-ct=1784098800&x-cs=3bac30fa641525eb42880315eed4d026""","https://b2bfiles1.gigab2b.cn/image/wkseller/301/d3fa2b841eabb4a868f128518c5a4bff.jpg?x-cc=20&x-cu=28909&x-ct=1784098800&x-cs=6d23f299a35ea5828582ea5de13f0ebb""","https://b2bfiles1.gigab2b.cn/image/wkseller/301/b763c39f7755a9cf82ef5aa37e6eb7dd.jpg?x-cc=20&x-cu=28909&x-ct=1784098800&x-cs=602495763cb72c4b75ecb03a9bddb185""","https://b2bfiles1.gigab2b.cn/image/wkseller/301/f84c878d0e847d2267b34b485f80b9a9.jpg?x-cc=20&x-cu=28909&x-ct=1784098800&x-cs=ab0524f73e7ce3420e28415cbe865c8c""","https://b2bfiles1.gigab2b.cn/image/wkseller/301/d122e71f3f4509bb9a03d1c6925493ef.jpg?x-cc=20&x-cu=28909&x-ct=1784098800&x-cs=bb0866210ff2b94bd3222f07f483c006""","https://b2bfiles1.gigab2b.cn/image/wkseller/301/036f3ac3e683577be2503dc4631e9311.jpg?x-cc=20&x-cu=28909&x-ct=1784098800&x-cs=b6c1b1e96a3ba510ee38f98efaca9130""","https://b2bfiles1.gigab2b.cn/image/wkseller/301/79f65080e54dc46dd9b3f2aa3e6019a1.jpg?x-cc=20&x-cu=28909&x-ct=1784098800&x-cs=ce30ec63d3b58d5e6af44d4134c9f790""","https://b2bfiles1.gigab2b.cn/image/wkseller/301/52fa2bec32b4f5eb479918ecede45051.png?x-cc=20&x-cu=28909&x-ct=1784098800&x-cs=1d5188137315e01f3df65f9200acf68b""","https://b2bfiles1.gigab2b.cn/image/wkseller/301/464e5cdafc05ac9ded514fcc77bc7475.png?x-cc=20&x-cu=28909&x-ct=1784098800&x-cs=273e9f0e82bdb2d768bb6e007b076613""","https://b2bfiles1.gigab2b.cn/image/wkseller/301/cbb0e1d1d38c988f6184498206bf0f15.jpg?x-cc=20&x-cu=28909&x-ct=1784098800&x-cs=8c1e19b12936746a4e8ff9eb40f53c2f""","https://b2bfiles1.gigab2b.cn/image/wkseller/301/c0f967365426b194b6e042f7cef391ae.jpg?x-cc=20&x-cu=28909&x-ct=1784098800&x-cs=ba71212a2932afbd741bfc7b92677139""","https://b2bfiles1.gigab2b.cn/image/wkseller/301/1aa2179c82d8626e90c08f0ac352cf91.jpg?x-cc=20&x-cu=28909&x-ct=1784098800&x-cs=40c5b9efe93503eacd30e3285404ed0f""","https://b2bfiles1.gigab2b.cn/image/wkseller/301/5286bdfbe6dab933e6b7342e0343f4e5.jpg?x-cc=20&x-cu=28909&x-ct=1784098800&x-cs=1911a4901b00e8a3a4d65379af0718c0""","https://b2bfiles1.gigab2b.cn/image/wkseller/301/5dc073ecee102fbdf2e551983f163f49.jpg?x-cc=20&x-cu=28909&x-ct=1784098800&x-cs=924825163fdcc551d3c058fbde10da69""",https://pub-606bcd6c031442e4959f73b5435fefd1.r2.dev/shipping-guide.png,スチールロッカー ロッカー おしゃれ 8人用 ホワイト ブラック 鍵付き スペアキー付 スチール製 収納 オフィス 事務所 会社 業務用 スリム かぎ付き 更衣ロッカー オフィスロッカー オフィス用品組立品,"ホムブリスショップへようこそ
♪すべての商品は未開封の新品です
♪フォロー割あり
♪まとめ買い割あり：2点で2%OFF、3点で3%OFF、最大5%（一部商品適用外）
♪発送と送料：在庫品は1～2営業日以内に発送、再入荷商品は入荷後1～2営業日以内に発送いたします。北海道は基本的に追加送料不要です。沖縄への送料は別途お見積りが必須です。

【商品説明】

重量(kg): 31.4
長さ(cm): 111.5
幅(cm): 45.5
高さ(cm): 18.5
組立時重量: Not Applicable
組立時長さ: Not Applicable
組立時幅: Not Applicable
組立時高さ: Not Applicable
主要素材: Stainless Steel
主要カラー: Black",ブラック,0,N512P500440W,,,,,,,,,,,,,,,,,,,,,,,,,,,,,,,,,,,,,,,17057,mUMNfozwBvStC3zfoTDZKb,1,1,jp13,1,1,1,,,,,,,
"https://www.gigab2b.com/image/no_image.png?x-cc=20&x-cu=28909&x-ct=1784098800&x-cs=72dc39b9a3e3d97b05786c770aeb0a23""","https://b2bfiles1.gigab2b.cn/image/wkseller/301/b05e0343070b130dda57a9ce773e04b5.jpg?x-cc=20&x-cu=28909&x-ct=1784098800&x-cs=08d1b0d11508ca728dce8ff47f3b2e5c""","https://b2bfiles1.gigab2b.cn/image/wkseller/301/716da26e94c3368cd3a2714566cf3df0.jpg?x-cc=20&x-cu=28909&x-ct=1784098800&x-cs=602607497b14135cdde691af4444327a""","https://b2bfiles1.gigab2b.cn/image/wkseller/301/794eba729d9945ec5de563a10f0d7000.jpg?x-cc=20&x-cu=28909&x-ct=1784098800&x-cs=f88f098b011781d96b25a3b316cc9df0""","https://b2bfiles1.gigab2b.cn/image/wkseller/301/a79feb391e4d22855df7cdf0c629bdf4.jpg?x-cc=20&x-cu=28909&x-ct=1784098800&x-cs=5adb4be0ba41f2c1ac5e4dfeca2b1c36""","https://b2bfiles1.gigab2b.cn/image/wkseller/301/79e3b12a661ba8ff20674e8d808529b5.jpg?x-cc=20&x-cu=28909&x-ct=1784098800&x-cs=e34d1266a8ef235e2a8ae01e57d3420f""","https://b2bfiles1.gigab2b.cn/image/wkseller/301/d53248376c5bd862d4eb06e7025a3db9.jpg?x-cc=20&x-cu=28909&x-ct=1784098800&x-cs=7eafbe06a60dc414580cc1f524f61a08""","https://b2bfiles1.gigab2b.cn/image/wkseller/301/f84c878d0e847d2267b34b485f80b9a9.jpg?x-cc=20&x-cu=28909&x-ct=1784098800&x-cs=ab0524f73e7ce3420e28415cbe865c8c""","https://b2bfiles1.gigab2b.cn/image/wkseller/301/a3fcbcca14f53e6778ce809e47023159.jpg?x-cc=20&x-cu=28909&x-ct=1784098800&x-cs=7f41fc53c763259121e1c6969be276a4""","https://b2bfiles1.gigab2b.cn/image/wkseller/301/d122e71f3f4509bb9a03d1c6925493ef.jpg?x-cc=20&x-cu=28909&x-ct=1784098800&x-cs=bb0866210ff2b94bd3222f07f483c006""","https://b2bfiles1.gigab2b.cn/image/wkseller/301/036f3ac3e683577be2503dc4631e9311.jpg?x-cc=20&x-cu=28909&x-ct=1784098800&x-cs=b6c1b1e96a3ba510ee38f98efaca9130""","https://b2bfiles1.gigab2b.cn/image/wkseller/301/52fa2bec32b4f5eb479918ecede45051.png?x-cc=20&x-cu=28909&x-ct=1784098800&x-cs=1d5188137315e01f3df65f9200acf68b""","https://b2bfiles1.gigab2b.cn/image/wkseller/301/54a5a711e3d25961d5bd44dfb5bf124c.jpg?x-cc=20&x-cu=28909&x-ct=1784098800&x-cs=fff8d7e7107a389db3e85acb091832f0""","https://b2bfiles1.gigab2b.cn/image/wkseller/301/dfae5f4d423a111d51d876986b6afd55.JPG?x-cc=20&x-cu=28909&x-ct=1784098800&x-cs=7d9c8222da362ee8c9319035037a6db4""","https://b2bfiles1.gigab2b.cn/image/wkseller/301/8f6e85e41efb516f799f12aad07b410d.JPG?x-cc=20&x-cu=28909&x-ct=1784098800&x-cs=e866f716cdf72a31e1bfd985eeef0cab""","https://b2bfiles1.gigab2b.cn/image/wkseller/301/6332ebbd8f1edad56c46149a74eb2018.JPG?x-cc=20&x-cu=28909&x-ct=1784098800&x-cs=8b4f81b587e79b418652c2cf62f2cf6f""","https://b2bfiles1.gigab2b.cn/image/wkseller/301/8a98c8ead0d73e0d95f18bbcce72abc7.JPG?x-cc=20&x-cu=28909&x-ct=1784098800&x-cs=88afe4600a0631e92ddce391159917b1""","https://b2bfiles1.gigab2b.cn/image/wkseller/301/457f2b11d7d6d237bf9b33e94af3100d.JPG?x-cc=20&x-cu=28909&x-ct=1784098800&x-cs=830ce34efce7805b62da055b751ae919""","https://b2bfiles1.gigab2b.cn/image/wkseller/301/2b3acb8aa6425ef262e47b93c3d625b7.JPG?x-cc=20&x-cu=28909&x-ct=1784098800&x-cs=39fadcd3d4da0faea82c530f133a3adf""]",https://pub-606bcd6c031442e4959f73b5435fefd1.r2.dev/shipping-guide.png,『数量限定セール』 スチールロッカー ロッカー おしゃれ 12人用 ホワイト ブラック 鍵付き スペアキー付 スチール製 収納 オフィス 事務所 会社 業務用 スリム かぎ付き 更衣ロッカー オフィスロッカー オフィス用品組立品,"ホムブリスショップへようこそ
♪すべての商品は未開封の新品です
♪フォロー割あり
♪まとめ買い割あり：2点で2%OFF、3点で3%OFF、最大5%（一部商品適用外）
♪発送と送料：在庫品は1～2営業日以内に発送、再入荷商品は入荷後1～2営業日以内に発送いたします。北海道は基本的に追加送料不要です。沖縄への送料は別途お見積りが必須です。

【商品説明】

重量(kg): 34.8
長さ(cm): 110.5
幅(cm): 41.5
高さ(cm): 22
組立時重量: Not Applicable
組立時長さ: Not Applicable
組立時幅: Not Applicable
組立時高さ: Not Applicable
主要素材: Stainless Steel
主要カラー: Black",ブラック,0,N512P500445B,,,,,,,,,,,,,,,,,,,,,,,,,,,,,,,,,,,,,,,19557,mUMNfozwBvStC3zfoTDZKb,1,1,jp13,1,1,1,,,,,,,
"https://www.gigab2b.com/image/no_image.png?x-cc=20&x-cu=28909&x-ct=1784098800&x-cs=72dc39b9a3e3d97b05786c770aeb0a23""","https://b2bfiles1.gigab2b.cn/image/wkseller/301/ee73242f64128cfafcca971ecd0150e9.jpg?x-cc=20&x-cu=28909&x-ct=1784098800&x-cs=ca42dec673f386363efe2857881ec419""","https://b2bfiles1.gigab2b.cn/image/wkseller/301/716da26e94c3368cd3a2714566cf3df0.jpg?x-cc=20&x-cu=28909&x-ct=1784098800&x-cs=602607497b14135cdde691af4444327a""","https://b2bfiles1.gigab2b.cn/image/wkseller/301/794eba729d9945ec5de563a10f0d7000.jpg?x-cc=20&x-cu=28909&x-ct=1784098800&x-cs=f88f098b011781d96b25a3b316cc9df0""","https://b2bfiles1.gigab2b.cn/image/wkseller/301/a79feb391e4d22855df7cdf0c629bdf4.jpg?x-cc=20&x-cu=28909&x-ct=1784098800&x-cs=5adb4be0ba41f2c1ac5e4dfeca2b1c36""","https://b2bfiles1.gigab2b.cn/image/wkseller/301/79e3b12a661ba8ff20674e8d808529b5.jpg?x-cc=20&x-cu=28909&x-ct=1784098800&x-cs=e34d1266a8ef235e2a8ae01e57d3420f""","https://b2bfiles1.gigab2b.cn/image/wkseller/301/d53248376c5bd862d4eb06e7025a3db9.jpg?x-cc=20&x-cu=28909&x-ct=1784098800&x-cs=7eafbe06a60dc414580cc1f524f61a08""","https://b2bfiles1.gigab2b.cn/image/wkseller/301/f84c878d0e847d2267b34b485f80b9a9.jpg?x-cc=20&x-cu=28909&x-ct=1784098800&x-cs=ab0524f73e7ce3420e28415cbe865c8c""","https://b2bfiles1.gigab2b.cn/image/wkseller/301/a3fcbcca14f53e6778ce809e47023159.jpg?x-cc=20&x-cu=28909&x-ct=1784098800&x-cs=7f41fc53c763259121e1c6969be276a4""","https://b2bfiles1.gigab2b.cn/image/wkseller/301/d122e71f3f4509bb9a03d1c6925493ef.jpg?x-cc=20&x-cu=28909&x-ct=1784098800&x-cs=bb0866210ff2b94bd3222f07f483c006""","https://b2bfiles1.gigab2b.cn/image/wkseller/301/036f3ac3e683577be2503dc4631e9311.jpg?x-cc=20&x-cu=28909&x-ct=1784098800&x-cs=b6c1b1e96a3ba510ee38f98efaca9130""","https://b2bfiles1.gigab2b.cn/image/wkseller/301/52fa2bec32b4f5eb479918ecede45051.png?x-cc=20&x-cu=28909&x-ct=1784098800&x-cs=1d5188137315e01f3df65f9200acf68b""","https://b2bfiles1.gigab2b.cn/image/wkseller/301/54a5a711e3d25961d5bd44dfb5bf124c.jpg?x-cc=20&x-cu=28909&x-ct=1784098800&x-cs=fff8d7e7107a389db3e85acb091832f0""","https://b2bfiles1.gigab2b.cn/image/wkseller/301/27474192dec01b3e9ff6afd53a0bda2f.jpg?x-cc=20&x-cu=28909&x-ct=1784098800&x-cs=e69c6f72ba25b3cbb70024fef2ac5b00""","https://b2bfiles1.gigab2b.cn/image/wkseller/301/f70e9f115749f25c2ad7dd5d2db37551.jpg?x-cc=20&x-cu=28909&x-ct=1784098800&x-cs=1b30851578b64348efd9e57c81b5e141""","https://b2bfiles1.gigab2b.cn/image/wkseller/301/acb69a5488c6de3668938cbbe6812b3d.jpg?x-cc=20&x-cu=28909&x-ct=1784098800&x-cs=c1119a746b7f1f8bc323b5a28c3b1656""","https://b2bfiles1.gigab2b.cn/image/wkseller/301/2ea110dd9dcf94cf50366fef672981b7.jpg?x-cc=20&x-cu=28909&x-ct=1784098800&x-cs=25d2d5d79f0902db5704880064e4dd9a""","https://b2bfiles1.gigab2b.cn/image/wkseller/301/0b0322ec3fdec2552094b2e30a12cba2.jpg?x-cc=20&x-cu=28909&x-ct=1784098800&x-cs=f4ca4268e6de3463305f037c570a9c7b""","https://b2bfiles1.gigab2b.cn/image/wkseller/301/ee83c10bb31730a905fe54cb9b3a3abf.jpg?x-cc=20&x-cu=28909&x-ct=1784098800&x-cs=b2af1d53f066d7bc58be44a01e841325""",https://pub-606bcd6c031442e4959f73b5435fefd1.r2.dev/shipping-guide.png,『数量限定セール』 スチールロッカー ロッカー おしゃれ 12人用 ホワイト ブラック 鍵付き スペアキー付 スチール製 収納 オフィス 事務所 会社 業務用 スリム かぎ付き 更衣ロッカー オフィスロッカー オフィス用品組立品,"ホムブリスショップへようこそ
♪すべての商品は未開封の新品です
♪フォロー割あり
♪まとめ買い割あり：2点で2%OFF、3点で3%OFF、最大5%（一部商品適用外）
♪発送と送料：在庫品は1～2営業日以内に発送、再入荷商品は入荷後1～2営業日以内に発送いたします。北海道は基本的に追加送料不要です。沖縄への送料は別途お見積りが必須です。

【商品説明】

重量(kg): 34.8
長さ(cm): 110.5
幅(cm): 41.5
高さ(cm): 22
組立時重量: Not Applicable
組立時長さ: Not Applicable
組立時幅: Not Applicable
組立時高さ: Not Applicable
主要素材: Stainless Steel
主要カラー: White",ホワイト,0,N512P500445W,,,,,,,,,,,,,,,,,,,,,,,,,,,,,,,,,,,,,,,19557,mUMNfozwBvStC3zfoTDZKb,1,1,jp13,1,1,1,,,,,,,
"https://www.gigab2b.com/image/no_image.png?x-cc=20&x-cu=28909&x-ct=1784098800&x-cs=72dc39b9a3e3d97b05786c770aeb0a23""","https://b2bfiles1.gigab2b.cn/image/wkseller/301/19af4d4ef8bddd606746647a76c86133.jpg?x-cc=20&x-cu=28909&x-ct=1784098800&x-cs=ce22dd894b7af975ca16d9bcbe0edbf3""","https://b2bfiles1.gigab2b.cn/image/wkseller/301/e0803e91f6264d6daa24d667ebf4f0b8.jpg?x-cc=20&x-cu=28909&x-ct=1784098800&x-cs=0b2260aa2aedb961e52e3950fd2e4c63""","https://b2bfiles1.gigab2b.cn/image/wkseller/301/60878ae9082f21ebea09ed613255e924.jpg?x-cc=20&x-cu=28909&x-ct=1784098800&x-cs=5d6315c00ec31c520dec5eac2f991531""","https://b2bfiles1.gigab2b.cn/image/wkseller/301/bd48c2d8853c5d35d029531a899b0ec5.jpg?x-cc=20&x-cu=28909&x-ct=1784098800&x-cs=65e70dc0a5b590f24097294cc3ec6f2c""","https://b2bfiles1.gigab2b.cn/image/wkseller/301/eafec6a9a6d400a812ddfdfa61400345.jpg?x-cc=20&x-cu=28909&x-ct=1784098800&x-cs=a158684adbd470a7a3330713ebdb458e""","https://b2bfiles1.gigab2b.cn/image/wkseller/301/9d084c6d0dc0f8e8bea823e370bbb6ce.jpg?x-cc=20&x-cu=28909&x-ct=1784098800&x-cs=d6ff2e1c927671359f1c4549ed5b3b41""","https://b2bfiles1.gigab2b.cn/image/wkseller/301/84d4cd14790e9b8f64d37e6648a4f39a.jpg?x-cc=20&x-cu=28909&x-ct=1784098800&x-cs=a4327174224495e7ff5be5b467f790b9""","https://b2bfiles1.gigab2b.cn/image/wkseller/301/6c892214cbb71733687be352c88acf71.jpg?x-cc=20&x-cu=28909&x-ct=1784098800&x-cs=642729731a80649893db050fb9577fe6""","https://b2bfiles1.gigab2b.cn/image/wkseller/301/68152f6e5b06fe79af3b994b10d4f903.jpg?x-cc=20&x-cu=28909&x-ct=1784098800&x-cs=d1bef69158fc9b889063abcaef8ce1d4""","https://b2bfiles1.gigab2b.cn/image/wkseller/301/e43cb3eaeb439dcd123b94fdde6994c5.jpg?x-cc=20&x-cu=28909&x-ct=1784098800&x-cs=dd0d626ca28e4e6195fef9fb2dbc5afe""","https://b2bfiles1.gigab2b.cn/image/wkseller/301/96a6434d902d89d47272bc0147a8ee06.jpg?x-cc=20&x-cu=28909&x-ct=1784098800&x-cs=c0fa372d3301cd11878d7e1c80364267""","https://b2bfiles1.gigab2b.cn/image/wkseller/301/54c746f4b6b178e2f17e8a8256745ee1.jpg?x-cc=20&x-cu=28909&x-ct=1784098800&x-cs=ea78fe4e8f9dd6b5e245609d32e0bac4""","https://b2bfiles1.gigab2b.cn/image/wkseller/301/48e377ff0047448c0d41c8d62ec432e5.jpg?x-cc=20&x-cu=28909&x-ct=1784098800&x-cs=bae27943846c3786f6bb0afdcd32465c""","https://b2bfiles1.gigab2b.cn/image/wkseller/301/e08be9489f11310ccc2923c4085e8e21.jpg?x-cc=20&x-cu=28909&x-ct=1784098800&x-cs=391b74266a53a1da1e5688d235bdca1a""","https://b2bfiles1.gigab2b.cn/image/wkseller/301/e83d22cddbd1d37da07e85befa980c21.jpg?x-cc=20&x-cu=28909&x-ct=1784098800&x-cs=15d61bb312c3f1cf334cffc9b7a6b709""","https://b2bfiles1.gigab2b.cn/image/wkseller/301/b6427b7f6302af95bb172ba641bb22ab.jpg?x-cc=20&x-cu=28909&x-ct=1784098800&x-cs=1e10c3986460dcd6ad0a0f40198c50b7""","https://b2bfiles1.gigab2b.cn/image/wkseller/301/28f2a864a9a6c6aff58e577e2b623c79.jpg?x-cc=20&x-cu=28909&x-ct=1784098800&x-cs=0538a30668359b4bd4bc150bec56bc55""","https://b2bfiles1.gigab2b.cn/image/wkseller/301/6ee5303526da96795310e367ccc23474.JPG?x-cc=20&x-cu=28909&x-ct=1784098800&x-cs=0a672bbdc2c7bfc12c696c70e8adf391""",https://pub-606bcd6c031442e4959f73b5435fefd1.r2.dev/shipping-guide.png,『数量限定セール』 キャビネット スチール製 デスクワゴン 引き出し サイドボード チェスト 収納棚 リビングボード 両開き扉 大容量収納 テレビ台 作業台 間仕切りカウンター タンス 漫画 衣類 収納 おしゃれ リビング 寝室 ランドリーチェ 組立品,"ホムブリスショップへようこそ
♪すべての商品は未開封の新品です
♪フォロー割あり
♪まとめ買い割あり：2点で2%OFF、3点で3%OFF、最大5%（一部商品適用外）
♪発送と送料：在庫品は1～2営業日以内に発送、再入荷商品は入荷後1～2営業日以内に発送いたします。北海道は基本的に追加送料不要です。沖縄への送料は別途お見積りが必須です。

【商品説明】

重量(kg): 26
長さ(cm): 89
幅(cm): 49
高さ(cm): 20
組立時重量: Not Applicable
組立時長さ: Not Applicable
組立時幅: Not Applicable
組立時高さ: Not Applicable
主要素材: Stainless Steel
主要カラー: White",ホワイト,0,N512P500452W,,,,,,,,,,,,,,,,,,,,,,,,,,,,,,,,,,,,,,,14205,9F9UQUdqrevazC22do3gx7,1,1,jp13,1,1,1,,,,,,,
"https://b2bfiles1.gigab2b.cn/image/wkseller/301/ad848526232d585ddc1acc63353a3449.jpg?x-cc=20&x-cu=28909&x-ct=1784098800&x-cs=a8deb2d239e31e516657ca2a3feb858b""","https://b2bfiles1.gigab2b.cn/image/wkseller/301/64e433556994fcaa61f29854c15fcc08.jpg?x-cc=20&x-cu=28909&x-ct=1784098800&x-cs=03e3f2be2fc4bd00fe0a480556bf792b""","https://b2bfiles1.gigab2b.cn/image/wkseller/301/6343510ccd9172dda5ad5fd1329385ae.jpg?x-cc=20&x-cu=28909&x-ct=1784098800&x-cs=e107909e3aadb28c6b4572bcdfdf2836""","https://b2bfiles1.gigab2b.cn/image/wkseller/301/00991474b1f7bf9aa8d2e6641daae116.jpg?x-cc=20&x-cu=28909&x-ct=1784098800&x-cs=d6a6c372d9c2b2bc1724f4bbf3a6325b""","https://b2bfiles1.gigab2b.cn/image/wkseller/301/004948a409fbc56f3146276433889700.jpg?x-cc=20&x-cu=28909&x-ct=1784098800&x-cs=9e82318f8911364dcd392963d232f3cc""","https://b2bfiles1.gigab2b.cn/image/wkseller/301/3d4bcff5d16fadd564eb2c357d083b8d.jpg?x-cc=20&x-cu=28909&x-ct=1784098800&x-cs=b5b6a1785f8f87d66df4f8491f7a41a7""","https://b2bfiles1.gigab2b.cn/image/wkseller/301/dcc10d0ef26a54188b2b10c41f9ba08f.jpg?x-cc=20&x-cu=28909&x-ct=1784098800&x-cs=80b9e7b986dd364943f38a3a7f657973""","https://b2bfiles1.gigab2b.cn/image/wkseller/301/919b8c3d5616972a78e613d45acd2f86.jpg?x-cc=20&x-cu=28909&x-ct=1784098800&x-cs=fd1a1b42fba831b44280d0dd2d71f3d2""","https://b2bfiles1.gigab2b.cn/image/wkseller/301/20f1f8101ce5b3a6c96af267ed70bcc3.jpg?x-cc=20&x-cu=28909&x-ct=1784098800&x-cs=c6b39da3b9b616367fd9eac3fe82ea8f""","https://b2bfiles1.gigab2b.cn/image/wkseller/301/76fd437e4baca3e3e1577cf314cb8378.jpg?x-cc=20&x-cu=28909&x-ct=1784098800&x-cs=2a3ceb92c5f3a13fafa2bcbfb1a547f2""","https://b2bfiles1.gigab2b.cn/image/wkseller/301/0b56f8f3211581fced4d6b7e3d9d2dbf.jpg?x-cc=20&x-cu=28909&x-ct=1784098800&x-cs=ce6f14d8ca12eb4f51ddd4fc9d4d8fb0""","https://b2bfiles1.gigab2b.cn/image/wkseller/301/c5a841945df70b818401cc33b2dd41ec.jpg?x-cc=20&x-cu=28909&x-ct=1784098800&x-cs=dab84fcd2a6a96d9c3254f39f5c6cb95""","https://b2bfiles1.gigab2b.cn/image/wkseller/301/17a1826b1d1ee383fee03764eb5860b2.jpg?x-cc=20&x-cu=28909&x-ct=1784098800&x-cs=172563dc48eb6ceb9b5a709de5686a67""","https://b2bfiles1.gigab2b.cn/image/wkseller/301/b364c89e498f69dccf18e4b6b77ae825.jpg?x-cc=20&x-cu=28909&x-ct=1784098800&x-cs=24c019c934576bf94da3ff03e729dd9f""","https://b2bfiles1.gigab2b.cn/image/wkseller/301/241b673ec864c9834108dedcb235097e.jpg?x-cc=20&x-cu=28909&x-ct=1784098800&x-cs=4186abce94502a9708960e9ab813595f""","https://b2bfiles1.gigab2b.cn/image/wkseller/301/64fd001381b0ae9dc73aaa86bc969112.jpg?x-cc=20&x-cu=28909&x-ct=1784098800&x-cs=1e12940eec8d67fb055d556bfab8557f""","https://b2bfiles1.gigab2b.cn/image/wkseller/301/f4fff623221a09a31e8e5e4df52ad3f3.png?x-cc=20&x-cu=28909&x-ct=1784098800&x-cs=15bb9b4dbe8ad4331661ad5f93822917""","https://b2bfiles1.gigab2b.cn/image/wkseller/301/4b5babf93e1e3f813b3a2d2e393a5a75.jpg?x-cc=20&x-cu=28909&x-ct=1784098800&x-cs=76b6be6161af21bb17b3875021faa134""","https://b2bfiles1.gigab2b.cn/image/wkseller/301/9fad1f638035e0a6421f49134e609a94.png?x-cc=20&x-cu=28909&x-ct=1784098800&x-cs=7dc47b0e43ae19dac117b7d4ef51e966""",https://pub-606bcd6c031442e4959f73b5435fefd1.r2.dev/shipping-guide.png,【新作】【ナチュラル】ロフトベッド 天然木ベッド 階段付き シングル ベッド シングルベッド ロータイプ ロフトベッドロータイプ 木 収納 北欧風 おしゃれ 子供部屋 耐震 ベッド組立品,"ホムブリスショップへようこそ
♪すべての商品は未開封の新品です
♪フォロー割あり
♪まとめ買い割あり：2点で2%OFF、3点で3%OFF、最大5%（一部商品適用外）
♪発送と送料：在庫品は1～2営業日以内に発送、再入荷商品は入荷後1～2営業日以内に発送いたします。北海道は基本的に追加送料不要です。沖縄への送料は別途お見積りが必須です。

【商品説明】

重量(kg): 38.9
長さ(cm): 199
幅(cm): 42.5
高さ(cm): 13
組立時重量: Not Applicable
組立時長さ: Not Applicable
組立時幅: Not Applicable
組立時高さ: Not Applicable
主要素材: Solid Wood
主要カラー: Natural",ナチュラル,0,N512P501956N,,,,,,,,,,,,,,,,,,,,,,,,,,,,,,,,,,,,,,,26483,TH4acvDBAupdG2TnrVGVuC,1,1,jp13,1,1,1,,,,,,,
"https://b2bfiles1.gigab2b.cn/image/wkseller/301/4bee65ec80515eb79d5460b2bcdae416.jpg?x-cc=20&x-cu=28909&x-ct=1784098800&x-cs=e6803c25f274ec00e932c21d5683daa4""","https://b2bfiles1.gigab2b.cn/image/wkseller/301/64e433556994fcaa61f29854c15fcc08.jpg?x-cc=20&x-cu=28909&x-ct=1784098800&x-cs=03e3f2be2fc4bd00fe0a480556bf792b""","https://b2bfiles1.gigab2b.cn/image/wkseller/301/7213ccd8b70fc1efb8fabb73a98ad6d7.jpg?x-cc=20&x-cu=28909&x-ct=1784098800&x-cs=01865679b2734561cef4be190052791c""","https://b2bfiles1.gigab2b.cn/image/wkseller/301/6343510ccd9172dda5ad5fd1329385ae.jpg?x-cc=20&x-cu=28909&x-ct=1784098800&x-cs=e107909e3aadb28c6b4572bcdfdf2836""","https://b2bfiles1.gigab2b.cn/image/wkseller/301/00991474b1f7bf9aa8d2e6641daae116.jpg?x-cc=20&x-cu=28909&x-ct=1784098800&x-cs=d6a6c372d9c2b2bc1724f4bbf3a6325b""","https://b2bfiles1.gigab2b.cn/image/wkseller/301/004948a409fbc56f3146276433889700.jpg?x-cc=20&x-cu=28909&x-ct=1784098800&x-cs=9e82318f8911364dcd392963d232f3cc""","https://b2bfiles1.gigab2b.cn/image/wkseller/301/3d4bcff5d16fadd564eb2c357d083b8d.jpg?x-cc=20&x-cu=28909&x-ct=1784098800&x-cs=b5b6a1785f8f87d66df4f8491f7a41a7""","https://b2bfiles1.gigab2b.cn/image/wkseller/301/dcc10d0ef26a54188b2b10c41f9ba08f.jpg?x-cc=20&x-cu=28909&x-ct=1784098800&x-cs=80b9e7b986dd364943f38a3a7f657973""","https://b2bfiles1.gigab2b.cn/image/wkseller/301/919b8c3d5616972a78e613d45acd2f86.jpg?x-cc=20&x-cu=28909&x-ct=1784098800&x-cs=fd1a1b42fba831b44280d0dd2d71f3d2""","https://b2bfiles1.gigab2b.cn/image/wkseller/301/20f1f8101ce5b3a6c96af267ed70bcc3.jpg?x-cc=20&x-cu=28909&x-ct=1784098800&x-cs=c6b39da3b9b616367fd9eac3fe82ea8f""","https://b2bfiles1.gigab2b.cn/image/wkseller/301/76fd437e4baca3e3e1577cf314cb8378.jpg?x-cc=20&x-cu=28909&x-ct=1784098800&x-cs=2a3ceb92c5f3a13fafa2bcbfb1a547f2""","https://b2bfiles1.gigab2b.cn/image/wkseller/301/0b56f8f3211581fced4d6b7e3d9d2dbf.jpg?x-cc=20&x-cu=28909&x-ct=1784098800&x-cs=ce6f14d8ca12eb4f51ddd4fc9d4d8fb0""","https://b2bfiles1.gigab2b.cn/image/wkseller/301/c5a841945df70b818401cc33b2dd41ec.jpg?x-cc=20&x-cu=28909&x-ct=1784098800&x-cs=dab84fcd2a6a96d9c3254f39f5c6cb95""","https://b2bfiles1.gigab2b.cn/image/wkseller/301/17a1826b1d1ee383fee03764eb5860b2.jpg?x-cc=20&x-cu=28909&x-ct=1784098800&x-cs=172563dc48eb6ceb9b5a709de5686a67""","https://b2bfiles1.gigab2b.cn/image/wkseller/301/b364c89e498f69dccf18e4b6b77ae825.jpg?x-cc=20&x-cu=28909&x-ct=1784098800&x-cs=24c019c934576bf94da3ff03e729dd9f""","https://b2bfiles1.gigab2b.cn/image/wkseller/301/241b673ec864c9834108dedcb235097e.jpg?x-cc=20&x-cu=28909&x-ct=1784098800&x-cs=4186abce94502a9708960e9ab813595f""","https://b2bfiles1.gigab2b.cn/image/wkseller/301/16b0a67216ac65e84ff662241dfa6dfa.png?x-cc=20&x-cu=28909&x-ct=1784098800&x-cs=6f10f70ca0b292e74c0a101b89778684""","https://b2bfiles1.gigab2b.cn/image/wkseller/301/465246bb4f26a011ce7e5a4949725963.jpg?x-cc=20&x-cu=28909&x-ct=1784098800&x-cs=45fb270a35404b76867ebd89d91b64e5""","https://b2bfiles1.gigab2b.cn/image/wkseller/301/17924a61188dcd77058f0e8c009b73dd.jpg?x-cc=20&x-cu=28909&x-ct=1784098800&x-cs=eb196fea96c05102e4f7c334d564036b""",https://pub-606bcd6c031442e4959f73b5435fefd1.r2.dev/shipping-guide.png,【新作】ロフトベッド 天然木ベッド 階段付き シングル ベッド シングルベッド ロータイプ ロフトベッドロータイプ 木 収納 北欧風 おしゃれ 子供部屋 耐震 ベッド組立品,"ホムブリスショップへようこそ
♪すべての商品は未開封の新品です
♪フォロー割あり
♪まとめ買い割あり：2点で2%OFF、3点で3%OFF、最大5%（一部商品適用外）
♪発送と送料：在庫品は1～2営業日以内に発送、再入荷商品は入荷後1～2営業日以内に発送いたします。北海道は基本的に追加送料不要です。沖縄への送料は別途お見積りが必須です。

【商品説明】

重量(kg): 38.9
長さ(cm): 199
幅(cm): 42.5
高さ(cm): 13
組立時重量: Not Applicable
組立時長さ: Not Applicable
組立時幅: Not Applicable
組立時高さ: Not Applicable
主要素材: Solid Wood
主要カラー: White",ホワイト,0,N512P501956W,,,,,,,,,,,,,,,,,,,,,,,,,,,,,,,,,,,,,,,26483,TH4acvDBAupdG2TnrVGVuC,1,1,jp13,1,1,1,,,,,,,
"https://www.gigab2b.com/image/no_image.png?x-cc=20&x-cu=28909&x-ct=1784098800&x-cs=72dc39b9a3e3d97b05786c770aeb0a23""","https://b2bfiles1.gigab2b.cn/image/wkseller/301/ed433b224281e0a41f22d1ebc25616e5.jpg?x-cc=20&x-cu=28909&x-ct=1784098800&x-cs=1a4c943116c3d9ca9aff1672b8172076""","https://b2bfiles1.gigab2b.cn/image/wkseller/301/bd1c1db1236b3d948baa5e07fbd5328c.jpg?x-cc=20&x-cu=28909&x-ct=1784098800&x-cs=e5e8f75b0ac0477b6f485c57ff2686cb""","https://b2bfiles1.gigab2b.cn/image/wkseller/301/fd91ce1dc4cc897e7eb2c074b6cbb16e.jpg?x-cc=20&x-cu=28909&x-ct=1784098800&x-cs=099fbc09c5e53157eb08e834f87cd2a4""","https://b2bfiles1.gigab2b.cn/image/wkseller/301/44131f1acce1f6b536bcbbe36824c609.jpg?x-cc=20&x-cu=28909&x-ct=1784098800&x-cs=17396c9f491074a91da31fab7d8d61db""","https://b2bfiles1.gigab2b.cn/image/wkseller/301/d16698e1ba7d15306a9106b5c62c86d8.jpg?x-cc=20&x-cu=28909&x-ct=1784098800&x-cs=880a7e41419d1e7772b2df96ec028969""","https://b2bfiles1.gigab2b.cn/image/wkseller/301/be1c0e9290a72fee55256d352f035dd1.jpg?x-cc=20&x-cu=28909&x-ct=1784098800&x-cs=25b4892e2300ad444cc1d9ef8ec53b1a""","https://b2bfiles1.gigab2b.cn/image/wkseller/301/b954f7b76ad7e5cf4845fca783cd57cc.jpg?x-cc=20&x-cu=28909&x-ct=1784098800&x-cs=45f52fb1ed4d062cf7da905fe3f4491a""","https://b2bfiles1.gigab2b.cn/image/wkseller/301/adf6a664ae331baffc206fd47fe8548b.jpg?x-cc=20&x-cu=28909&x-ct=1784098800&x-cs=9943ecb1284e51d7dc4325fd348962a5""","https://b2bfiles1.gigab2b.cn/image/wkseller/301/eb96ab99da706522b6ccb2f3c8e9f30b.jpg?x-cc=20&x-cu=28909&x-ct=1784098800&x-cs=c70b51adb158432cd37ed9072398de88""","https://b2bfiles1.gigab2b.cn/image/wkseller/301/cd1a32ca7ea1435fb188fcd075d76747.jpg?x-cc=20&x-cu=28909&x-ct=1784098800&x-cs=c61646a13f82765a41a3b64278e70785""","https://b2bfiles1.gigab2b.cn/image/wkseller/301/65cf43ca338e7d0ea6657ba92bf15e78.jpg?x-cc=20&x-cu=28909&x-ct=1784098800&x-cs=e7bec3d6b45b0519c7d274b7430f2f32""","https://b2bfiles1.gigab2b.cn/image/wkseller/301/7bbc7e36f6ddf4e24472df00bac981ab.jpg?x-cc=20&x-cu=28909&x-ct=1784098800&x-cs=41a51a2236efdde954b1f9b174731fea""","https://b2bfiles1.gigab2b.cn/image/wkseller/301/df2d597b0379b9e195918cd5dcd662d9.jpg?x-cc=20&x-cu=28909&x-ct=1784098800&x-cs=ecd0ef397b4cde0472aeca8ab303d246""","https://b2bfiles1.gigab2b.cn/image/wkseller/301/478443f51367c5cec6c32a8b62b8a699.jpg?x-cc=20&x-cu=28909&x-ct=1784098800&x-cs=c31dabfd249ca8501a04eb20944689e0""","https://b2bfiles1.gigab2b.cn/image/wkseller/301/91bbe039f5ee928b7250d87362fdf761.jpg?x-cc=20&x-cu=28909&x-ct=1784098800&x-cs=c117a21ffbddd491fe1bb705a606a31a""","https://b2bfiles1.gigab2b.cn/image/wkseller/301/a2aca0e4c111bb44400fa76ddf3c835e.jpg?x-cc=20&x-cu=28909&x-ct=1784098800&x-cs=1e6d42229389eaac54ba510c657021bd""","https://b2bfiles1.gigab2b.cn/image/wkseller/301/d142a7ff842837a5e528480c6d105018.jpg?x-cc=20&x-cu=28909&x-ct=1784098800&x-cs=7dff6e2a9d901df02b87dd9001b98130""","https://b2bfiles1.gigab2b.cn/image/wkseller/301/e19f4e49ed076367606f72916aaaf861.jpg?x-cc=20&x-cu=28909&x-ct=1784098800&x-cs=dfed45d1a6b90845e9b9c270deaffb05""",https://pub-606bcd6c031442e4959f73b5435fefd1.r2.dev/shipping-guide.png,『数量限定セール』 キャビネット スチール製 デスクワゴン 引き出し サイドボード チェスト 収納棚 リビングボード 両開き扉 大容量収納 テレビ台 作業台 間仕切りカウンター タンス 漫画 衣類 収納 おしゃれ リビング 寝室 ランドリーチェ 組立品,"ホムブリスショップへようこそ
♪すべての商品は未開封の新品です
♪フォロー割あり
♪まとめ買い割あり：2点で2%OFF、3点で3%OFF、最大5%（一部商品適用外）
♪発送と送料：在庫品は1～2営業日以内に発送、再入荷商品は入荷後1～2営業日以内に発送いたします。北海道は基本的に追加送料不要です。沖縄への送料は別途お見積りが必須です。

【商品説明】

重量(kg): 19.15
長さ(cm): 93
幅(cm): 38.5
高さ(cm): 16.3
組立時重量: Not Applicable
組立時長さ: Not Applicable
組立時幅: Not Applicable
組立時高さ: Not Applicable
主要素材: Stainless Steel
主要カラー: White",ホワイト,0,N512P512952W,,,,,,,,,,,,,,,,,,,,,,,,,,,,,,,,,,,,,,,14501,9F9UQUdqrevazC22do3gx7,1,1,jp13,1,1,1,,,,,,,
"https://www.gigab2b.com/image/no_image.png?x-cc=20&x-cu=28909&x-ct=1784098800&x-cs=72dc39b9a3e3d97b05786c770aeb0a23""","https://b2bfiles1.gigab2b.cn/image/wkseller/301/ddf00570b5667cf2f066c21ce9b739af.jpg?x-cc=20&x-cu=28909&x-ct=1784098800&x-cs=43b9fff0d0070e27084229d2302a3f66""","https://b2bfiles1.gigab2b.cn/image/wkseller/301/14377e6fc97106bad7eea6b0fee33c92.jpg?x-cc=20&x-cu=28909&x-ct=1784098800&x-cs=1b252fdff6375b69f5253eb48e7b778f""","https://b2bfiles1.gigab2b.cn/image/wkseller/301/860cb3257366e893aca84b37725e8a35.jpg?x-cc=20&x-cu=28909&x-ct=1784098800&x-cs=2f32fd687d0731a3bd5e8deb179c145e""","https://b2bfiles1.gigab2b.cn/image/wkseller/301/c939184a19386b353f8f6288f4050194.jpg?x-cc=20&x-cu=28909&x-ct=1784098800&x-cs=2ae005eaf24a8a26aef3af14a9836cee""","https://b2bfiles1.gigab2b.cn/image/wkseller/301/ac20038177e1e43712cb9634cbdf201a.jpg?x-cc=20&x-cu=28909&x-ct=1784098800&x-cs=19f1dd0b4ff34357eb891ef09446ddd5""","https://b2bfiles1.gigab2b.cn/image/wkseller/301/a1768b83e452cbe9d1088c69b5d00398.jpg?x-cc=20&x-cu=28909&x-ct=1784098800&x-cs=0e7881cbc5961bb8975974ea75fa0847""","https://b2bfiles1.gigab2b.cn/image/wkseller/301/2dcfe9932587d7a1e1c7ff74070e62f3.jpg?x-cc=20&x-cu=28909&x-ct=1784098800&x-cs=56150f6104b1c7a807420c725e2e78f8""","https://b2bfiles1.gigab2b.cn/image/wkseller/301/0aa1c2258a13f9d91bcd1ba88ef8e530.jpg?x-cc=20&x-cu=28909&x-ct=1784098800&x-cs=058799ee2520cea49edfaf8e89c9c362""","https://b2bfiles1.gigab2b.cn/image/wkseller/301/b6d02f28b7f3e49a35d572df4a24e71f.jpg?x-cc=20&x-cu=28909&x-ct=1784098800&x-cs=f5fcd84c77302a876a44a294267f5cf2""","https://b2bfiles1.gigab2b.cn/image/wkseller/301/b6638e6e90324ef0462d1cb33589f2f3.jpg?x-cc=20&x-cu=28909&x-ct=1784098800&x-cs=94b78d5b8f93055467c7eabae683fe32""","https://b2bfiles1.gigab2b.cn/image/wkseller/301/efbe76c2171b3eb0d1087ac5adc93a72.jpg?x-cc=20&x-cu=28909&x-ct=1784098800&x-cs=2df08d763fa54719e5dc950c1b86366e""","https://b2bfiles1.gigab2b.cn/image/wkseller/301/70e99dd8d380e0740ccfd3f4f991408f.jpg?x-cc=20&x-cu=28909&x-ct=1784098800&x-cs=378360521e855f5cca79fe3d94e57804""","https://b2bfiles1.gigab2b.cn/image/wkseller/301/1a9ac3a83f6908c53169857cd42abd63.jpg?x-cc=20&x-cu=28909&x-ct=1784098800&x-cs=fd8b7ae9457c7f2d70dad4c6ddb87041""","https://b2bfiles1.gigab2b.cn/image/wkseller/301/658e8a126b841cf5e23e7e7398dae089.jpg?x-cc=20&x-cu=28909&x-ct=1784098800&x-cs=8515a61f808f2876b470dd6f79a7d7fb""","https://b2bfiles1.gigab2b.cn/image/wkseller/301/926838ceb8591972436514d6cc7613e1.jpg?x-cc=20&x-cu=28909&x-ct=1784098800&x-cs=d5adb7d8f221e588cd76549693b1498e""","https://b2bfiles1.gigab2b.cn/image/wkseller/301/b8f1d4bffe2764460c053a3f6126af0f.jpg?x-cc=20&x-cu=28909&x-ct=1784098800&x-cs=2f25518ea96b6758177bc5578346073b""","https://b2bfiles1.gigab2b.cn/image/wkseller/301/58567dc6f4f8fc31286a1d63f23c9907.jpg?x-cc=20&x-cu=28909&x-ct=1784098800&x-cs=c615b35bd731eb773094f44f0b990de0""","https://b2bfiles1.gigab2b.cn/image/wkseller/301/5416ae2541acb8cb0e9ec7df7b3b82ee.jpg?x-cc=20&x-cu=28909&x-ct=1784098800&x-cs=5197573491516aacce371319e03f6206""",https://pub-606bcd6c031442e4959f73b5435fefd1.r2.dev/shipping-guide.png,『数量限定セール』 キャビネット スチール製 デスクワゴン 引き出し サイドボード チェスト 収納棚 リビングボード 両開き扉 大容量収納 テレビ台 作業台 間仕切りカウンター タンス 漫画 衣類 収納 おしゃれ リビング 寝室 ランドリーチェ 組立品,"ホムブリスショップへようこそ
♪すべての商品は未開封の新品です
♪フォロー割あり
♪まとめ買い割あり：2点で2%OFF、3点で3%OFF、最大5%（一部商品適用外）
♪発送と送料：在庫品は1～2営業日以内に発送、再入荷商品は入荷後1～2営業日以内に発送いたします。北海道は基本的に追加送料不要です。沖縄への送料は別途お見積りが必須です。

【商品説明】

重量(kg): 18.6
長さ(cm): 93
幅(cm): 38
高さ(cm): 18
組立時重量: Not Applicable
組立時長さ: Not Applicable
組立時幅: Not Applicable
組立時高さ: Not Applicable
主要素材: Stainless Steel
主要カラー: White",ホワイト,0,N512P512953W,,,,,,,,,,,,,,,,,,,,,,,,,,,,,,,,,,,,,,,13801,9F9UQUdqrevazC22do3gx7,1,1,jp13,1,1,1,,,,,,,
"https://www.gigab2b.com/image/no_image.png?x-cc=20&x-cu=28909&x-ct=1784098800&x-cs=72dc39b9a3e3d97b05786c770aeb0a23""","https://b2bfiles1.gigab2b.cn/image/wkseller/301/fde39ae23833b74ff025141f78b720f6.jpg?x-cc=20&x-cu=28909&x-ct=1784098800&x-cs=f9245a24aa131c471da32538c228c1ee""","https://b2bfiles1.gigab2b.cn/image/wkseller/301/fe695341be9f5f375330e0d3568a67a0.jpg?x-cc=20&x-cu=28909&x-ct=1784098800&x-cs=1e9cb6310d32d865b5830a0326c64013""","https://b2bfiles1.gigab2b.cn/image/wkseller/301/f178247f19d03d8d4ac2f082c97fe79c.jpg?x-cc=20&x-cu=28909&x-ct=1784098800&x-cs=545481f7b1a38dbb5487b8a4d9aa00f8""","https://b2bfiles1.gigab2b.cn/image/wkseller/301/983d2e8737a16b0f1e692adb3a6ee834.jpg?x-cc=20&x-cu=28909&x-ct=1784098800&x-cs=62ea6f63dfba94b3656db0ce4cf085bc""","https://b2bfiles1.gigab2b.cn/image/wkseller/301/f204a2e1fefec325c58d35d3f809d35c.jpg?x-cc=20&x-cu=28909&x-ct=1784098800&x-cs=c0deb21adfd1c3efe5bad5bb4bce8c5e""","https://b2bfiles1.gigab2b.cn/image/wkseller/301/6d13f2e34c0149e616598045865146bd.jpg?x-cc=20&x-cu=28909&x-ct=1784098800&x-cs=346b20a2c2133d6f3dc50d1e5c7332a5""","https://b2bfiles1.gigab2b.cn/image/wkseller/301/c2b24ecb3a4a5376a7f8d8859bf52562.jpg?x-cc=20&x-cu=28909&x-ct=1784098800&x-cs=8b06a8aaf00041e2107c71003d8a145b""","https://b2bfiles1.gigab2b.cn/image/wkseller/301/390cc16cfaf33149292391b860d0a8d8.png?x-cc=20&x-cu=28909&x-ct=1784098800&x-cs=67b4aeaeb0a666ad864002c7ac7a5d9c""","https://b2bfiles1.gigab2b.cn/image/wkseller/301/e50a698f972a21d7571fda306ed42d63.jpg?x-cc=20&x-cu=28909&x-ct=1784098800&x-cs=2a8b7dff0eb48ff963e743d9ef3c0c20""","https://b2bfiles1.gigab2b.cn/image/wkseller/301/729328276074e628ae08c22b18078611.jpg?x-cc=20&x-cu=28909&x-ct=1784098800&x-cs=8a6ea6edc6c2ff2aa5399b9420a54448""","https://b2bfiles1.gigab2b.cn/image/wkseller/301/b1d83ab80f0ed7c2cf75ddee4f079a7e.jpg?x-cc=20&x-cu=28909&x-ct=1784098800&x-cs=6f9e20cc0c55d2fc186ec6bea130c763""","https://b2bfiles1.gigab2b.cn/image/wkseller/301/fe107336a51662378fcdf929340d6cc7.jpg?x-cc=20&x-cu=28909&x-ct=1784098800&x-cs=58454db05d5e5b92037732e4e01a35a3""","https://b2bfiles1.gigab2b.cn/image/wkseller/301/878724120a29f008d27454a2112af12f.jpg?x-cc=20&x-cu=28909&x-ct=1784098800&x-cs=3de48f6448b45bc32563cfe8962a90cd""","https://b2bfiles1.gigab2b.cn/image/wkseller/301/136cba138b2f95135f4b9355631fca72.jpg?x-cc=20&x-cu=28909&x-ct=1784098800&x-cs=6e20481dd4f7ebb28effd82494d42813""","https://b2bfiles1.gigab2b.cn/image/wkseller/301/0ea9149ac35ade7e03821857ea125c78.jpg?x-cc=20&x-cu=28909&x-ct=1784098800&x-cs=64707e547722d1b4651b76e0f12c0f15""","https://b2bfiles1.gigab2b.cn/image/wkseller/301/68bba26959b9741c6916603c3f203be0.jpg?x-cc=20&x-cu=28909&x-ct=1784098800&x-cs=478659e2f88cb7039feda8ee316d299b""","https://b2bfiles1.gigab2b.cn/image/wkseller/301/6f4e29abb65c7bb3fdb87605e7dbb835.jpg?x-cc=20&x-cu=28909&x-ct=1784098800&x-cs=2c87c784b4a54efdc108a0c104e4280c""","https://b2bfiles1.gigab2b.cn/image/wkseller/301/13326687bed473dad9bdfd2d5f4d98ca.jpg?x-cc=20&x-cu=28909&x-ct=1784098800&x-cs=e3d9dada34739294862194783150328a""",https://pub-606bcd6c031442e4959f73b5435fefd1.r2.dev/shipping-guide.png,キャビネット スチール製 デスクワゴン 引き出し サイドボード チェスト 収納棚 リビングボード 両開き扉 大容量収納 テレビ台 作業台 間仕切りカウンター タンス 漫画 衣類 収納 おしゃれ リビング 寝室 ランドリーチェ 組立品,"ホムブリスショップへようこそ
♪すべての商品は未開封の新品です
♪フォロー割あり
♪まとめ買い割あり：2点で2%OFF、3点で3%OFF、最大5%（一部商品適用外）
♪発送と送料：在庫品は1～2営業日以内に発送、再入荷商品は入荷後1～2営業日以内に発送いたします。北海道は基本的に追加送料不要です。沖縄への送料は別途お見積りが必須です。

【商品説明】

重量(kg): 14.9
長さ(cm): 63.5
幅(cm): 37.5
高さ(cm): 16.5
組立時重量: Not Applicable
組立時長さ: Not Applicable
組立時幅: Not Applicable
組立時高さ: Not Applicable
主要素材: Stainless Steel
主要カラー: White",ホワイト,0,N512P512954W,,,,,,,,,,,,,,,,,,,,,,,,,,,,,,,,,,,,,,,12501,9F9UQUdqrevazC22do3gx7,1,1,jp13,1,1,1,,,,,,,
"https://b2bfiles1.gigab2b.cn/image/wkseller/301/9f4d6a65332bcf59610c6065ed6485ac.jpg?x-cc=20&x-cu=28909&x-ct=1784098800&x-cs=1e2aaf21cc3cf8fbfda0298c1a4d3fce""","https://b2bfiles1.gigab2b.cn/image/wkseller/301/7785a1defec7160f26662c336a2b733c.jpg?x-cc=20&x-cu=28909&x-ct=1784098800&x-cs=bf71f58b83d18687054e2b8dd9475e1c""","https://b2bfiles1.gigab2b.cn/image/wkseller/301/f56180051e3f795f765a0545e194e2a5.jpg?x-cc=20&x-cu=28909&x-ct=1784098800&x-cs=99174729331b03ca3631530d83d258f4""","https://b2bfiles1.gigab2b.cn/image/wkseller/301/979ccd7ff63bb58c18139e1e75956122.jpg?x-cc=20&x-cu=28909&x-ct=1784098800&x-cs=96d7ede8b1f47212731c17399cb802db""","https://b2bfiles1.gigab2b.cn/image/wkseller/301/354099d9686157661022a5f37509c5cc.jpg?x-cc=20&x-cu=28909&x-ct=1784098800&x-cs=f71bc63138c09240bb2c64eea258ea90""","https://b2bfiles1.gigab2b.cn/image/wkseller/301/f928f646d0d19798114a3cde0a351595.jpg?x-cc=20&x-cu=28909&x-ct=1784098800&x-cs=94344a10fdfa0f24d9aacbdad8b720e6""","https://b2bfiles1.gigab2b.cn/image/wkseller/301/2c1ed66ba781da9a6420103df4ca5328.jpg?x-cc=20&x-cu=28909&x-ct=1784098800&x-cs=d4ccc1776070f12242e0a5879883c7b6""","https://b2bfiles1.gigab2b.cn/image/wkseller/301/b4a4a86da735359054655ceb23974d05.jpg?x-cc=20&x-cu=28909&x-ct=1784098800&x-cs=c432638886f46c1c6ee5dc4be4f76636""","https://b2bfiles1.gigab2b.cn/image/wkseller/301/bd21f2bdd7ef140afbd920c21d8c7cb9.jpg?x-cc=20&x-cu=28909&x-ct=1784098800&x-cs=87a74b831d0609ee2c0c3d52ef00859d""","https://b2bfiles1.gigab2b.cn/image/wkseller/301/d2d10799ce48d44722d2d97bc2445f14.jpg?x-cc=20&x-cu=28909&x-ct=1784098800&x-cs=bb9d96772533a4033ba078c0772083a5""","https://b2bfiles1.gigab2b.cn/image/wkseller/301/5a57a064714911c0de8456070c2c58ef.jpg?x-cc=20&x-cu=28909&x-ct=1784098800&x-cs=61acecbb0afdb36f5b01f6c725380bff""","https://b2bfiles1.gigab2b.cn/image/wkseller/301/2107a04e53f5bd3449bdaca87c2eee99.jpg?x-cc=20&x-cu=28909&x-ct=1784098800&x-cs=e33bd16d1e3f31e9a40aec1592288566""","https://b2bfiles1.gigab2b.cn/image/wkseller/301/5d636924b0a7c1c78878a94428f50a01.jpg?x-cc=20&x-cu=28909&x-ct=1784098800&x-cs=6fe09def5b7c0a78aeb9a82f599c2d67""","https://b2bfiles1.gigab2b.cn/image/wkseller/301/ed038e4940aa4de6296b05e7a5963366.jpg?x-cc=20&x-cu=28909&x-ct=1784098800&x-cs=1e9ac3250e2610c67aff36b4dd515fb6""","https://b2bfiles1.gigab2b.cn/image/wkseller/301/887dd9043517a48e13b66591c28f141e.jpg?x-cc=20&x-cu=28909&x-ct=1784098800&x-cs=a703a05be558839d4f5797a692e406dc""","https://b2bfiles1.gigab2b.cn/image/wkseller/301/83e92f01ecb59992333d76515a77aed5.jpg?x-cc=20&x-cu=28909&x-ct=1784098800&x-cs=5e453a022501585e94942a0a0d4394a3""","https://b2bfiles1.gigab2b.cn/image/wkseller/301/ab1f64ad166f77aefb4277ad5a4f7db5.jpg?x-cc=20&x-cu=28909&x-ct=1784098800&x-cs=c1f55304d655798d1c6681cce270372e""","https://b2bfiles1.gigab2b.cn/image/wkseller/301/c0a539f01ece1725c18a2f58eb3c8ce8.jpg?x-cc=20&x-cu=28909&x-ct=1784098800&x-cs=e3adf6335295fbf2b905f32c242ac789""","https://b2bfiles1.gigab2b.cn/image/wkseller/301/9e221a88ca7de584cc6b45542ead1bad.jpg?x-cc=20&x-cu=28909&x-ct=1784098800&x-cs=7d007cbea501c80af875718e5dda38d6""",https://pub-606bcd6c031442e4959f73b5435fefd1.r2.dev/shipping-guide.png,デスクチェア 在宅ワーク オフィスチェア おしゃれ 3Dソフトパッド　極上の座り心地　360°回転 椅子 肘付 チェア 学習 かわいい シンプル 疲れにくい 北欧 回転   テレワーク 静音キャスタ,"ホムブリスショップへようこそ
♪すべての商品は未開封の新品です
♪フォロー割あり
♪まとめ買い割あり：2点で2%OFF、3点で3%OFF、最大5%（一部商品適用外）
♪発送と送料：在庫品は1～2営業日以内に発送、再入荷商品は入荷後1～2営業日以内に発送いたします。北海道は基本的に追加送料不要です。沖縄への送料は別途お見積りが必須です。

【商品説明】

重量(kg): 13.5
長さ(cm): 58
幅(cm): 56
高さ(cm): 28.5
組立時重量: Not Applicable
組立時長さ: Not Applicable
組立時幅: Not Applicable
組立時高さ: Not Applicable
主要素材: Metal
主要カラー: White",ホワイト,0,N512P516850W,,,,,,,,,,,,,,,,,,,,,,,,,,,,,,,,,,,,,,,8501,gRD8jKpyRewmy6DmW57T66,1,1,jp13,1,1,1,,,,,,,
"https://b2bfiles1.gigab2b.cn/image/wkseller/301/46a25fa7b51246999e415591db9313c6.jpg?x-cc=20&x-cu=28909&x-ct=1784098800&x-cs=f3b550733651a613b31fe39db69dee7c""","https://b2bfiles1.gigab2b.cn/image/wkseller/301/2ca5fa79ec98ed2092b0db386f38b2f2.jpg?x-cc=20&x-cu=28909&x-ct=1784098800&x-cs=d555d0c9884d6c50ac80fa82487dc0f7""","https://b2bfiles1.gigab2b.cn/image/wkseller/301/a4b3d52d9e7ba85f09856e197cde96ac.jpg?x-cc=20&x-cu=28909&x-ct=1784098800&x-cs=bc1d3944e6f5d0945a8dc3db0709d457""","https://b2bfiles1.gigab2b.cn/image/wkseller/301/17bf71a953a697bb484f4c674ba790cb.jpg?x-cc=20&x-cu=28909&x-ct=1784098800&x-cs=5d8fa899e3201272a5cc3caa9ec0ff7e""","https://b2bfiles1.gigab2b.cn/image/wkseller/301/214bf1ef0a97570947d977851e531fb7.jpg?x-cc=20&x-cu=28909&x-ct=1784098800&x-cs=0c4527bb870674e17ecf21aafb8b9a33""","https://b2bfiles1.gigab2b.cn/image/wkseller/301/2708f8a0ee594f9988c042db80f07a73.jpg?x-cc=20&x-cu=28909&x-ct=1784098800&x-cs=900919c819dfc4a1cc97ee7d4e494dbf""","https://b2bfiles1.gigab2b.cn/image/wkseller/301/fa5df4d2b9cf6173469e607549035038.jpg?x-cc=20&x-cu=28909&x-ct=1784098800&x-cs=3e204ea1dc1a9052eec3cf5d8c9e3405""","https://b2bfiles1.gigab2b.cn/image/wkseller/301/d67e77a725de350e5efefd8862830c79.jpg?x-cc=20&x-cu=28909&x-ct=1784098800&x-cs=4706a0ae8bcaa812c06662678d13cbdb""","https://b2bfiles1.gigab2b.cn/image/wkseller/301/dc7db51aa268b1cf212b41cddacec297.jpg?x-cc=20&x-cu=28909&x-ct=1784098800&x-cs=1bccfb9b2bd6c44ba899517436ed1825""","https://b2bfiles1.gigab2b.cn/image/wkseller/301/PP004274/20191219_f2bea6007e5160501132451e268ce4d3.jpg?x-cc=20&x-cu=28909&x-ct=1784098800&x-cs=b3126697c203cc9400dca1acbc904bbc""","https://b2bfiles1.gigab2b.cn/image/wkseller/301/20230621_838a65df52a2470fb6b051c463be9ec9.jpg?x-cc=20&x-cu=28909&x-ct=1784098800&x-cs=98fc2cae4a7237ebe350a084b5993811""","https://b2bfiles1.gigab2b.cn/image/wkseller/301/ba82a0de401d0364ab9676dfd408d06e.jpg?x-cc=20&x-cu=28909&x-ct=1784098800&x-cs=eda53d9c65e64b24990a403e19ff428e""","https://b2bfiles1.gigab2b.cn/image/wkseller/301/PP004274/pp004274_001_nlack.jpg?x-cc=20&x-cu=28909&x-ct=1784098800&x-cs=32c2b5533bbc7fb47afed497c229da3c""","https://b2bfiles1.gigab2b.cn/image/wkseller/301/PP004274/20191219_02224fb54997196e6948d76dbaf4dbe6.jpg?x-cc=20&x-cu=28909&x-ct=1784098800&x-cs=e22785e381ab4079342cac9e28cc9b58""","https://b2bfiles1.gigab2b.cn/image/wkseller/301/20230621_170f16e289321078b208acaea5ab4973.jpg?x-cc=20&x-cu=28909&x-ct=1784098800&x-cs=6f4d63d677afedb77e00ad1ec7c7e3d5""]",https://pub-606bcd6c031442e4959f73b5435fefd1.r2.dev/shipping-guide.png,,,,,set 【人気1位商品】【ブラック】パソコンデスク ラック付き デスク ワークデスク 木製 学習デスク,"ホムブリスショップへようこそ
♪すべての商品は未開封の新品です
♪フォロー割あり
♪まとめ買い割あり：2点で2%OFF、3点で3%OFF、最大5%（一部商品適用外）
♪発送と送料：在庫品は1～2営業日以内に発送、再入荷商品は入荷後1～2営業日以内に発送いたします。北海道は基本的に追加送料不要です。沖縄への送料は別途お見積りが必須です。

【商品説明】

組立時重量: Not Applicable
組立時長さ: Not Applicable
組立時幅: Not Applicable
組立時高さ: Not Applicable
主要素材: Particle Board
主要カラー: Black",ブラック,0,N512S403839AA1,,,,,,,,,,,,,,,,,,,,,,,,,,,,,,,,,,,,,,,10801,yvGJ5Az6vUpvHpHjMWucqA,1,1,jp13,1,1,1,,,,,,,
"https://b2bfiles1.gigab2b.cn/image/wkseller/301/PP004274/pp004274_005.jpg?x-cc=20&x-cu=28909&x-ct=1784098800&x-cs=b32f77303e043d94c2d0c3973612d110""","https://b2bfiles1.gigab2b.cn/image/wkseller/301/PP004274/pp004274_004.jpg?x-cc=20&x-cu=28909&x-ct=1784098800&x-cs=fdf98c2548395e9ee8085af76945be8d""","https://b2bfiles1.gigab2b.cn/image/wkseller/301/PP004274/20200904_fd12f74cfdaa50d112ad847fe6161f6c.JPG?x-cc=20&x-cu=28909&x-ct=1784098800&x-cs=4eeba8b6f1828a1cf87bffb72cda0d2d""","https://b2bfiles1.gigab2b.cn/image/wkseller/301/PP004274/20200904_e9af54c06fb4836c651df50d38c1ed3b.JPG?x-cc=20&x-cu=28909&x-ct=1784098800&x-cs=d93516459126c15db44122114ad72b77""","https://b2bfiles1.gigab2b.cn/image/wkseller/301/PP004274/20200904_cb2db92155e7e6b110a497e0121ccf49.JPG?x-cc=20&x-cu=28909&x-ct=1784098800&x-cs=33ee89244b0d084286d78160de0048ab""","https://b2bfiles1.gigab2b.cn/image/wkseller/301/PP004274/20200904_c08a73cb3c25265e4cf33e5a3f3ff37d.JPG?x-cc=20&x-cu=28909&x-ct=1784098800&x-cs=e9706592ce2f69866ff25e29c75ce1fb""","https://b2bfiles1.gigab2b.cn/image/wkseller/301/PP004274/20200904_a7fd9b257d2a647a8b6bb27979affac2.JPG?x-cc=20&x-cu=28909&x-ct=1784098800&x-cs=7cc9c93eef374b7cc8145ff45e95ac41""","https://b2bfiles1.gigab2b.cn/image/wkseller/301/PP004274/20200904_920f6bc7def538dcd54ddfa98729bcf5.JPG?x-cc=20&x-cu=28909&x-ct=1784098800&x-cs=68303afc092888f945d322d4809db1ab""","https://b2bfiles1.gigab2b.cn/image/wkseller/301/PP004274/20200904_46ee88ce700452172ff9cb6f8a011be8.JPG?x-cc=20&x-cu=28909&x-ct=1784098800&x-cs=e999a2c6b8c0dab91d16468dd1f67e2d""","https://b2bfiles1.gigab2b.cn/image/wkseller/301/PP004274/20200904_0c2d847b3bde3e58b294f87de91c682d.jpg?x-cc=20&x-cu=28909&x-ct=1784098800&x-cs=e34c97b6d270f85d0a8cb30dd1434db2""","https://b2bfiles1.gigab2b.cn/image/wkseller/301/PP004274/pp004274_white.jpg?x-cc=20&x-cu=28909&x-ct=1784098800&x-cs=9f53ddb0b43d92a4e69399cb5a857139""","https://b2bfiles1.gigab2b.cn/image/wkseller/301/406e0317c469c97754707fe817e106e7.jpg?x-cc=20&x-cu=28909&x-ct=1784098800&x-cs=90d596459c141ad0e0133b943c8f1a8e""","https://b2bfiles1.gigab2b.cn/image/wkseller/301/PP004274/20200706_823bdd640fec49dd0ccbbd3e1c10d845.jpg?x-cc=20&x-cu=28909&x-ct=1784098800&x-cs=95c456ac4b8de2a301824bda7f605178""","https://b2bfiles1.gigab2b.cn/image/wkseller/301/PP004274/pp004274_001_white.jpg?x-cc=20&x-cu=28909&x-ct=1784098800&x-cs=d7b46e854bbd0e4343ace78ade5c41e0""","https://b2bfiles1.gigab2b.cn/image/wkseller/301/PP004274/20200706_7e01965bb090695b53a0b992485ac7dc.jpg?x-cc=20&x-cu=28909&x-ct=1784098800&x-cs=dc436443756649d2f00878a059b42094""","https://b2bfiles1.gigab2b.cn/image/wkseller/301/PP004274/20200904_f8f73eabadbb134d3358f95a5636cd20.JPG?x-cc=20&x-cu=28909&x-ct=1784098800&x-cs=1e83372a3fc8fba701f64ec8087fcd27""","https://b2bfiles1.gigab2b.cn/image/wkseller/301/20240118_f419110c3f5377fc16710912f9f42e29.jpg?x-cc=20&x-cu=28909&x-ct=1784098800&x-cs=870185e727404b31eee46c28ca44cfed""]",https://pub-606bcd6c031442e4959f73b5435fefd1.r2.dev/shipping-guide.png,,,【N512P455095A】オフィスチェア+パソコンデスク セット】【ホワイト】パソコンデスク ラック付き デスク ワークデスク 木製 学習デスク,"ホムブリスショップへようこそ
♪すべての商品は未開封の新品です
♪フォロー割あり
♪まとめ買い割あり：2点で2%OFF、3点で3%OFF、最大5%（一部商品適用外）
♪発送と送料：在庫品は1～2営業日以内に発送、再入荷商品は入荷後1～2営業日以内に発送いたします。北海道は基本的に追加送料不要です。沖縄への送料は別途お見積りが必須です。

【商品説明】

組立時重量: Not Applicable
組立時長さ: Not Applicable
組立時幅: Not Applicable
組立時高さ: Not Applicable
主要素材: Particle Board
主要カラー: White",ホワイト,0,N512S403839CA1,,,,,,,,,,,,,,,,,,,,,,,,,,,,,,,,,,,,,,,10801,gRD8jKpyRewmy6DmW57T66,1,1,jp13,1,1,1,,,,,,,
"https://b2bfiles1.gigab2b.cn/image/wkseller/301/PP004274/pp004274_005.jpg?x-cc=20&x-cu=28909&x-ct=1784098800&x-cs=b32f77303e043d94c2d0c3973612d110""","https://b2bfiles1.gigab2b.cn/image/wkseller/301/PP004274/pp004274_004.jpg?x-cc=20&x-cu=28909&x-ct=1784098800&x-cs=fdf98c2548395e9ee8085af76945be8d""","https://b2bfiles1.gigab2b.cn/image/wkseller/301/PP004274/20200904_fd12f74cfdaa50d112ad847fe6161f6c.JPG?x-cc=20&x-cu=28909&x-ct=1784098800&x-cs=4eeba8b6f1828a1cf87bffb72cda0d2d""","https://b2bfiles1.gigab2b.cn/image/wkseller/301/PP004274/20200904_e9af54c06fb4836c651df50d38c1ed3b.JPG?x-cc=20&x-cu=28909&x-ct=1784098800&x-cs=d93516459126c15db44122114ad72b77""","https://b2bfiles1.gigab2b.cn/image/wkseller/301/PP004274/20200904_cb2db92155e7e6b110a497e0121ccf49.JPG?x-cc=20&x-cu=28909&x-ct=1784098800&x-cs=33ee89244b0d084286d78160de0048ab""","https://b2bfiles1.gigab2b.cn/image/wkseller/301/PP004274/20200904_c08a73cb3c25265e4cf33e5a3f3ff37d.JPG?x-cc=20&x-cu=28909&x-ct=1784098800&x-cs=e9706592ce2f69866ff25e29c75ce1fb""","https://b2bfiles1.gigab2b.cn/image/wkseller/301/PP004274/20200904_a7fd9b257d2a647a8b6bb27979affac2.JPG?x-cc=20&x-cu=28909&x-ct=1784098800&x-cs=7cc9c93eef374b7cc8145ff45e95ac41""","https://b2bfiles1.gigab2b.cn/image/wkseller/301/PP004274/20200904_920f6bc7def538dcd54ddfa98729bcf5.JPG?x-cc=20&x-cu=28909&x-ct=1784098800&x-cs=68303afc092888f945d322d4809db1ab""","https://b2bfiles1.gigab2b.cn/image/wkseller/301/PP004274/20200904_46ee88ce700452172ff9cb6f8a011be8.JPG?x-cc=20&x-cu=28909&x-ct=1784098800&x-cs=e999a2c6b8c0dab91d16468dd1f67e2d""","https://b2bfiles1.gigab2b.cn/image/wkseller/301/PP004274/20200904_0c2d847b3bde3e58b294f87de91c682d.jpg?x-cc=20&x-cu=28909&x-ct=1784098800&x-cs=e34c97b6d270f85d0a8cb30dd1434db2""","https://b2bfiles1.gigab2b.cn/image/wkseller/301/PP004274/pp004274_white.jpg?x-cc=20&x-cu=28909&x-ct=1784098800&x-cs=9f53ddb0b43d92a4e69399cb5a857139""","https://b2bfiles1.gigab2b.cn/image/wkseller/301/406e0317c469c97754707fe817e106e7.jpg?x-cc=20&x-cu=28909&x-ct=1784098800&x-cs=90d596459c141ad0e0133b943c8f1a8e""","https://b2bfiles1.gigab2b.cn/image/wkseller/301/PP004274/20200706_823bdd640fec49dd0ccbbd3e1c10d845.jpg?x-cc=20&x-cu=28909&x-ct=1784098800&x-cs=95c456ac4b8de2a301824bda7f605178""","https://b2bfiles1.gigab2b.cn/image/wkseller/301/PP004274/pp004274_001_white.jpg?x-cc=20&x-cu=28909&x-ct=1784098800&x-cs=d7b46e854bbd0e4343ace78ade5c41e0""","https://b2bfiles1.gigab2b.cn/image/wkseller/301/PP004274/20200706_7e01965bb090695b53a0b992485ac7dc.jpg?x-cc=20&x-cu=28909&x-ct=1784098800&x-cs=dc436443756649d2f00878a059b42094""","https://b2bfiles1.gigab2b.cn/image/wkseller/301/PP004274/20200904_f8f73eabadbb134d3358f95a5636cd20.JPG?x-cc=20&x-cu=28909&x-ct=1784098800&x-cs=1e83372a3fc8fba701f64ec8087fcd27""","https://b2bfiles1.gigab2b.cn/image/wkseller/301/20240118_f419110c3f5377fc16710912f9f42e29.jpg?x-cc=20&x-cu=28909&x-ct=1784098800&x-cs=870185e727404b31eee46c28ca44cfed""]",https://pub-606bcd6c031442e4959f73b5435fefd1.r2.dev/shipping-guide.png,,,【WF301556GAAオフィスチェア+パソコンデスク セット】【ホワイト】パソコンデスク ラック付き デスク ワークデスク 木製 学習デスク,"ホムブリスショップへようこそ
♪すべての商品は未開封の新品です
♪フォロー割あり
♪まとめ買い割あり：2点で2%OFF、3点で3%OFF、最大5%（一部商品適用外）
♪発送と送料：在庫品は1～2営業日以内に発送、再入荷商品は入荷後1～2営業日以内に発送いたします。北海道は基本的に追加送料不要です。沖縄への送料は別途お見積りが必須です。

【商品説明】

組立時重量: Not Applicable
組立時長さ: Not Applicable
組立時幅: Not Applicable
組立時高さ: Not Applicable
主要素材: Particle Board
主要カラー: White",ホワイト,0,N512S403839CG,,,,,,,,,,,,,,,,,,,,,,,,,,,,,,,,,,,,,,,10801,gRD8jKpyRewmy6DmW57T66,1,1,jp13,1,1,1,,,,,,,
"https://b2bfiles1.gigab2b.cn/image/wkseller/301/PP004274/pp004274_005.jpg?x-cc=20&x-cu=28909&x-ct=1784098800&x-cs=b32f77303e043d94c2d0c3973612d110""","https://b2bfiles1.gigab2b.cn/image/wkseller/301/PP004274/pp004274_004.jpg?x-cc=20&x-cu=28909&x-ct=1784098800&x-cs=fdf98c2548395e9ee8085af76945be8d""","https://b2bfiles1.gigab2b.cn/image/wkseller/301/PP004274/20200904_fd12f74cfdaa50d112ad847fe6161f6c.JPG?x-cc=20&x-cu=28909&x-ct=1784098800&x-cs=4eeba8b6f1828a1cf87bffb72cda0d2d""","https://b2bfiles1.gigab2b.cn/image/wkseller/301/PP004274/20200904_e9af54c06fb4836c651df50d38c1ed3b.JPG?x-cc=20&x-cu=28909&x-ct=1784098800&x-cs=d93516459126c15db44122114ad72b77""","https://b2bfiles1.gigab2b.cn/image/wkseller/301/PP004274/20200904_cb2db92155e7e6b110a497e0121ccf49.JPG?x-cc=20&x-cu=28909&x-ct=1784098800&x-cs=33ee89244b0d084286d78160de0048ab""","https://b2bfiles1.gigab2b.cn/image/wkseller/301/PP004274/20200904_c08a73cb3c25265e4cf33e5a3f3ff37d.JPG?x-cc=20&x-cu=28909&x-ct=1784098800&x-cs=e9706592ce2f69866ff25e29c75ce1fb""","https://b2bfiles1.gigab2b.cn/image/wkseller/301/PP004274/20200904_a7fd9b257d2a647a8b6bb27979affac2.JPG?x-cc=20&x-cu=28909&x-ct=1784098800&x-cs=7cc9c93eef374b7cc8145ff45e95ac41""","https://b2bfiles1.gigab2b.cn/image/wkseller/301/PP004274/20200904_920f6bc7def538dcd54ddfa98729bcf5.JPG?x-cc=20&x-cu=28909&x-ct=1784098800&x-cs=68303afc092888f945d322d4809db1ab""","https://b2bfiles1.gigab2b.cn/image/wkseller/301/PP004274/20200904_46ee88ce700452172ff9cb6f8a011be8.JPG?x-cc=20&x-cu=28909&x-ct=1784098800&x-cs=e999a2c6b8c0dab91d16468dd1f67e2d""","https://b2bfiles1.gigab2b.cn/image/wkseller/301/PP004274/20200904_0c2d847b3bde3e58b294f87de91c682d.jpg?x-cc=20&x-cu=28909&x-ct=1784098800&x-cs=e34c97b6d270f85d0a8cb30dd1434db2""","https://b2bfiles1.gigab2b.cn/image/wkseller/301/PP004274/pp004274_white.jpg?x-cc=20&x-cu=28909&x-ct=1784098800&x-cs=9f53ddb0b43d92a4e69399cb5a857139""","https://b2bfiles1.gigab2b.cn/image/wkseller/301/406e0317c469c97754707fe817e106e7.jpg?x-cc=20&x-cu=28909&x-ct=1784098800&x-cs=90d596459c141ad0e0133b943c8f1a8e""","https://b2bfiles1.gigab2b.cn/image/wkseller/301/PP004274/20200706_823bdd640fec49dd0ccbbd3e1c10d845.jpg?x-cc=20&x-cu=28909&x-ct=1784098800&x-cs=95c456ac4b8de2a301824bda7f605178""","https://b2bfiles1.gigab2b.cn/image/wkseller/301/PP004274/pp004274_001_white.jpg?x-cc=20&x-cu=28909&x-ct=1784098800&x-cs=d7b46e854bbd0e4343ace78ade5c41e0""","https://b2bfiles1.gigab2b.cn/image/wkseller/301/PP004274/20200706_7e01965bb090695b53a0b992485ac7dc.jpg?x-cc=20&x-cu=28909&x-ct=1784098800&x-cs=dc436443756649d2f00878a059b42094""","https://b2bfiles1.gigab2b.cn/image/wkseller/301/PP004274/20200904_f8f73eabadbb134d3358f95a5636cd20.JPG?x-cc=20&x-cu=28909&x-ct=1784098800&x-cs=1e83372a3fc8fba701f64ec8087fcd27""","https://b2bfiles1.gigab2b.cn/image/wkseller/301/20240118_f419110c3f5377fc16710912f9f42e29.jpg?x-cc=20&x-cu=28909&x-ct=1784098800&x-cs=870185e727404b31eee46c28ca44cfed""]",https://pub-606bcd6c031442e4959f73b5435fefd1.r2.dev/shipping-guide.png,,,【WF301556HAAオフィスチェア+パソコンデスク セット】【ホワイト】パソコンデスク ラック付き デスク ワークデスク 木製 学習デスク,"ホムブリスショップへようこそ
♪すべての商品は未開封の新品です
♪フォロー割あり
♪まとめ買い割あり：2点で2%OFF、3点で3%OFF、最大5%（一部商品適用外）
♪発送と送料：在庫品は1～2営業日以内に発送、再入荷商品は入荷後1～2営業日以内に発送いたします。北海道は基本的に追加送料不要です。沖縄への送料は別途お見積りが必須です。

【商品説明】

組立時重量: Not Applicable
組立時長さ: Not Applicable
組立時幅: Not Applicable
組立時高さ: Not Applicable
主要素材: Particle Board
主要カラー: White",ホワイト,0,N512S403839CH,,,,,,,,,,,,,,,,,,,,,,,,,,,,,,,,,,,,,,,10801,gRD8jKpyRewmy6DmW57T66,1,1,jp13,1,1,1,,,,,,,
"https://b2bfiles1.gigab2b.cn/image/wkseller/301/PP004274/pp004274_005.jpg?x-cc=20&x-cu=28909&x-ct=1784098800&x-cs=b32f77303e043d94c2d0c3973612d110""","https://b2bfiles1.gigab2b.cn/image/wkseller/301/PP004274/pp004274_004.jpg?x-cc=20&x-cu=28909&x-ct=1784098800&x-cs=fdf98c2548395e9ee8085af76945be8d""","https://b2bfiles1.gigab2b.cn/image/wkseller/301/PP004274/20200904_fd12f74cfdaa50d112ad847fe6161f6c.JPG?x-cc=20&x-cu=28909&x-ct=1784098800&x-cs=4eeba8b6f1828a1cf87bffb72cda0d2d""","https://b2bfiles1.gigab2b.cn/image/wkseller/301/PP004274/20200904_e9af54c06fb4836c651df50d38c1ed3b.JPG?x-cc=20&x-cu=28909&x-ct=1784098800&x-cs=d93516459126c15db44122114ad72b77""","https://b2bfiles1.gigab2b.cn/image/wkseller/301/PP004274/20200904_cb2db92155e7e6b110a497e0121ccf49.JPG?x-cc=20&x-cu=28909&x-ct=1784098800&x-cs=33ee89244b0d084286d78160de0048ab""","https://b2bfiles1.gigab2b.cn/image/wkseller/301/PP004274/20200904_c08a73cb3c25265e4cf33e5a3f3ff37d.JPG?x-cc=20&x-cu=28909&x-ct=1784098800&x-cs=e9706592ce2f69866ff25e29c75ce1fb""","https://b2bfiles1.gigab2b.cn/image/wkseller/301/PP004274/20200904_a7fd9b257d2a647a8b6bb27979affac2.JPG?x-cc=20&x-cu=28909&x-ct=1784098800&x-cs=7cc9c93eef374b7cc8145ff45e95ac41""","https://b2bfiles1.gigab2b.cn/image/wkseller/301/PP004274/20200904_920f6bc7def538dcd54ddfa98729bcf5.JPG?x-cc=20&x-cu=28909&x-ct=1784098800&x-cs=68303afc092888f945d322d4809db1ab""","https://b2bfiles1.gigab2b.cn/image/wkseller/301/PP004274/20200904_46ee88ce700452172ff9cb6f8a011be8.JPG?x-cc=20&x-cu=28909&x-ct=1784098800&x-cs=e999a2c6b8c0dab91d16468dd1f67e2d""","https://b2bfiles1.gigab2b.cn/image/wkseller/301/PP004274/20200904_0c2d847b3bde3e58b294f87de91c682d.jpg?x-cc=20&x-cu=28909&x-ct=1784098800&x-cs=e34c97b6d270f85d0a8cb30dd1434db2""","https://b2bfiles1.gigab2b.cn/image/wkseller/301/PP004274/pp004274_white.jpg?x-cc=20&x-cu=28909&x-ct=1784098800&x-cs=9f53ddb0b43d92a4e69399cb5a857139""","https://b2bfiles1.gigab2b.cn/image/wkseller/301/406e0317c469c97754707fe817e106e7.jpg?x-cc=20&x-cu=28909&x-ct=1784098800&x-cs=90d596459c141ad0e0133b943c8f1a8e""","https://b2bfiles1.gigab2b.cn/image/wkseller/301/PP004274/20200706_823bdd640fec49dd0ccbbd3e1c10d845.jpg?x-cc=20&x-cu=28909&x-ct=1784098800&x-cs=95c456ac4b8de2a301824bda7f605178""","https://b2bfiles1.gigab2b.cn/image/wkseller/301/PP004274/pp004274_001_white.jpg?x-cc=20&x-cu=28909&x-ct=1784098800&x-cs=d7b46e854bbd0e4343ace78ade5c41e0""","https://b2bfiles1.gigab2b.cn/image/wkseller/301/PP004274/20200706_7e01965bb090695b53a0b992485ac7dc.jpg?x-cc=20&x-cu=28909&x-ct=1784098800&x-cs=dc436443756649d2f00878a059b42094""","https://b2bfiles1.gigab2b.cn/image/wkseller/301/PP004274/20200904_f8f73eabadbb134d3358f95a5636cd20.JPG?x-cc=20&x-cu=28909&x-ct=1784098800&x-cs=1e83372a3fc8fba701f64ec8087fcd27""","https://b2bfiles1.gigab2b.cn/image/wkseller/301/20240118_f419110c3f5377fc16710912f9f42e29.jpg?x-cc=20&x-cu=28909&x-ct=1784098800&x-cs=870185e727404b31eee46c28ca44cfed""]",https://pub-606bcd6c031442e4959f73b5435fefd1.r2.dev/shipping-guide.png,,,【WF301556LAAオフィスチェア+パソコンデスク セット】【ホワイト】パソコンデスク ラック付き デスク ワークデスク 木製 学習デスク,"ホムブリスショップへようこそ
♪すべての商品は未開封の新品です
♪フォロー割あり
♪まとめ買い割あり：2点で2%OFF、3点で3%OFF、最大5%（一部商品適用外）
♪発送と送料：在庫品は1～2営業日以内に発送、再入荷商品は入荷後1～2営業日以内に発送いたします。北海道は基本的に追加送料不要です。沖縄への送料は別途お見積りが必須です。

【商品説明】

組立時重量: Not Applicable
組立時長さ: Not Applicable
組立時幅: Not Applicable
組立時高さ: Not Applicable
主要素材: Particle Board
主要カラー: White",ホワイト,0,N512S403839CL,,,,,,,,,,,,,,,,,,,,,,,,,,,,,,,,,,,,,,,10801,gRD8jKpyRewmy6DmW57T66,1,1,jp13,1,1,1,,,,,,,
"https://b2bfiles1.gigab2b.cn/image/wkseller/301/PP004274/pp004274_natural.jpg?x-cc=20&x-cu=28909&x-ct=1784098800&x-cs=b6eeee295e22060bd29a6d29f11357c9""","https://b2bfiles1.gigab2b.cn/image/wkseller/301/d9efe3d6fa429d4038c3560bb9928b2a.jpg?x-cc=20&x-cu=28909&x-ct=1784098800&x-cs=ebdc1ca3c4ce63a88298b3494fb7c6f9""","https://b2bfiles1.gigab2b.cn/image/wkseller/301/01c0b61f9322b475dbfb14e020e0b959.jpg?x-cc=20&x-cu=28909&x-ct=1784098800&x-cs=596f897c4ef071a0ad62897d4efd80ea""","https://b2bfiles1.gigab2b.cn/image/wkseller/301/4eea3349dbb64f959ddd60e67f1a264c.jpg?x-cc=20&x-cu=28909&x-ct=1784098800&x-cs=3861c6aab945f7ed0122b3528d78e75d""","https://b2bfiles1.gigab2b.cn/image/wkseller/301/2ca5fa79ec98ed2092b0db386f38b2f2.jpg?x-cc=20&x-cu=28909&x-ct=1784098800&x-cs=d555d0c9884d6c50ac80fa82487dc0f7""","https://b2bfiles1.gigab2b.cn/image/wkseller/301/PP004274/20200706_823bdd640fec49dd0ccbbd3e1c10d845.jpg?x-cc=20&x-cu=28909&x-ct=1784098800&x-cs=95c456ac4b8de2a301824bda7f605178""","https://b2bfiles1.gigab2b.cn/image/wkseller/301/PP004274/20200706_dcc1d161286fdeb5da176e059712a8fd.jpg?x-cc=20&x-cu=28909&x-ct=1784098800&x-cs=6336f47b8b842c1825f75007ee23b5d1""","https://b2bfiles1.gigab2b.cn/image/wkseller/301/PP004274/20200904_46ee88ce700452172ff9cb6f8a011be8.JPG?x-cc=20&x-cu=28909&x-ct=1784098800&x-cs=e999a2c6b8c0dab91d16468dd1f67e2d""","https://b2bfiles1.gigab2b.cn/image/wkseller/301/PP004274/20200904_920f6bc7def538dcd54ddfa98729bcf5.JPG?x-cc=20&x-cu=28909&x-ct=1784098800&x-cs=68303afc092888f945d322d4809db1ab""","https://b2bfiles1.gigab2b.cn/image/wkseller/301/PP004274/20200904_a7fd9b257d2a647a8b6bb27979affac2.JPG?x-cc=20&x-cu=28909&x-ct=1784098800&x-cs=7cc9c93eef374b7cc8145ff45e95ac41""","https://b2bfiles1.gigab2b.cn/image/wkseller/301/PP004274/20200904_f8f73eabadbb134d3358f95a5636cd20.JPG?x-cc=20&x-cu=28909&x-ct=1784098800&x-cs=1e83372a3fc8fba701f64ec8087fcd27""","https://b2bfiles1.gigab2b.cn/image/wkseller/301/ba82a0de401d0364ab9676dfd408d06e.jpg?x-cc=20&x-cu=28909&x-ct=1784098800&x-cs=eda53d9c65e64b24990a403e19ff428e""","https://b2bfiles1.gigab2b.cn/image/wkseller/301/d67e77a725de350e5efefd8862830c79.jpg?x-cc=20&x-cu=28909&x-ct=1784098800&x-cs=4706a0ae8bcaa812c06662678d13cbdb""","https://b2bfiles1.gigab2b.cn/image/wkseller/301/2708f8a0ee594f9988c042db80f07a73.jpg?x-cc=20&x-cu=28909&x-ct=1784098800&x-cs=900919c819dfc4a1cc97ee7d4e494dbf""","https://b2bfiles1.gigab2b.cn/image/wkseller/301/dc7db51aa268b1cf212b41cddacec297.jpg?x-cc=20&x-cu=28909&x-ct=1784098800&x-cs=1bccfb9b2bd6c44ba899517436ed1825""","https://b2bfiles1.gigab2b.cn/image/wkseller/301/214bf1ef0a97570947d977851e531fb7.jpg?x-cc=20&x-cu=28909&x-ct=1784098800&x-cs=0c4527bb870674e17ecf21aafb8b9a33""","https://b2bfiles1.gigab2b.cn/image/wkseller/301/17bf71a953a697bb484f4c674ba790cb.jpg?x-cc=20&x-cu=28909&x-ct=1784098800&x-cs=5d8fa899e3201272a5cc3caa9ec0ff7e""","https://b2bfiles1.gigab2b.cn/image/wkseller/301/fa5df4d2b9cf6173469e607549035038.jpg?x-cc=20&x-cu=28909&x-ct=1784098800&x-cs=3e204ea1dc1a9052eec3cf5d8c9e3405""]",https://pub-606bcd6c031442e4959f73b5435fefd1.r2.dev/shipping-guide.png,,set  【人気1位商品】【ナチュラル】パソコンデスク ラック付き デスク ワークデスク 木製 学習デスク,"ホムブリスショップへようこそ
♪すべての商品は未開封の新品です
♪フォロー割あり
♪まとめ買い割あり：2点で2%OFF、3点で3%OFF、最大5%（一部商品適用外）
♪発送と送料：在庫品は1～2営業日以内に発送、再入荷商品は入荷後1～2営業日以内に発送いたします。北海道は基本的に追加送料不要です。沖縄への送料は別途お見積りが必須です。

【商品説明】

組立時重量: Not Applicable
組立時長さ: Not Applicable
組立時幅: Not Applicable
組立時高さ: Not Applicable
主要素材: Particle Board
主要カラー: Natural",ナチュラル,0,N512S403839DA1,,,,,,,,,,,,,,,,,,,,,,,,,,,,,,,,,,,,,,,10801,yvGJ5Az6vUpvHpHjMWucqA,1,1,jp13,1,1,1,,,,,,,
"https://b2bfiles1.gigab2b.cn/image/wkseller/301/PP004274/pp004274_darkbrown.jpg?x-cc=20&x-cu=28909&x-ct=1784098800&x-cs=e5313845cd946e6df08fe7eb88e4f33d""","https://b2bfiles1.gigab2b.cn/image/wkseller/301/a4b3d52d9e7ba85f09856e197cde96ac.jpg?x-cc=20&x-cu=28909&x-ct=1784098800&x-cs=bc1d3944e6f5d0945a8dc3db0709d457""","https://b2bfiles1.gigab2b.cn/image/wkseller/301/ba82a0de401d0364ab9676dfd408d06e.jpg?x-cc=20&x-cu=28909&x-ct=1784098800&x-cs=eda53d9c65e64b24990a403e19ff428e""","https://b2bfiles1.gigab2b.cn/image/wkseller/301/fa5df4d2b9cf6173469e607549035038.jpg?x-cc=20&x-cu=28909&x-ct=1784098800&x-cs=3e204ea1dc1a9052eec3cf5d8c9e3405""","https://b2bfiles1.gigab2b.cn/image/wkseller/301/214bf1ef0a97570947d977851e531fb7.jpg?x-cc=20&x-cu=28909&x-ct=1784098800&x-cs=0c4527bb870674e17ecf21aafb8b9a33""","https://b2bfiles1.gigab2b.cn/image/wkseller/301/dc7db51aa268b1cf212b41cddacec297.jpg?x-cc=20&x-cu=28909&x-ct=1784098800&x-cs=1bccfb9b2bd6c44ba899517436ed1825""","https://b2bfiles1.gigab2b.cn/image/wkseller/301/17bf71a953a697bb484f4c674ba790cb.jpg?x-cc=20&x-cu=28909&x-ct=1784098800&x-cs=5d8fa899e3201272a5cc3caa9ec0ff7e""","https://b2bfiles1.gigab2b.cn/image/wkseller/301/d67e77a725de350e5efefd8862830c79.jpg?x-cc=20&x-cu=28909&x-ct=1784098800&x-cs=4706a0ae8bcaa812c06662678d13cbdb""","https://b2bfiles1.gigab2b.cn/image/wkseller/301/2708f8a0ee594f9988c042db80f07a73.jpg?x-cc=20&x-cu=28909&x-ct=1784098800&x-cs=900919c819dfc4a1cc97ee7d4e494dbf""","https://b2bfiles1.gigab2b.cn/image/wkseller/301/PP004274/20191219_02224fb54997196e6948d76dbaf4dbe6.jpg?x-cc=20&x-cu=28909&x-ct=1784098800&x-cs=e22785e381ab4079342cac9e28cc9b58""","https://b2bfiles1.gigab2b.cn/image/wkseller/301/PP004274/20200706_eb9cded32db916c6c05dd3c1d63d13f1.jpg?x-cc=20&x-cu=28909&x-ct=1784098800&x-cs=ebc30af16f4f7790690f54c0e19ff0e6""","https://b2bfiles1.gigab2b.cn/image/wkseller/301/PP004274/20200904_0c2d847b3bde3e58b294f87de91c682d.jpg?x-cc=20&x-cu=28909&x-ct=1784098800&x-cs=e34c97b6d270f85d0a8cb30dd1434db2""","https://b2bfiles1.gigab2b.cn/image/wkseller/301/PP004274/20200904_c08a73cb3c25265e4cf33e5a3f3ff37d.JPG?x-cc=20&x-cu=28909&x-ct=1784098800&x-cs=e9706592ce2f69866ff25e29c75ce1fb""]",https://pub-606bcd6c031442e4959f73b5435fefd1.r2.dev/shipping-guide.png,,,,,,,set 【人気1位商品】【ダークブラウン】パソコンデスク ラック付き デスク ワークデスク 木製 学習デスク,"ホムブリスショップへようこそ
♪すべての商品は未開封の新品です
♪フォロー割あり
♪まとめ買い割あり：2点で2%OFF、3点で3%OFF、最大5%（一部商品適用外）
♪発送と送料：在庫品は1～2営業日以内に発送、再入荷商品は入荷後1～2営業日以内に発送いたします。北海道は基本的に追加送料不要です。沖縄への送料は別途お見積りが必須です。

【商品説明】

組立時重量: Not Applicable
組立時長さ: Not Applicable
組立時幅: Not Applicable
組立時高さ: Not Applicable
主要素材: Particle Board
主要カラー: Dark Brown",ダークブラウン,0,N512S403839EA1,,,,,,,,,,,,,,,,,,,,,,,,,,,,,,,,,,,,,,,10801,yvGJ5Az6vUpvHpHjMWucqA,1,1,jp13,1,1,1,,,,,,,
"https://b2bfiles1.gigab2b.cn/image/wkseller/301/20211008_0ddb875db518a9ef4241b5981107267f.jpg?x-cc=20&x-cu=28909&x-ct=1784098800&x-cs=58d3045094b37a508d150c3efd762b1b""","https://b2bfiles1.gigab2b.cn/image/wkseller/301/b28bd7fc9f717794bdcf6df523bd0ac8.jpg?x-cc=20&x-cu=28909&x-ct=1784098800&x-cs=b90f7668089ffabf539f615e69b13a68""","https://b2bfiles1.gigab2b.cn/image/wkseller/301/40c2e68fdcce81d40dfa2b5bc812350b.jpg?x-cc=20&x-cu=28909&x-ct=1784098800&x-cs=ee4acd2d24baf36484d3c8e406668d1d""","https://b2bfiles1.gigab2b.cn/image/wkseller/301/7b79be6f62437746f349e09653f21dc4.jpg?x-cc=20&x-cu=28909&x-ct=1784098800&x-cs=769c7cac5d3b140aa1bc560dc993f19f""","https://b2bfiles1.gigab2b.cn/image/wkseller/301/179b829e876dbd87bbdf92dfb8449b25.jpg?x-cc=20&x-cu=28909&x-ct=1784098800&x-cs=d1344ab896eef0adb0a878677001172f""","https://b2bfiles1.gigab2b.cn/image/wkseller/301/20211008_59d68584b7ec495f860e00ff9b6467b7.jpg?x-cc=20&x-cu=28909&x-ct=1784098800&x-cs=1e035a25eaec4ff18f8614db5536c593""","https://b2bfiles1.gigab2b.cn/image/wkseller/301/20211008_0c4d3b800388c71c1c0c48784bbd36cd.jpg?x-cc=20&x-cu=28909&x-ct=1784098800&x-cs=175de07f0138e0651141736472aa5ea0""","https://b2bfiles1.gigab2b.cn/image/wkseller/301/20211008_07d1ebd25eec50dad4c092a05b42511c.jpg?x-cc=20&x-cu=28909&x-ct=1784098800&x-cs=f57f530738c03c7774a911b63b9d3612""","https://b2bfiles1.gigab2b.cn/image/wkseller/301/20211008_e0ddff2c58ecbe89f6400983b7e3d3f5.jpg?x-cc=20&x-cu=28909&x-ct=1784098800&x-cs=7b7b6670710461000b2c86a2c89ac323""","https://b2bfiles1.gigab2b.cn/image/wkseller/301/20211008_1582dc1af243d9b81c0c5fa07c769bc0.jpg?x-cc=20&x-cu=28909&x-ct=1784098800&x-cs=5b6d1fff9d94a098ff801fa09e5e1d5f""","https://b2bfiles1.gigab2b.cn/image/wkseller/301/20211008_dd8a9193a33a750098b2484a2e8b85a0.jpg?x-cc=20&x-cu=28909&x-ct=1784098800&x-cs=6438aab61874c94d2c00c5b45d44451f""","https://b2bfiles1.gigab2b.cn/image/wkseller/301/20211008_bcf2724e2d29e4e5b6e93a0a23c62ef6.jpg?x-cc=20&x-cu=28909&x-ct=1784098800&x-cs=5248498469f70d1b0484344b0a7ff9b6""","https://b2bfiles1.gigab2b.cn/image/wkseller/301/20211008_3a8ea5ef415e44ebdaa3c6877cb4ac9b.jpg?x-cc=20&x-cu=28909&x-ct=1784098800&x-cs=06b807e01d10aa695759d15599da6b79""","https://b2bfiles1.gigab2b.cn/image/wkseller/301/20211008_1d3a62d70ae4572246c73adf357d19ce.jpg?x-cc=20&x-cu=28909&x-ct=1784098800&x-cs=18d3cae7195678e6532f26ad1506f07f""","https://b2bfiles1.gigab2b.cn/image/wkseller/301/20211008_13f5ab9909cc7667d9a4e23b36f0a117.jpg?x-cc=20&x-cu=28909&x-ct=1784098800&x-cs=3d3d16dc8b5513a169f85aa2d7dea6ec""","https://b2bfiles1.gigab2b.cn/image/wkseller/301/20211008_7042cef82aa8ae35314fb62b7c7379ee.jpg?x-cc=20&x-cu=28909&x-ct=1784098800&x-cs=fa4b1520e43e72ea65b5e4677787f0d0""","https://b2bfiles1.gigab2b.cn/image/wkseller/301/20211008_95e43fe82a8d5e7a3778514eef220cc8.jpg?x-cc=20&x-cu=28909&x-ct=1784098800&x-cs=4f31a6be389375abeecb78edc8eb5b03""","https://b2bfiles1.gigab2b.cn/image/wkseller/301/20211008_9239bf1b28d92a3c64d6c17232c38e53.jpg?x-cc=20&x-cu=28909&x-ct=1784098800&x-cs=9bba225a7190cd6147c7c4b0d936a063""","https://b2bfiles1.gigab2b.cn/image/wkseller/301/20211008_74eecc11f9f4fc5413e8cd830500dbae.jpg?x-cc=20&x-cu=28909&x-ct=1784098800&x-cs=63e404e5a6333cb3871bc67df9525c87""]",https://pub-606bcd6c031442e4959f73b5435fefd1.r2.dev/shipping-guide.png,set品パソコンデスク ラック付き 調整可能　デスク ワークデスク 木製 学習デスク,"ホムブリスショップへようこそ
♪すべての商品は未開封の新品です
♪フォロー割あり
♪まとめ買い割あり：2点で2%OFF、3点で3%OFF、最大5%（一部商品適用外）
♪発送と送料：在庫品は1～2営業日以内に発送、再入荷商品は入荷後1～2営業日以内に発送いたします。北海道は基本的に追加送料不要です。沖縄への送料は別途お見積りが必須です。

【商品説明】

組立時重量: Not Applicable
組立時長さ: Not Applicable
組立時幅: Not Applicable
組立時高さ: Not Applicable
主要素材: Particle Board
主要カラー: Black",ブラック,0,N512S403841AA1,,,,,,,,,,,,,,,,,,,,,,,,,,,,,,,,,,,,,,,10501,yvGJ5Az6vUpvHpHjMWucqA,1,1,jp13,1,1,1,,,,,,,
"https://b2bfiles1.gigab2b.cn/image/wkseller/301/20211008_0ddb875db518a9ef4241b5981107267f.jpg?x-cc=20&x-cu=28909&x-ct=1784098800&x-cs=58d3045094b37a508d150c3efd762b1b""","https://b2bfiles1.gigab2b.cn/image/wkseller/301/b28bd7fc9f717794bdcf6df523bd0ac8.jpg?x-cc=20&x-cu=28909&x-ct=1784098800&x-cs=b90f7668089ffabf539f615e69b13a68""","https://b2bfiles1.gigab2b.cn/image/wkseller/301/40c2e68fdcce81d40dfa2b5bc812350b.jpg?x-cc=20&x-cu=28909&x-ct=1784098800&x-cs=ee4acd2d24baf36484d3c8e406668d1d""","https://b2bfiles1.gigab2b.cn/image/wkseller/301/7b79be6f62437746f349e09653f21dc4.jpg?x-cc=20&x-cu=28909&x-ct=1784098800&x-cs=769c7cac5d3b140aa1bc560dc993f19f""","https://b2bfiles1.gigab2b.cn/image/wkseller/301/179b829e876dbd87bbdf92dfb8449b25.jpg?x-cc=20&x-cu=28909&x-ct=1784098800&x-cs=d1344ab896eef0adb0a878677001172f""","https://b2bfiles1.gigab2b.cn/image/wkseller/301/20211008_59d68584b7ec495f860e00ff9b6467b7.jpg?x-cc=20&x-cu=28909&x-ct=1784098800&x-cs=1e035a25eaec4ff18f8614db5536c593""","https://b2bfiles1.gigab2b.cn/image/wkseller/301/20211008_0c4d3b800388c71c1c0c48784bbd36cd.jpg?x-cc=20&x-cu=28909&x-ct=1784098800&x-cs=175de07f0138e0651141736472aa5ea0""","https://b2bfiles1.gigab2b.cn/image/wkseller/301/20211008_07d1ebd25eec50dad4c092a05b42511c.jpg?x-cc=20&x-cu=28909&x-ct=1784098800&x-cs=f57f530738c03c7774a911b63b9d3612""","https://b2bfiles1.gigab2b.cn/image/wkseller/301/20211008_e0ddff2c58ecbe89f6400983b7e3d3f5.jpg?x-cc=20&x-cu=28909&x-ct=1784098800&x-cs=7b7b6670710461000b2c86a2c89ac323""","https://b2bfiles1.gigab2b.cn/image/wkseller/301/20211008_1582dc1af243d9b81c0c5fa07c769bc0.jpg?x-cc=20&x-cu=28909&x-ct=1784098800&x-cs=5b6d1fff9d94a098ff801fa09e5e1d5f""","https://b2bfiles1.gigab2b.cn/image/wkseller/301/20211008_dd8a9193a33a750098b2484a2e8b85a0.jpg?x-cc=20&x-cu=28909&x-ct=1784098800&x-cs=6438aab61874c94d2c00c5b45d44451f""","https://b2bfiles1.gigab2b.cn/image/wkseller/301/20211008_bcf2724e2d29e4e5b6e93a0a23c62ef6.jpg?x-cc=20&x-cu=28909&x-ct=1784098800&x-cs=5248498469f70d1b0484344b0a7ff9b6""","https://b2bfiles1.gigab2b.cn/image/wkseller/301/20211008_3a8ea5ef415e44ebdaa3c6877cb4ac9b.jpg?x-cc=20&x-cu=28909&x-ct=1784098800&x-cs=06b807e01d10aa695759d15599da6b79""","https://b2bfiles1.gigab2b.cn/image/wkseller/301/20211008_1d3a62d70ae4572246c73adf357d19ce.jpg?x-cc=20&x-cu=28909&x-ct=1784098800&x-cs=18d3cae7195678e6532f26ad1506f07f""","https://b2bfiles1.gigab2b.cn/image/wkseller/301/20211008_13f5ab9909cc7667d9a4e23b36f0a117.jpg?x-cc=20&x-cu=28909&x-ct=1784098800&x-cs=3d3d16dc8b5513a169f85aa2d7dea6ec""","https://b2bfiles1.gigab2b.cn/image/wkseller/301/20211008_7042cef82aa8ae35314fb62b7c7379ee.jpg?x-cc=20&x-cu=28909&x-ct=1784098800&x-cs=fa4b1520e43e72ea65b5e4677787f0d0""","https://b2bfiles1.gigab2b.cn/image/wkseller/301/20211008_95e43fe82a8d5e7a3778514eef220cc8.jpg?x-cc=20&x-cu=28909&x-ct=1784098800&x-cs=4f31a6be389375abeecb78edc8eb5b03""","https://b2bfiles1.gigab2b.cn/image/wkseller/301/20211008_9239bf1b28d92a3c64d6c17232c38e53.jpg?x-cc=20&x-cu=28909&x-ct=1784098800&x-cs=9bba225a7190cd6147c7c4b0d936a063""","https://b2bfiles1.gigab2b.cn/image/wkseller/301/20211008_74eecc11f9f4fc5413e8cd830500dbae.jpg?x-cc=20&x-cu=28909&x-ct=1784098800&x-cs=63e404e5a6333cb3871bc67df9525c87""]",https://pub-606bcd6c031442e4959f73b5435fefd1.r2.dev/shipping-guide.png,set品パソコンデスク ラック付き 調整可能　デスク ワークデスク 木製 学習デスク,"ホムブリスショップへようこそ
♪すべての商品は未開封の新品です
♪フォロー割あり
♪まとめ買い割あり：2点で2%OFF、3点で3%OFF、最大5%（一部商品適用外）
♪発送と送料：在庫品は1～2営業日以内に発送、再入荷商品は入荷後1～2営業日以内に発送いたします。北海道は基本的に追加送料不要です。沖縄への送料は別途お見積りが必須です。

【商品説明】

組立時重量: Not Applicable
組立時長さ: Not Applicable
組立時幅: Not Applicable
組立時高さ: Not Applicable
主要素材: Particle Board
主要カラー: Black",ブラック,0,N512S403841AK,,,,,,,,,,,,,,,,,,,,,,,,,,,,,,,,,,,,,,,10501,yvGJ5Az6vUpvHpHjMWucqA,1,1,jp13,1,1,1,,,,,,,
"https://b2bfiles1.gigab2b.cn/image/wkseller/301/20211008_0ddb875db518a9ef4241b5981107267f.jpg?x-cc=20&x-cu=28909&x-ct=1784098800&x-cs=58d3045094b37a508d150c3efd762b1b""","https://b2bfiles1.gigab2b.cn/image/wkseller/301/b28bd7fc9f717794bdcf6df523bd0ac8.jpg?x-cc=20&x-cu=28909&x-ct=1784098800&x-cs=b90f7668089ffabf539f615e69b13a68""","https://b2bfiles1.gigab2b.cn/image/wkseller/301/40c2e68fdcce81d40dfa2b5bc812350b.jpg?x-cc=20&x-cu=28909&x-ct=1784098800&x-cs=ee4acd2d24baf36484d3c8e406668d1d""","https://b2bfiles1.gigab2b.cn/image/wkseller/301/7b79be6f62437746f349e09653f21dc4.jpg?x-cc=20&x-cu=28909&x-ct=1784098800&x-cs=769c7cac5d3b140aa1bc560dc993f19f""","https://b2bfiles1.gigab2b.cn/image/wkseller/301/179b829e876dbd87bbdf92dfb8449b25.jpg?x-cc=20&x-cu=28909&x-ct=1784098800&x-cs=d1344ab896eef0adb0a878677001172f""","https://b2bfiles1.gigab2b.cn/image/wkseller/301/20211008_59d68584b7ec495f860e00ff9b6467b7.jpg?x-cc=20&x-cu=28909&x-ct=1784098800&x-cs=1e035a25eaec4ff18f8614db5536c593""","https://b2bfiles1.gigab2b.cn/image/wkseller/301/20211008_0c4d3b800388c71c1c0c48784bbd36cd.jpg?x-cc=20&x-cu=28909&x-ct=1784098800&x-cs=175de07f0138e0651141736472aa5ea0""","https://b2bfiles1.gigab2b.cn/image/wkseller/301/20211008_07d1ebd25eec50dad4c092a05b42511c.jpg?x-cc=20&x-cu=28909&x-ct=1784098800&x-cs=f57f530738c03c7774a911b63b9d3612""","https://b2bfiles1.gigab2b.cn/image/wkseller/301/20211008_e0ddff2c58ecbe89f6400983b7e3d3f5.jpg?x-cc=20&x-cu=28909&x-ct=1784098800&x-cs=7b7b6670710461000b2c86a2c89ac323""","https://b2bfiles1.gigab2b.cn/image/wkseller/301/20211008_1582dc1af243d9b81c0c5fa07c769bc0.jpg?x-cc=20&x-cu=28909&x-ct=1784098800&x-cs=5b6d1fff9d94a098ff801fa09e5e1d5f""","https://b2bfiles1.gigab2b.cn/image/wkseller/301/20211008_dd8a9193a33a750098b2484a2e8b85a0.jpg?x-cc=20&x-cu=28909&x-ct=1784098800&x-cs=6438aab61874c94d2c00c5b45d44451f""","https://b2bfiles1.gigab2b.cn/image/wkseller/301/20211008_bcf2724e2d29e4e5b6e93a0a23c62ef6.jpg?x-cc=20&x-cu=28909&x-ct=1784098800&x-cs=5248498469f70d1b0484344b0a7ff9b6""","https://b2bfiles1.gigab2b.cn/image/wkseller/301/20211008_3a8ea5ef415e44ebdaa3c6877cb4ac9b.jpg?x-cc=20&x-cu=28909&x-ct=1784098800&x-cs=06b807e01d10aa695759d15599da6b79""","https://b2bfiles1.gigab2b.cn/image/wkseller/301/20211008_1d3a62d70ae4572246c73adf357d19ce.jpg?x-cc=20&x-cu=28909&x-ct=1784098800&x-cs=18d3cae7195678e6532f26ad1506f07f""","https://b2bfiles1.gigab2b.cn/image/wkseller/301/20211008_13f5ab9909cc7667d9a4e23b36f0a117.jpg?x-cc=20&x-cu=28909&x-ct=1784098800&x-cs=3d3d16dc8b5513a169f85aa2d7dea6ec""","https://b2bfiles1.gigab2b.cn/image/wkseller/301/20211008_7042cef82aa8ae35314fb62b7c7379ee.jpg?x-cc=20&x-cu=28909&x-ct=1784098800&x-cs=fa4b1520e43e72ea65b5e4677787f0d0""","https://b2bfiles1.gigab2b.cn/image/wkseller/301/20211008_95e43fe82a8d5e7a3778514eef220cc8.jpg?x-cc=20&x-cu=28909&x-ct=1784098800&x-cs=4f31a6be389375abeecb78edc8eb5b03""","https://b2bfiles1.gigab2b.cn/image/wkseller/301/20211008_9239bf1b28d92a3c64d6c17232c38e53.jpg?x-cc=20&x-cu=28909&x-ct=1784098800&x-cs=9bba225a7190cd6147c7c4b0d936a063""","https://b2bfiles1.gigab2b.cn/image/wkseller/301/20211008_74eecc11f9f4fc5413e8cd830500dbae.jpg?x-cc=20&x-cu=28909&x-ct=1784098800&x-cs=63e404e5a6333cb3871bc67df9525c87""]",https://pub-606bcd6c031442e4959f73b5435fefd1.r2.dev/shipping-guide.png,set品パソコンデスク ラック付き 調整可能　デスク ワークデスク 木製 学習デスク,"ホムブリスショップへようこそ
♪すべての商品は未開封の新品です
♪フォロー割あり
♪まとめ買い割あり：2点で2%OFF、3点で3%OFF、最大5%（一部商品適用外）
♪発送と送料：在庫品は1～2営業日以内に発送、再入荷商品は入荷後1～2営業日以内に発送いたします。北海道は基本的に追加送料不要です。沖縄への送料は別途お見積りが必須です。

【商品説明】

組立時重量: Not Applicable
組立時長さ: Not Applicable
組立時幅: Not Applicable
組立時高さ: Not Applicable
主要素材: Particle Board
主要カラー: Black",ブラック,0,N512S403841AM,,,,,,,,,,,,,,,,,,,,,,,,,,,,,,,,,,,,,,,10501,yvGJ5Az6vUpvHpHjMWucqA,1,1,jp13,1,1,1,,,,,,,
"https://b2bfiles1.gigab2b.cn/image/wkseller/301/20211008_c0ed4e01ac2fa7b3414aebfbc840463a.jpg?x-cc=20&x-cu=28909&x-ct=1784098800&x-cs=561acabcc8afb6ae0900500f47a2e07d""","https://b2bfiles1.gigab2b.cn/image/wkseller/301/50bd36ce8888a1c9f4375dfe68d9794b.jpg?x-cc=20&x-cu=28909&x-ct=1784098800&x-cs=a3693dc74980d0744cae40466dead613""","https://b2bfiles1.gigab2b.cn/image/wkseller/301/34eb430bbe1c859c0ce87c10790247d5.jpg?x-cc=20&x-cu=28909&x-ct=1784098800&x-cs=db6b3e867939016f2d16d4baa199db7e""","https://b2bfiles1.gigab2b.cn/image/wkseller/301/a912462809eed1ddeb8c723237fe3c12.jpg?x-cc=20&x-cu=28909&x-ct=1784098800&x-cs=76f23c2937e90e376ef19d127fc58f5b""","https://b2bfiles1.gigab2b.cn/image/wkseller/301/5b046845187bf15396d814d80dc7c26f.jpg?x-cc=20&x-cu=28909&x-ct=1784098800&x-cs=ad5e5dbeef241c082ebbbcc5eb010fcf""","https://b2bfiles1.gigab2b.cn/image/wkseller/301/d1c3496a7763193ef4f82c914b9c7aff.jpg?x-cc=20&x-cu=28909&x-ct=1784098800&x-cs=4c3d0856a5d62379ba23f7a2007356c9""","https://b2bfiles1.gigab2b.cn/image/wkseller/301/20211008_34d125de1eb0d77bb226a058dc5614cd.jpg?x-cc=20&x-cu=28909&x-ct=1784098800&x-cs=c217df244e30f5afb956e4ae2001f8bc""","https://b2bfiles1.gigab2b.cn/image/wkseller/301/20211008_74eecc11f9f4fc5413e8cd830500dbae.jpg?x-cc=20&x-cu=28909&x-ct=1784098800&x-cs=63e404e5a6333cb3871bc67df9525c87""","https://b2bfiles1.gigab2b.cn/image/wkseller/301/20211008_59d68584b7ec495f860e00ff9b6467b7.jpg?x-cc=20&x-cu=28909&x-ct=1784098800&x-cs=1e035a25eaec4ff18f8614db5536c593""","https://b2bfiles1.gigab2b.cn/image/wkseller/301/20211008_0c4d3b800388c71c1c0c48784bbd36cd.jpg?x-cc=20&x-cu=28909&x-ct=1784098800&x-cs=175de07f0138e0651141736472aa5ea0""","https://b2bfiles1.gigab2b.cn/image/wkseller/301/367ace3c38ace54f1170b311fb50eead.jpg?x-cc=20&x-cu=28909&x-ct=1784098800&x-cs=1bc3ba0fa79a94024e45182dbdf22775""","https://b2bfiles1.gigab2b.cn/image/wkseller/301/20211008_07d1ebd25eec50dad4c092a05b42511c.jpg?x-cc=20&x-cu=28909&x-ct=1784098800&x-cs=f57f530738c03c7774a911b63b9d3612""","https://b2bfiles1.gigab2b.cn/image/wkseller/301/20211008_e0ddff2c58ecbe89f6400983b7e3d3f5.jpg?x-cc=20&x-cu=28909&x-ct=1784098800&x-cs=7b7b6670710461000b2c86a2c89ac323""","https://b2bfiles1.gigab2b.cn/image/wkseller/301/20211008_1582dc1af243d9b81c0c5fa07c769bc0.jpg?x-cc=20&x-cu=28909&x-ct=1784098800&x-cs=5b6d1fff9d94a098ff801fa09e5e1d5f""","https://b2bfiles1.gigab2b.cn/image/wkseller/301/20211008_dd8a9193a33a750098b2484a2e8b85a0.jpg?x-cc=20&x-cu=28909&x-ct=1784098800&x-cs=6438aab61874c94d2c00c5b45d44451f""","https://b2bfiles1.gigab2b.cn/image/wkseller/301/20211008_bcf2724e2d29e4e5b6e93a0a23c62ef6.jpg?x-cc=20&x-cu=28909&x-ct=1784098800&x-cs=5248498469f70d1b0484344b0a7ff9b6""","https://b2bfiles1.gigab2b.cn/image/wkseller/301/20211008_3a8ea5ef415e44ebdaa3c6877cb4ac9b.jpg?x-cc=20&x-cu=28909&x-ct=1784098800&x-cs=06b807e01d10aa695759d15599da6b79""","https://b2bfiles1.gigab2b.cn/image/wkseller/301/20211008_1d3a62d70ae4572246c73adf357d19ce.jpg?x-cc=20&x-cu=28909&x-ct=1784098800&x-cs=18d3cae7195678e6532f26ad1506f07f""","https://b2bfiles1.gigab2b.cn/image/wkseller/301/20211008_13f5ab9909cc7667d9a4e23b36f0a117.jpg?x-cc=20&x-cu=28909&x-ct=1784098800&x-cs=3d3d16dc8b5513a169f85aa2d7dea6ec""",https://pub-606bcd6c031442e4959f73b5435fefd1.r2.dev/shipping-guide.png,【N512P455095Aオフィスチェア+パソコンデスク セット】  パソコンデスク ラック付き 調整可能　デスク ワークデスク 木製 学習デスク,"ホムブリスショップへようこそ
♪すべての商品は未開封の新品です
♪フォロー割あり
♪まとめ買い割あり：2点で2%OFF、3点で3%OFF、最大5%（一部商品適用外）
♪発送と送料：在庫品は1～2営業日以内に発送、再入荷商品は入荷後1～2営業日以内に発送いたします。北海道は基本的に追加送料不要です。沖縄への送料は別途お見積りが必須です。

【商品説明】

組立時重量: Not Applicable
組立時長さ: Not Applicable
組立時幅: Not Applicable
組立時高さ: Not Applicable
主要素材: Particle Board
主要カラー: Brown",ブラウン,0,N512S403841BA1,,,,,,,,,,,,,,,,,,,,,,,,,,,,,,,,,,,,,,,10501,gRD8jKpyRewmy6DmW57T66,1,1,jp13,1,1,1,,,,,,,
"https://b2bfiles1.gigab2b.cn/image/wkseller/301/20211008_c0ed4e01ac2fa7b3414aebfbc840463a.jpg?x-cc=20&x-cu=28909&x-ct=1784098800&x-cs=561acabcc8afb6ae0900500f47a2e07d""","https://b2bfiles1.gigab2b.cn/image/wkseller/301/50bd36ce8888a1c9f4375dfe68d9794b.jpg?x-cc=20&x-cu=28909&x-ct=1784098800&x-cs=a3693dc74980d0744cae40466dead613""","https://b2bfiles1.gigab2b.cn/image/wkseller/301/34eb430bbe1c859c0ce87c10790247d5.jpg?x-cc=20&x-cu=28909&x-ct=1784098800&x-cs=db6b3e867939016f2d16d4baa199db7e""","https://b2bfiles1.gigab2b.cn/image/wkseller/301/a912462809eed1ddeb8c723237fe3c12.jpg?x-cc=20&x-cu=28909&x-ct=1784098800&x-cs=76f23c2937e90e376ef19d127fc58f5b""","https://b2bfiles1.gigab2b.cn/image/wkseller/301/5b046845187bf15396d814d80dc7c26f.jpg?x-cc=20&x-cu=28909&x-ct=1784098800&x-cs=ad5e5dbeef241c082ebbbcc5eb010fcf""","https://b2bfiles1.gigab2b.cn/image/wkseller/301/d1c3496a7763193ef4f82c914b9c7aff.jpg?x-cc=20&x-cu=28909&x-ct=1784098800&x-cs=4c3d0856a5d62379ba23f7a2007356c9""","https://b2bfiles1.gigab2b.cn/image/wkseller/301/20211008_34d125de1eb0d77bb226a058dc5614cd.jpg?x-cc=20&x-cu=28909&x-ct=1784098800&x-cs=c217df244e30f5afb956e4ae2001f8bc""","https://b2bfiles1.gigab2b.cn/image/wkseller/301/20211008_74eecc11f9f4fc5413e8cd830500dbae.jpg?x-cc=20&x-cu=28909&x-ct=1784098800&x-cs=63e404e5a6333cb3871bc67df9525c87""","https://b2bfiles1.gigab2b.cn/image/wkseller/301/20211008_59d68584b7ec495f860e00ff9b6467b7.jpg?x-cc=20&x-cu=28909&x-ct=1784098800&x-cs=1e035a25eaec4ff18f8614db5536c593""","https://b2bfiles1.gigab2b.cn/image/wkseller/301/20211008_0c4d3b800388c71c1c0c48784bbd36cd.jpg?x-cc=20&x-cu=28909&x-ct=1784098800&x-cs=175de07f0138e0651141736472aa5ea0""","https://b2bfiles1.gigab2b.cn/image/wkseller/301/367ace3c38ace54f1170b311fb50eead.jpg?x-cc=20&x-cu=28909&x-ct=1784098800&x-cs=1bc3ba0fa79a94024e45182dbdf22775""","https://b2bfiles1.gigab2b.cn/image/wkseller/301/20211008_07d1ebd25eec50dad4c092a05b42511c.jpg?x-cc=20&x-cu=28909&x-ct=1784098800&x-cs=f57f530738c03c7774a911b63b9d3612""","https://b2bfiles1.gigab2b.cn/image/wkseller/301/20211008_e0ddff2c58ecbe89f6400983b7e3d3f5.jpg?x-cc=20&x-cu=28909&x-ct=1784098800&x-cs=7b7b6670710461000b2c86a2c89ac323""","https://b2bfiles1.gigab2b.cn/image/wkseller/301/20211008_1582dc1af243d9b81c0c5fa07c769bc0.jpg?x-cc=20&x-cu=28909&x-ct=1784098800&x-cs=5b6d1fff9d94a098ff801fa09e5e1d5f""","https://b2bfiles1.gigab2b.cn/image/wkseller/301/20211008_dd8a9193a33a750098b2484a2e8b85a0.jpg?x-cc=20&x-cu=28909&x-ct=1784098800&x-cs=6438aab61874c94d2c00c5b45d44451f""","https://b2bfiles1.gigab2b.cn/image/wkseller/301/20211008_bcf2724e2d29e4e5b6e93a0a23c62ef6.jpg?x-cc=20&x-cu=28909&x-ct=1784098800&x-cs=5248498469f70d1b0484344b0a7ff9b6""","https://b2bfiles1.gigab2b.cn/image/wkseller/301/20211008_3a8ea5ef415e44ebdaa3c6877cb4ac9b.jpg?x-cc=20&x-cu=28909&x-ct=1784098800&x-cs=06b807e01d10aa695759d15599da6b79""","https://b2bfiles1.gigab2b.cn/image/wkseller/301/20211008_1d3a62d70ae4572246c73adf357d19ce.jpg?x-cc=20&x-cu=28909&x-ct=1784098800&x-cs=18d3cae7195678e6532f26ad1506f07f""","https://b2bfiles1.gigab2b.cn/image/wkseller/301/20211008_13f5ab9909cc7667d9a4e23b36f0a117.jpg?x-cc=20&x-cu=28909&x-ct=1784098800&x-cs=3d3d16dc8b5513a169f85aa2d7dea6ec""",https://pub-606bcd6c031442e4959f73b5435fefd1.r2.dev/shipping-guide.png,【WF301556GAAオフィスチェア+パソコンデスク セット】  パソコンデスク ラック付き 調整可能　デスク ワークデスク 木製 学習デスク,"ホムブリスショップへようこそ
♪すべての商品は未開封の新品です
♪フォロー割あり
♪まとめ買い割あり：2点で2%OFF、3点で3%OFF、最大5%（一部商品適用外）
♪発送と送料：在庫品は1～2営業日以内に発送、再入荷商品は入荷後1～2営業日以内に発送いたします。北海道は基本的に追加送料不要です。沖縄への送料は別途お見積りが必須です。

【商品説明】

組立時重量: Not Applicable
組立時長さ: Not Applicable
組立時幅: Not Applicable
組立時高さ: Not Applicable
主要素材: Particle Board
主要カラー: Brown",ブラウン,0,N512S403841BG,,,,,,,,,,,,,,,,,,,,,,,,,,,,,,,,,,,,,,,10501,gRD8jKpyRewmy6DmW57T66,1,1,jp13,1,1,1,,,,,,,
"https://b2bfiles1.gigab2b.cn/image/wkseller/301/20211008_c0ed4e01ac2fa7b3414aebfbc840463a.jpg?x-cc=20&x-cu=28909&x-ct=1784098800&x-cs=561acabcc8afb6ae0900500f47a2e07d""","https://b2bfiles1.gigab2b.cn/image/wkseller/301/50bd36ce8888a1c9f4375dfe68d9794b.jpg?x-cc=20&x-cu=28909&x-ct=1784098800&x-cs=a3693dc74980d0744cae40466dead613""","https://b2bfiles1.gigab2b.cn/image/wkseller/301/34eb430bbe1c859c0ce87c10790247d5.jpg?x-cc=20&x-cu=28909&x-ct=1784098800&x-cs=db6b3e867939016f2d16d4baa199db7e""","https://b2bfiles1.gigab2b.cn/image/wkseller/301/a912462809eed1ddeb8c723237fe3c12.jpg?x-cc=20&x-cu=28909&x-ct=1784098800&x-cs=76f23c2937e90e376ef19d127fc58f5b""","https://b2bfiles1.gigab2b.cn/image/wkseller/301/5b046845187bf15396d814d80dc7c26f.jpg?x-cc=20&x-cu=28909&x-ct=1784098800&x-cs=ad5e5dbeef241c082ebbbcc5eb010fcf""","https://b2bfiles1.gigab2b.cn/image/wkseller/301/d1c3496a7763193ef4f82c914b9c7aff.jpg?x-cc=20&x-cu=28909&x-ct=1784098800&x-cs=4c3d0856a5d62379ba23f7a2007356c9""","https://b2bfiles1.gigab2b.cn/image/wkseller/301/20211008_34d125de1eb0d77bb226a058dc5614cd.jpg?x-cc=20&x-cu=28909&x-ct=1784098800&x-cs=c217df244e30f5afb956e4ae2001f8bc""","https://b2bfiles1.gigab2b.cn/image/wkseller/301/20211008_74eecc11f9f4fc5413e8cd830500dbae.jpg?x-cc=20&x-cu=28909&x-ct=1784098800&x-cs=63e404e5a6333cb3871bc67df9525c87""","https://b2bfiles1.gigab2b.cn/image/wkseller/301/20211008_59d68584b7ec495f860e00ff9b6467b7.jpg?x-cc=20&x-cu=28909&x-ct=1784098800&x-cs=1e035a25eaec4ff18f8614db5536c593""","https://b2bfiles1.gigab2b.cn/image/wkseller/301/20211008_0c4d3b800388c71c1c0c48784bbd36cd.jpg?x-cc=20&x-cu=28909&x-ct=1784098800&x-cs=175de07f0138e0651141736472aa5ea0""","https://b2bfiles1.gigab2b.cn/image/wkseller/301/367ace3c38ace54f1170b311fb50eead.jpg?x-cc=20&x-cu=28909&x-ct=1784098800&x-cs=1bc3ba0fa79a94024e45182dbdf22775""","https://b2bfiles1.gigab2b.cn/image/wkseller/301/20211008_07d1ebd25eec50dad4c092a05b42511c.jpg?x-cc=20&x-cu=28909&x-ct=1784098800&x-cs=f57f530738c03c7774a911b63b9d3612""","https://b2bfiles1.gigab2b.cn/image/wkseller/301/20211008_e0ddff2c58ecbe89f6400983b7e3d3f5.jpg?x-cc=20&x-cu=28909&x-ct=1784098800&x-cs=7b7b6670710461000b2c86a2c89ac323""","https://b2bfiles1.gigab2b.cn/image/wkseller/301/20211008_1582dc1af243d9b81c0c5fa07c769bc0.jpg?x-cc=20&x-cu=28909&x-ct=1784098800&x-cs=5b6d1fff9d94a098ff801fa09e5e1d5f""","https://b2bfiles1.gigab2b.cn/image/wkseller/301/20211008_dd8a9193a33a750098b2484a2e8b85a0.jpg?x-cc=20&x-cu=28909&x-ct=1784098800&x-cs=6438aab61874c94d2c00c5b45d44451f""","https://b2bfiles1.gigab2b.cn/image/wkseller/301/20211008_bcf2724e2d29e4e5b6e93a0a23c62ef6.jpg?x-cc=20&x-cu=28909&x-ct=1784098800&x-cs=5248498469f70d1b0484344b0a7ff9b6""","https://b2bfiles1.gigab2b.cn/image/wkseller/301/20211008_3a8ea5ef415e44ebdaa3c6877cb4ac9b.jpg?x-cc=20&x-cu=28909&x-ct=1784098800&x-cs=06b807e01d10aa695759d15599da6b79""","https://b2bfiles1.gigab2b.cn/image/wkseller/301/20211008_1d3a62d70ae4572246c73adf357d19ce.jpg?x-cc=20&x-cu=28909&x-ct=1784098800&x-cs=18d3cae7195678e6532f26ad1506f07f""","https://b2bfiles1.gigab2b.cn/image/wkseller/301/20211008_13f5ab9909cc7667d9a4e23b36f0a117.jpg?x-cc=20&x-cu=28909&x-ct=1784098800&x-cs=3d3d16dc8b5513a169f85aa2d7dea6ec""",https://pub-606bcd6c031442e4959f73b5435fefd1.r2.dev/shipping-guide.png,【WF301556HAAオフィスチェア+パソコンデスク セット】  パソコンデスク ラック付き 調整可能　デスク ワークデスク 木製 学習デスク,"ホムブリスショップへようこそ
♪すべての商品は未開封の新品です
♪フォロー割あり
♪まとめ買い割あり：2点で2%OFF、3点で3%OFF、最大5%（一部商品適用外）
♪発送と送料：在庫品は1～2営業日以内に発送、再入荷商品は入荷後1～2営業日以内に発送いたします。北海道は基本的に追加送料不要です。沖縄への送料は別途お見積りが必須です。

【商品説明】

組立時重量: Not Applicable
組立時長さ: Not Applicable
組立時幅: Not Applicable
組立時高さ: Not Applicable
主要素材: Particle Board
主要カラー: Brown",ブラウン,0,N512S403841BH,,,,,,,,,,,,,,,,,,,,,,,,,,,,,,,,,,,,,,,10501,gRD8jKpyRewmy6DmW57T66,1,1,jp13,1,1,1,,,,,,,
"https://b2bfiles1.gigab2b.cn/image/wkseller/301/20211008_c0ed4e01ac2fa7b3414aebfbc840463a.jpg?x-cc=20&x-cu=28909&x-ct=1784098800&x-cs=561acabcc8afb6ae0900500f47a2e07d""","https://b2bfiles1.gigab2b.cn/image/wkseller/301/50bd36ce8888a1c9f4375dfe68d9794b.jpg?x-cc=20&x-cu=28909&x-ct=1784098800&x-cs=a3693dc74980d0744cae40466dead613""","https://b2bfiles1.gigab2b.cn/image/wkseller/301/34eb430bbe1c859c0ce87c10790247d5.jpg?x-cc=20&x-cu=28909&x-ct=1784098800&x-cs=db6b3e867939016f2d16d4baa199db7e""","https://b2bfiles1.gigab2b.cn/image/wkseller/301/a912462809eed1ddeb8c723237fe3c12.jpg?x-cc=20&x-cu=28909&x-ct=1784098800&x-cs=76f23c2937e90e376ef19d127fc58f5b""","https://b2bfiles1.gigab2b.cn/image/wkseller/301/5b046845187bf15396d814d80dc7c26f.jpg?x-cc=20&x-cu=28909&x-ct=1784098800&x-cs=ad5e5dbeef241c082ebbbcc5eb010fcf""","https://b2bfiles1.gigab2b.cn/image/wkseller/301/d1c3496a7763193ef4f82c914b9c7aff.jpg?x-cc=20&x-cu=28909&x-ct=1784098800&x-cs=4c3d0856a5d62379ba23f7a2007356c9""","https://b2bfiles1.gigab2b.cn/image/wkseller/301/20211008_34d125de1eb0d77bb226a058dc5614cd.jpg?x-cc=20&x-cu=28909&x-ct=1784098800&x-cs=c217df244e30f5afb956e4ae2001f8bc""","https://b2bfiles1.gigab2b.cn/image/wkseller/301/20211008_74eecc11f9f4fc5413e8cd830500dbae.jpg?x-cc=20&x-cu=28909&x-ct=1784098800&x-cs=63e404e5a6333cb3871bc67df9525c87""","https://b2bfiles1.gigab2b.cn/image/wkseller/301/20211008_59d68584b7ec495f860e00ff9b6467b7.jpg?x-cc=20&x-cu=28909&x-ct=1784098800&x-cs=1e035a25eaec4ff18f8614db5536c593""","https://b2bfiles1.gigab2b.cn/image/wkseller/301/20211008_0c4d3b800388c71c1c0c48784bbd36cd.jpg?x-cc=20&x-cu=28909&x-ct=1784098800&x-cs=175de07f0138e0651141736472aa5ea0""","https://b2bfiles1.gigab2b.cn/image/wkseller/301/367ace3c38ace54f1170b311fb50eead.jpg?x-cc=20&x-cu=28909&x-ct=1784098800&x-cs=1bc3ba0fa79a94024e45182dbdf22775""","https://b2bfiles1.gigab2b.cn/image/wkseller/301/20211008_07d1ebd25eec50dad4c092a05b42511c.jpg?x-cc=20&x-cu=28909&x-ct=1784098800&x-cs=f57f530738c03c7774a911b63b9d3612""","https://b2bfiles1.gigab2b.cn/image/wkseller/301/20211008_e0ddff2c58ecbe89f6400983b7e3d3f5.jpg?x-cc=20&x-cu=28909&x-ct=1784098800&x-cs=7b7b6670710461000b2c86a2c89ac323""","https://b2bfiles1.gigab2b.cn/image/wkseller/301/20211008_1582dc1af243d9b81c0c5fa07c769bc0.jpg?x-cc=20&x-cu=28909&x-ct=1784098800&x-cs=5b6d1fff9d94a098ff801fa09e5e1d5f""","https://b2bfiles1.gigab2b.cn/image/wkseller/301/20211008_dd8a9193a33a750098b2484a2e8b85a0.jpg?x-cc=20&x-cu=28909&x-ct=1784098800&x-cs=6438aab61874c94d2c00c5b45d44451f""","https://b2bfiles1.gigab2b.cn/image/wkseller/301/20211008_bcf2724e2d29e4e5b6e93a0a23c62ef6.jpg?x-cc=20&x-cu=28909&x-ct=1784098800&x-cs=5248498469f70d1b0484344b0a7ff9b6""","https://b2bfiles1.gigab2b.cn/image/wkseller/301/20211008_3a8ea5ef415e44ebdaa3c6877cb4ac9b.jpg?x-cc=20&x-cu=28909&x-ct=1784098800&x-cs=06b807e01d10aa695759d15599da6b79""","https://b2bfiles1.gigab2b.cn/image/wkseller/301/20211008_1d3a62d70ae4572246c73adf357d19ce.jpg?x-cc=20&x-cu=28909&x-ct=1784098800&x-cs=18d3cae7195678e6532f26ad1506f07f""","https://b2bfiles1.gigab2b.cn/image/wkseller/301/20211008_13f5ab9909cc7667d9a4e23b36f0a117.jpg?x-cc=20&x-cu=28909&x-ct=1784098800&x-cs=3d3d16dc8b5513a169f85aa2d7dea6ec""",https://pub-606bcd6c031442e4959f73b5435fefd1.r2.dev/shipping-guide.png,【WF301556JAAオフィスチェア+パソコンデスク セット】  パソコンデスク ラック付き 調整可能　デスク ワークデスク 木製 学習デスク,"ホムブリスショップへようこそ
♪すべての商品は未開封の新品です
♪フォロー割あり
♪まとめ買い割あり：2点で2%OFF、3点で3%OFF、最大5%（一部商品適用外）
♪発送と送料：在庫品は1～2営業日以内に発送、再入荷商品は入荷後1～2営業日以内に発送いたします。北海道は基本的に追加送料不要です。沖縄への送料は別途お見積りが必須です。

【商品説明】

組立時重量: Not Applicable
組立時長さ: Not Applicable
組立時幅: Not Applicable
組立時高さ: Not Applicable
主要素材: Particle Board
主要カラー: Brown",ブラウン,0,N512S403841BJ,,,,,,,,,,,,,,,,,,,,,,,,,,,,,,,,,,,,,,,10501,gRD8jKpyRewmy6DmW57T66,1,1,jp13,1,1,1,,,,,,,
"https://b2bfiles1.gigab2b.cn/image/wkseller/301/20211008_c0ed4e01ac2fa7b3414aebfbc840463a.jpg?x-cc=20&x-cu=28909&x-ct=1784098800&x-cs=561acabcc8afb6ae0900500f47a2e07d""","https://b2bfiles1.gigab2b.cn/image/wkseller/301/50bd36ce8888a1c9f4375dfe68d9794b.jpg?x-cc=20&x-cu=28909&x-ct=1784098800&x-cs=a3693dc74980d0744cae40466dead613""","https://b2bfiles1.gigab2b.cn/image/wkseller/301/34eb430bbe1c859c0ce87c10790247d5.jpg?x-cc=20&x-cu=28909&x-ct=1784098800&x-cs=db6b3e867939016f2d16d4baa199db7e""","https://b2bfiles1.gigab2b.cn/image/wkseller/301/a912462809eed1ddeb8c723237fe3c12.jpg?x-cc=20&x-cu=28909&x-ct=1784098800&x-cs=76f23c2937e90e376ef19d127fc58f5b""","https://b2bfiles1.gigab2b.cn/image/wkseller/301/5b046845187bf15396d814d80dc7c26f.jpg?x-cc=20&x-cu=28909&x-ct=1784098800&x-cs=ad5e5dbeef241c082ebbbcc5eb010fcf""","https://b2bfiles1.gigab2b.cn/image/wkseller/301/d1c3496a7763193ef4f82c914b9c7aff.jpg?x-cc=20&x-cu=28909&x-ct=1784098800&x-cs=4c3d0856a5d62379ba23f7a2007356c9""","https://b2bfiles1.gigab2b.cn/image/wkseller/301/20211008_34d125de1eb0d77bb226a058dc5614cd.jpg?x-cc=20&x-cu=28909&x-ct=1784098800&x-cs=c217df244e30f5afb956e4ae2001f8bc""","https://b2bfiles1.gigab2b.cn/image/wkseller/301/20211008_74eecc11f9f4fc5413e8cd830500dbae.jpg?x-cc=20&x-cu=28909&x-ct=1784098800&x-cs=63e404e5a6333cb3871bc67df9525c87""","https://b2bfiles1.gigab2b.cn/image/wkseller/301/20211008_59d68584b7ec495f860e00ff9b6467b7.jpg?x-cc=20&x-cu=28909&x-ct=1784098800&x-cs=1e035a25eaec4ff18f8614db5536c593""","https://b2bfiles1.gigab2b.cn/image/wkseller/301/20211008_0c4d3b800388c71c1c0c48784bbd36cd.jpg?x-cc=20&x-cu=28909&x-ct=1784098800&x-cs=175de07f0138e0651141736472aa5ea0""","https://b2bfiles1.gigab2b.cn/image/wkseller/301/367ace3c38ace54f1170b311fb50eead.jpg?x-cc=20&x-cu=28909&x-ct=1784098800&x-cs=1bc3ba0fa79a94024e45182dbdf22775""","https://b2bfiles1.gigab2b.cn/image/wkseller/301/20211008_07d1ebd25eec50dad4c092a05b42511c.jpg?x-cc=20&x-cu=28909&x-ct=1784098800&x-cs=f57f530738c03c7774a911b63b9d3612""","https://b2bfiles1.gigab2b.cn/image/wkseller/301/20211008_e0ddff2c58ecbe89f6400983b7e3d3f5.jpg?x-cc=20&x-cu=28909&x-ct=1784098800&x-cs=7b7b6670710461000b2c86a2c89ac323""","https://b2bfiles1.gigab2b.cn/image/wkseller/301/20211008_1582dc1af243d9b81c0c5fa07c769bc0.jpg?x-cc=20&x-cu=28909&x-ct=1784098800&x-cs=5b6d1fff9d94a098ff801fa09e5e1d5f""","https://b2bfiles1.gigab2b.cn/image/wkseller/301/20211008_dd8a9193a33a750098b2484a2e8b85a0.jpg?x-cc=20&x-cu=28909&x-ct=1784098800&x-cs=6438aab61874c94d2c00c5b45d44451f""","https://b2bfiles1.gigab2b.cn/image/wkseller/301/20211008_bcf2724e2d29e4e5b6e93a0a23c62ef6.jpg?x-cc=20&x-cu=28909&x-ct=1784098800&x-cs=5248498469f70d1b0484344b0a7ff9b6""","https://b2bfiles1.gigab2b.cn/image/wkseller/301/20211008_3a8ea5ef415e44ebdaa3c6877cb4ac9b.jpg?x-cc=20&x-cu=28909&x-ct=1784098800&x-cs=06b807e01d10aa695759d15599da6b79""","https://b2bfiles1.gigab2b.cn/image/wkseller/301/20211008_1d3a62d70ae4572246c73adf357d19ce.jpg?x-cc=20&x-cu=28909&x-ct=1784098800&x-cs=18d3cae7195678e6532f26ad1506f07f""","https://b2bfiles1.gigab2b.cn/image/wkseller/301/20211008_13f5ab9909cc7667d9a4e23b36f0a117.jpg?x-cc=20&x-cu=28909&x-ct=1784098800&x-cs=3d3d16dc8b5513a169f85aa2d7dea6ec""",https://pub-606bcd6c031442e4959f73b5435fefd1.r2.dev/shipping-guide.png,【WF301556KAAオフィスチェア+パソコンデスク セット】  パソコンデスク ラック付き 調整可能　デスク ワークデスク 木製 学習デスク,"ホムブリスショップへようこそ
♪すべての商品は未開封の新品です
♪フォロー割あり
♪まとめ買い割あり：2点で2%OFF、3点で3%OFF、最大5%（一部商品適用外）
♪発送と送料：在庫品は1～2営業日以内に発送、再入荷商品は入荷後1～2営業日以内に発送いたします。北海道は基本的に追加送料不要です。沖縄への送料は別途お見積りが必須です。

【商品説明】

組立時重量: Not Applicable
組立時長さ: Not Applicable
組立時幅: Not Applicable
組立時高さ: Not Applicable
主要素材: Particle Board
主要カラー: Brown",ブラウン,0,N512S403841BK,,,,,,,,,,,,,,,,,,,,,,,,,,,,,,,,,,,,,,,10501,gRD8jKpyRewmy6DmW57T66,1,1,jp13,1,1,1,,,,,,,
"https://b2bfiles1.gigab2b.cn/image/wkseller/301/20211008_c0ed4e01ac2fa7b3414aebfbc840463a.jpg?x-cc=20&x-cu=28909&x-ct=1784098800&x-cs=561acabcc8afb6ae0900500f47a2e07d""","https://b2bfiles1.gigab2b.cn/image/wkseller/301/50bd36ce8888a1c9f4375dfe68d9794b.jpg?x-cc=20&x-cu=28909&x-ct=1784098800&x-cs=a3693dc74980d0744cae40466dead613""","https://b2bfiles1.gigab2b.cn/image/wkseller/301/34eb430bbe1c859c0ce87c10790247d5.jpg?x-cc=20&x-cu=28909&x-ct=1784098800&x-cs=db6b3e867939016f2d16d4baa199db7e""","https://b2bfiles1.gigab2b.cn/image/wkseller/301/a912462809eed1ddeb8c723237fe3c12.jpg?x-cc=20&x-cu=28909&x-ct=1784098800&x-cs=76f23c2937e90e376ef19d127fc58f5b""","https://b2bfiles1.gigab2b.cn/image/wkseller/301/5b046845187bf15396d814d80dc7c26f.jpg?x-cc=20&x-cu=28909&x-ct=1784098800&x-cs=ad5e5dbeef241c082ebbbcc5eb010fcf""","https://b2bfiles1.gigab2b.cn/image/wkseller/301/d1c3496a7763193ef4f82c914b9c7aff.jpg?x-cc=20&x-cu=28909&x-ct=1784098800&x-cs=4c3d0856a5d62379ba23f7a2007356c9""","https://b2bfiles1.gigab2b.cn/image/wkseller/301/20211008_34d125de1eb0d77bb226a058dc5614cd.jpg?x-cc=20&x-cu=28909&x-ct=1784098800&x-cs=c217df244e30f5afb956e4ae2001f8bc""","https://b2bfiles1.gigab2b.cn/image/wkseller/301/20211008_74eecc11f9f4fc5413e8cd830500dbae.jpg?x-cc=20&x-cu=28909&x-ct=1784098800&x-cs=63e404e5a6333cb3871bc67df9525c87""","https://b2bfiles1.gigab2b.cn/image/wkseller/301/20211008_59d68584b7ec495f860e00ff9b6467b7.jpg?x-cc=20&x-cu=28909&x-ct=1784098800&x-cs=1e035a25eaec4ff18f8614db5536c593""","https://b2bfiles1.gigab2b.cn/image/wkseller/301/20211008_0c4d3b800388c71c1c0c48784bbd36cd.jpg?x-cc=20&x-cu=28909&x-ct=1784098800&x-cs=175de07f0138e0651141736472aa5ea0""","https://b2bfiles1.gigab2b.cn/image/wkseller/301/367ace3c38ace54f1170b311fb50eead.jpg?x-cc=20&x-cu=28909&x-ct=1784098800&x-cs=1bc3ba0fa79a94024e45182dbdf22775""","https://b2bfiles1.gigab2b.cn/image/wkseller/301/20211008_07d1ebd25eec50dad4c092a05b42511c.jpg?x-cc=20&x-cu=28909&x-ct=1784098800&x-cs=f57f530738c03c7774a911b63b9d3612""","https://b2bfiles1.gigab2b.cn/image/wkseller/301/20211008_e0ddff2c58ecbe89f6400983b7e3d3f5.jpg?x-cc=20&x-cu=28909&x-ct=1784098800&x-cs=7b7b6670710461000b2c86a2c89ac323""","https://b2bfiles1.gigab2b.cn/image/wkseller/301/20211008_1582dc1af243d9b81c0c5fa07c769bc0.jpg?x-cc=20&x-cu=28909&x-ct=1784098800&x-cs=5b6d1fff9d94a098ff801fa09e5e1d5f""","https://b2bfiles1.gigab2b.cn/image/wkseller/301/20211008_dd8a9193a33a750098b2484a2e8b85a0.jpg?x-cc=20&x-cu=28909&x-ct=1784098800&x-cs=6438aab61874c94d2c00c5b45d44451f""","https://b2bfiles1.gigab2b.cn/image/wkseller/301/20211008_bcf2724e2d29e4e5b6e93a0a23c62ef6.jpg?x-cc=20&x-cu=28909&x-ct=1784098800&x-cs=5248498469f70d1b0484344b0a7ff9b6""","https://b2bfiles1.gigab2b.cn/image/wkseller/301/20211008_3a8ea5ef415e44ebdaa3c6877cb4ac9b.jpg?x-cc=20&x-cu=28909&x-ct=1784098800&x-cs=06b807e01d10aa695759d15599da6b79""","https://b2bfiles1.gigab2b.cn/image/wkseller/301/20211008_1d3a62d70ae4572246c73adf357d19ce.jpg?x-cc=20&x-cu=28909&x-ct=1784098800&x-cs=18d3cae7195678e6532f26ad1506f07f""","https://b2bfiles1.gigab2b.cn/image/wkseller/301/20211008_13f5ab9909cc7667d9a4e23b36f0a117.jpg?x-cc=20&x-cu=28909&x-ct=1784098800&x-cs=3d3d16dc8b5513a169f85aa2d7dea6ec""",https://pub-606bcd6c031442e4959f73b5435fefd1.r2.dev/shipping-guide.png,【WF301556LAAオフィスチェア+パソコンデスク セット】  パソコンデスク ラック付き 調整可能　デスク ワークデスク 木製 学習デスク,"ホムブリスショップへようこそ
♪すべての商品は未開封の新品です
♪フォロー割あり
♪まとめ買い割あり：2点で2%OFF、3点で3%OFF、最大5%（一部商品適用外）
♪発送と送料：在庫品は1～2営業日以内に発送、再入荷商品は入荷後1～2営業日以内に発送いたします。北海道は基本的に追加送料不要です。沖縄への送料は別途お見積りが必須です。

【商品説明】

組立時重量: Not Applicable
組立時長さ: Not Applicable
組立時幅: Not Applicable
組立時高さ: Not Applicable
主要素材: Particle Board
主要カラー: Brown",ブラウン,0,N512S403841BL,,,,,,,,,,,,,,,,,,,,,,,,,,,,,,,,,,,,,,,10501,gRD8jKpyRewmy6DmW57T66,1,1,jp13,1,1,1,,,,,,,
"https://b2bfiles1.gigab2b.cn/image/wkseller/301/20211008_c0ed4e01ac2fa7b3414aebfbc840463a.jpg?x-cc=20&x-cu=28909&x-ct=1784098800&x-cs=561acabcc8afb6ae0900500f47a2e07d""","https://b2bfiles1.gigab2b.cn/image/wkseller/301/50bd36ce8888a1c9f4375dfe68d9794b.jpg?x-cc=20&x-cu=28909&x-ct=1784098800&x-cs=a3693dc74980d0744cae40466dead613""","https://b2bfiles1.gigab2b.cn/image/wkseller/301/34eb430bbe1c859c0ce87c10790247d5.jpg?x-cc=20&x-cu=28909&x-ct=1784098800&x-cs=db6b3e867939016f2d16d4baa199db7e""","https://b2bfiles1.gigab2b.cn/image/wkseller/301/a912462809eed1ddeb8c723237fe3c12.jpg?x-cc=20&x-cu=28909&x-ct=1784098800&x-cs=76f23c2937e90e376ef19d127fc58f5b""","https://b2bfiles1.gigab2b.cn/image/wkseller/301/5b046845187bf15396d814d80dc7c26f.jpg?x-cc=20&x-cu=28909&x-ct=1784098800&x-cs=ad5e5dbeef241c082ebbbcc5eb010fcf""","https://b2bfiles1.gigab2b.cn/image/wkseller/301/d1c3496a7763193ef4f82c914b9c7aff.jpg?x-cc=20&x-cu=28909&x-ct=1784098800&x-cs=4c3d0856a5d62379ba23f7a2007356c9""","https://b2bfiles1.gigab2b.cn/image/wkseller/301/20211008_34d125de1eb0d77bb226a058dc5614cd.jpg?x-cc=20&x-cu=28909&x-ct=1784098800&x-cs=c217df244e30f5afb956e4ae2001f8bc""","https://b2bfiles1.gigab2b.cn/image/wkseller/301/20211008_74eecc11f9f4fc5413e8cd830500dbae.jpg?x-cc=20&x-cu=28909&x-ct=1784098800&x-cs=63e404e5a6333cb3871bc67df9525c87""","https://b2bfiles1.gigab2b.cn/image/wkseller/301/20211008_59d68584b7ec495f860e00ff9b6467b7.jpg?x-cc=20&x-cu=28909&x-ct=1784098800&x-cs=1e035a25eaec4ff18f8614db5536c593""","https://b2bfiles1.gigab2b.cn/image/wkseller/301/20211008_0c4d3b800388c71c1c0c48784bbd36cd.jpg?x-cc=20&x-cu=28909&x-ct=1784098800&x-cs=175de07f0138e0651141736472aa5ea0""","https://b2bfiles1.gigab2b.cn/image/wkseller/301/367ace3c38ace54f1170b311fb50eead.jpg?x-cc=20&x-cu=28909&x-ct=1784098800&x-cs=1bc3ba0fa79a94024e45182dbdf22775""","https://b2bfiles1.gigab2b.cn/image/wkseller/301/20211008_07d1ebd25eec50dad4c092a05b42511c.jpg?x-cc=20&x-cu=28909&x-ct=1784098800&x-cs=f57f530738c03c7774a911b63b9d3612""","https://b2bfiles1.gigab2b.cn/image/wkseller/301/20211008_e0ddff2c58ecbe89f6400983b7e3d3f5.jpg?x-cc=20&x-cu=28909&x-ct=1784098800&x-cs=7b7b6670710461000b2c86a2c89ac323""","https://b2bfiles1.gigab2b.cn/image/wkseller/301/20211008_1582dc1af243d9b81c0c5fa07c769bc0.jpg?x-cc=20&x-cu=28909&x-ct=1784098800&x-cs=5b6d1fff9d94a098ff801fa09e5e1d5f""","https://b2bfiles1.gigab2b.cn/image/wkseller/301/20211008_dd8a9193a33a750098b2484a2e8b85a0.jpg?x-cc=20&x-cu=28909&x-ct=1784098800&x-cs=6438aab61874c94d2c00c5b45d44451f""","https://b2bfiles1.gigab2b.cn/image/wkseller/301/20211008_bcf2724e2d29e4e5b6e93a0a23c62ef6.jpg?x-cc=20&x-cu=28909&x-ct=1784098800&x-cs=5248498469f70d1b0484344b0a7ff9b6""","https://b2bfiles1.gigab2b.cn/image/wkseller/301/20211008_3a8ea5ef415e44ebdaa3c6877cb4ac9b.jpg?x-cc=20&x-cu=28909&x-ct=1784098800&x-cs=06b807e01d10aa695759d15599da6b79""","https://b2bfiles1.gigab2b.cn/image/wkseller/301/20211008_1d3a62d70ae4572246c73adf357d19ce.jpg?x-cc=20&x-cu=28909&x-ct=1784098800&x-cs=18d3cae7195678e6532f26ad1506f07f""","https://b2bfiles1.gigab2b.cn/image/wkseller/301/20211008_13f5ab9909cc7667d9a4e23b36f0a117.jpg?x-cc=20&x-cu=28909&x-ct=1784098800&x-cs=3d3d16dc8b5513a169f85aa2d7dea6ec""",https://pub-606bcd6c031442e4959f73b5435fefd1.r2.dev/shipping-guide.png,【WF301556MAAオフィスチェア+パソコンデスク セット】  パソコンデスク ラック付き 調整可能　デスク ワークデスク 木製 学習デスク,"ホムブリスショップへようこそ
♪すべての商品は未開封の新品です
♪フォロー割あり
♪まとめ買い割あり：2点で2%OFF、3点で3%OFF、最大5%（一部商品適用外）
♪発送と送料：在庫品は1～2営業日以内に発送、再入荷商品は入荷後1～2営業日以内に発送いたします。北海道は基本的に追加送料不要です。沖縄への送料は別途お見積りが必須です。

【商品説明】

組立時重量: Not Applicable
組立時長さ: Not Applicable
組立時幅: Not Applicable
組立時高さ: Not Applicable
主要素材: Particle Board
主要カラー: Brown",ブラウン,0,N512S403841BM,,,,,,,,,,,,,,,,,,,,,,,,,,,,,,,,,,,,,,,10501,gRD8jKpyRewmy6DmW57T66,1,1,jp13,1,1,1,,,,,,,
"https://b2bfiles1.gigab2b.cn/image/wkseller/301/20211008_c11575bb702ed9923f3b503c7349fd59.jpg?x-cc=20&x-cu=28909&x-ct=1784098800&x-cs=ec8e980799dcbfce2acfa40db6126998""","https://b2bfiles1.gigab2b.cn/image/wkseller/301/179b829e876dbd87bbdf92dfb8449b25.jpg?x-cc=20&x-cu=28909&x-ct=1784098800&x-cs=d1344ab896eef0adb0a878677001172f""","https://b2bfiles1.gigab2b.cn/image/wkseller/301/b28bd7fc9f717794bdcf6df523bd0ac8.jpg?x-cc=20&x-cu=28909&x-ct=1784098800&x-cs=b90f7668089ffabf539f615e69b13a68""","https://b2bfiles1.gigab2b.cn/image/wkseller/301/40c2e68fdcce81d40dfa2b5bc812350b.jpg?x-cc=20&x-cu=28909&x-ct=1784098800&x-cs=ee4acd2d24baf36484d3c8e406668d1d""","https://b2bfiles1.gigab2b.cn/image/wkseller/301/7b79be6f62437746f349e09653f21dc4.jpg?x-cc=20&x-cu=28909&x-ct=1784098800&x-cs=769c7cac5d3b140aa1bc560dc993f19f""","https://b2bfiles1.gigab2b.cn/image/wkseller/301/20211008_59d68584b7ec495f860e00ff9b6467b7.jpg?x-cc=20&x-cu=28909&x-ct=1784098800&x-cs=1e035a25eaec4ff18f8614db5536c593""","https://b2bfiles1.gigab2b.cn/image/wkseller/301/20211008_0c4d3b800388c71c1c0c48784bbd36cd.jpg?x-cc=20&x-cu=28909&x-ct=1784098800&x-cs=175de07f0138e0651141736472aa5ea0""","https://b2bfiles1.gigab2b.cn/image/wkseller/301/20211008_07d1ebd25eec50dad4c092a05b42511c.jpg?x-cc=20&x-cu=28909&x-ct=1784098800&x-cs=f57f530738c03c7774a911b63b9d3612""","https://b2bfiles1.gigab2b.cn/image/wkseller/301/20211008_e0ddff2c58ecbe89f6400983b7e3d3f5.jpg?x-cc=20&x-cu=28909&x-ct=1784098800&x-cs=7b7b6670710461000b2c86a2c89ac323""","https://b2bfiles1.gigab2b.cn/image/wkseller/301/20211008_1582dc1af243d9b81c0c5fa07c769bc0.jpg?x-cc=20&x-cu=28909&x-ct=1784098800&x-cs=5b6d1fff9d94a098ff801fa09e5e1d5f""","https://b2bfiles1.gigab2b.cn/image/wkseller/301/20211008_dd8a9193a33a750098b2484a2e8b85a0.jpg?x-cc=20&x-cu=28909&x-ct=1784098800&x-cs=6438aab61874c94d2c00c5b45d44451f""","https://b2bfiles1.gigab2b.cn/image/wkseller/301/20211008_bcf2724e2d29e4e5b6e93a0a23c62ef6.jpg?x-cc=20&x-cu=28909&x-ct=1784098800&x-cs=5248498469f70d1b0484344b0a7ff9b6""","https://b2bfiles1.gigab2b.cn/image/wkseller/301/20211008_3a8ea5ef415e44ebdaa3c6877cb4ac9b.jpg?x-cc=20&x-cu=28909&x-ct=1784098800&x-cs=06b807e01d10aa695759d15599da6b79""","https://b2bfiles1.gigab2b.cn/image/wkseller/301/20211008_1d3a62d70ae4572246c73adf357d19ce.jpg?x-cc=20&x-cu=28909&x-ct=1784098800&x-cs=18d3cae7195678e6532f26ad1506f07f""","https://b2bfiles1.gigab2b.cn/image/wkseller/301/20211008_13f5ab9909cc7667d9a4e23b36f0a117.jpg?x-cc=20&x-cu=28909&x-ct=1784098800&x-cs=3d3d16dc8b5513a169f85aa2d7dea6ec""","https://b2bfiles1.gigab2b.cn/image/wkseller/301/20211008_7042cef82aa8ae35314fb62b7c7379ee.jpg?x-cc=20&x-cu=28909&x-ct=1784098800&x-cs=fa4b1520e43e72ea65b5e4677787f0d0""","https://b2bfiles1.gigab2b.cn/image/wkseller/301/20211008_95e43fe82a8d5e7a3778514eef220cc8.jpg?x-cc=20&x-cu=28909&x-ct=1784098800&x-cs=4f31a6be389375abeecb78edc8eb5b03""","https://b2bfiles1.gigab2b.cn/image/wkseller/301/20211008_9239bf1b28d92a3c64d6c17232c38e53.jpg?x-cc=20&x-cu=28909&x-ct=1784098800&x-cs=9bba225a7190cd6147c7c4b0d936a063""","https://b2bfiles1.gigab2b.cn/image/wkseller/301/20211008_ac7f6275133e17d785045090b24492c2.jpg?x-cc=20&x-cu=28909&x-ct=1784098800&x-cs=12655605719c4f997b96f8003a950b6f""",https://pub-606bcd6c031442e4959f73b5435fefd1.r2.dev/shipping-guide.png,【人気商品】パソコンデスク ラック付き 調整可能　デスク ワークデスク 木製 学習デスク,"ホムブリスショップへようこそ
♪すべての商品は未開封の新品です
♪フォロー割あり
♪まとめ買い割あり：2点で2%OFF、3点で3%OFF、最大5%（一部商品適用外）
♪発送と送料：在庫品は1～2営業日以内に発送、再入荷商品は入荷後1～2営業日以内に発送いたします。北海道は基本的に追加送料不要です。沖縄への送料は別途お見積りが必須です。

【商品説明】

組立時重量: Not Applicable
組立時長さ: Not Applicable
組立時幅: Not Applicable
組立時高さ: Not Applicable
主要素材: Particle Board
主要カラー: White",ホワイト,0,N512S403841CG,,,,,,,,,,,,,,,,,,,,,,,,,,,,,,,,,,,,,,,10501,yvGJ5Az6vUpvHpHjMWucqA,1,1,jp13,1,1,1,,,,,,,
"https://b2bfiles1.gigab2b.cn/image/wkseller/301/20211008_c11575bb702ed9923f3b503c7349fd59.jpg?x-cc=20&x-cu=28909&x-ct=1784098800&x-cs=ec8e980799dcbfce2acfa40db6126998""","https://b2bfiles1.gigab2b.cn/image/wkseller/301/179b829e876dbd87bbdf92dfb8449b25.jpg?x-cc=20&x-cu=28909&x-ct=1784098800&x-cs=d1344ab896eef0adb0a878677001172f""","https://b2bfiles1.gigab2b.cn/image/wkseller/301/b28bd7fc9f717794bdcf6df523bd0ac8.jpg?x-cc=20&x-cu=28909&x-ct=1784098800&x-cs=b90f7668089ffabf539f615e69b13a68""","https://b2bfiles1.gigab2b.cn/image/wkseller/301/40c2e68fdcce81d40dfa2b5bc812350b.jpg?x-cc=20&x-cu=28909&x-ct=1784098800&x-cs=ee4acd2d24baf36484d3c8e406668d1d""","https://b2bfiles1.gigab2b.cn/image/wkseller/301/7b79be6f62437746f349e09653f21dc4.jpg?x-cc=20&x-cu=28909&x-ct=1784098800&x-cs=769c7cac5d3b140aa1bc560dc993f19f""","https://b2bfiles1.gigab2b.cn/image/wkseller/301/20211008_59d68584b7ec495f860e00ff9b6467b7.jpg?x-cc=20&x-cu=28909&x-ct=1784098800&x-cs=1e035a25eaec4ff18f8614db5536c593""","https://b2bfiles1.gigab2b.cn/image/wkseller/301/20211008_0c4d3b800388c71c1c0c48784bbd36cd.jpg?x-cc=20&x-cu=28909&x-ct=1784098800&x-cs=175de07f0138e0651141736472aa5ea0""","https://b2bfiles1.gigab2b.cn/image/wkseller/301/20211008_07d1ebd25eec50dad4c092a05b42511c.jpg?x-cc=20&x-cu=28909&x-ct=1784098800&x-cs=f57f530738c03c7774a911b63b9d3612""","https://b2bfiles1.gigab2b.cn/image/wkseller/301/20211008_e0ddff2c58ecbe89f6400983b7e3d3f5.jpg?x-cc=20&x-cu=28909&x-ct=1784098800&x-cs=7b7b6670710461000b2c86a2c89ac323""","https://b2bfiles1.gigab2b.cn/image/wkseller/301/20211008_1582dc1af243d9b81c0c5fa07c769bc0.jpg?x-cc=20&x-cu=28909&x-ct=1784098800&x-cs=5b6d1fff9d94a098ff801fa09e5e1d5f""","https://b2bfiles1.gigab2b.cn/image/wkseller/301/20211008_dd8a9193a33a750098b2484a2e8b85a0.jpg?x-cc=20&x-cu=28909&x-ct=1784098800&x-cs=6438aab61874c94d2c00c5b45d44451f""","https://b2bfiles1.gigab2b.cn/image/wkseller/301/20211008_bcf2724e2d29e4e5b6e93a0a23c62ef6.jpg?x-cc=20&x-cu=28909&x-ct=1784098800&x-cs=5248498469f70d1b0484344b0a7ff9b6""","https://b2bfiles1.gigab2b.cn/image/wkseller/301/20211008_3a8ea5ef415e44ebdaa3c6877cb4ac9b.jpg?x-cc=20&x-cu=28909&x-ct=1784098800&x-cs=06b807e01d10aa695759d15599da6b79""","https://b2bfiles1.gigab2b.cn/image/wkseller/301/20211008_1d3a62d70ae4572246c73adf357d19ce.jpg?x-cc=20&x-cu=28909&x-ct=1784098800&x-cs=18d3cae7195678e6532f26ad1506f07f""","https://b2bfiles1.gigab2b.cn/image/wkseller/301/20211008_13f5ab9909cc7667d9a4e23b36f0a117.jpg?x-cc=20&x-cu=28909&x-ct=1784098800&x-cs=3d3d16dc8b5513a169f85aa2d7dea6ec""","https://b2bfiles1.gigab2b.cn/image/wkseller/301/20211008_7042cef82aa8ae35314fb62b7c7379ee.jpg?x-cc=20&x-cu=28909&x-ct=1784098800&x-cs=fa4b1520e43e72ea65b5e4677787f0d0""","https://b2bfiles1.gigab2b.cn/image/wkseller/301/20211008_95e43fe82a8d5e7a3778514eef220cc8.jpg?x-cc=20&x-cu=28909&x-ct=1784098800&x-cs=4f31a6be389375abeecb78edc8eb5b03""","https://b2bfiles1.gigab2b.cn/image/wkseller/301/20211008_9239bf1b28d92a3c64d6c17232c38e53.jpg?x-cc=20&x-cu=28909&x-ct=1784098800&x-cs=9bba225a7190cd6147c7c4b0d936a063""","https://b2bfiles1.gigab2b.cn/image/wkseller/301/20211008_ac7f6275133e17d785045090b24492c2.jpg?x-cc=20&x-cu=28909&x-ct=1784098800&x-cs=12655605719c4f997b96f8003a950b6f""",https://pub-606bcd6c031442e4959f73b5435fefd1.r2.dev/shipping-guide.png,【人気商品】パソコンデスク ラック付き 調整可能　デスク ワークデスク 木製 学習デスク,"ホムブリスショップへようこそ
♪すべての商品は未開封の新品です
♪フォロー割あり
♪まとめ買い割あり：2点で2%OFF、3点で3%OFF、最大5%（一部商品適用外）
♪発送と送料：在庫品は1～2営業日以内に発送、再入荷商品は入荷後1～2営業日以内に発送いたします。北海道は基本的に追加送料不要です。沖縄への送料は別途お見積りが必須です。

【商品説明】

組立時重量: Not Applicable
組立時長さ: Not Applicable
組立時幅: Not Applicable
組立時高さ: Not Applicable
主要素材: Particle Board
主要カラー: White",ホワイト,0,N512S403841CK,,,,,,,,,,,,,,,,,,,,,,,,,,,,,,,,,,,,,,,10501,yvGJ5Az6vUpvHpHjMWucqA,1,1,jp13,1,1,1,,,,,,,
"https://b2bfiles1.gigab2b.cn/image/wkseller/301/20211008_c11575bb702ed9923f3b503c7349fd59.jpg?x-cc=20&x-cu=28909&x-ct=1784098800&x-cs=ec8e980799dcbfce2acfa40db6126998""","https://b2bfiles1.gigab2b.cn/image/wkseller/301/179b829e876dbd87bbdf92dfb8449b25.jpg?x-cc=20&x-cu=28909&x-ct=1784098800&x-cs=d1344ab896eef0adb0a878677001172f""","https://b2bfiles1.gigab2b.cn/image/wkseller/301/b28bd7fc9f717794bdcf6df523bd0ac8.jpg?x-cc=20&x-cu=28909&x-ct=1784098800&x-cs=b90f7668089ffabf539f615e69b13a68""","https://b2bfiles1.gigab2b.cn/image/wkseller/301/40c2e68fdcce81d40dfa2b5bc812350b.jpg?x-cc=20&x-cu=28909&x-ct=1784098800&x-cs=ee4acd2d24baf36484d3c8e406668d1d""","https://b2bfiles1.gigab2b.cn/image/wkseller/301/7b79be6f62437746f349e09653f21dc4.jpg?x-cc=20&x-cu=28909&x-ct=1784098800&x-cs=769c7cac5d3b140aa1bc560dc993f19f""","https://b2bfiles1.gigab2b.cn/image/wkseller/301/20211008_59d68584b7ec495f860e00ff9b6467b7.jpg?x-cc=20&x-cu=28909&x-ct=1784098800&x-cs=1e035a25eaec4ff18f8614db5536c593""","https://b2bfiles1.gigab2b.cn/image/wkseller/301/20211008_0c4d3b800388c71c1c0c48784bbd36cd.jpg?x-cc=20&x-cu=28909&x-ct=1784098800&x-cs=175de07f0138e0651141736472aa5ea0""","https://b2bfiles1.gigab2b.cn/image/wkseller/301/20211008_07d1ebd25eec50dad4c092a05b42511c.jpg?x-cc=20&x-cu=28909&x-ct=1784098800&x-cs=f57f530738c03c7774a911b63b9d3612""","https://b2bfiles1.gigab2b.cn/image/wkseller/301/20211008_e0ddff2c58ecbe89f6400983b7e3d3f5.jpg?x-cc=20&x-cu=28909&x-ct=1784098800&x-cs=7b7b6670710461000b2c86a2c89ac323""","https://b2bfiles1.gigab2b.cn/image/wkseller/301/20211008_1582dc1af243d9b81c0c5fa07c769bc0.jpg?x-cc=20&x-cu=28909&x-ct=1784098800&x-cs=5b6d1fff9d94a098ff801fa09e5e1d5f""","https://b2bfiles1.gigab2b.cn/image/wkseller/301/20211008_dd8a9193a33a750098b2484a2e8b85a0.jpg?x-cc=20&x-cu=28909&x-ct=1784098800&x-cs=6438aab61874c94d2c00c5b45d44451f""","https://b2bfiles1.gigab2b.cn/image/wkseller/301/20211008_bcf2724e2d29e4e5b6e93a0a23c62ef6.jpg?x-cc=20&x-cu=28909&x-ct=1784098800&x-cs=5248498469f70d1b0484344b0a7ff9b6""","https://b2bfiles1.gigab2b.cn/image/wkseller/301/20211008_3a8ea5ef415e44ebdaa3c6877cb4ac9b.jpg?x-cc=20&x-cu=28909&x-ct=1784098800&x-cs=06b807e01d10aa695759d15599da6b79""","https://b2bfiles1.gigab2b.cn/image/wkseller/301/20211008_1d3a62d70ae4572246c73adf357d19ce.jpg?x-cc=20&x-cu=28909&x-ct=1784098800&x-cs=18d3cae7195678e6532f26ad1506f07f""","https://b2bfiles1.gigab2b.cn/image/wkseller/301/20211008_13f5ab9909cc7667d9a4e23b36f0a117.jpg?x-cc=20&x-cu=28909&x-ct=1784098800&x-cs=3d3d16dc8b5513a169f85aa2d7dea6ec""","https://b2bfiles1.gigab2b.cn/image/wkseller/301/20211008_7042cef82aa8ae35314fb62b7c7379ee.jpg?x-cc=20&x-cu=28909&x-ct=1784098800&x-cs=fa4b1520e43e72ea65b5e4677787f0d0""","https://b2bfiles1.gigab2b.cn/image/wkseller/301/20211008_95e43fe82a8d5e7a3778514eef220cc8.jpg?x-cc=20&x-cu=28909&x-ct=1784098800&x-cs=4f31a6be389375abeecb78edc8eb5b03""","https://b2bfiles1.gigab2b.cn/image/wkseller/301/20211008_9239bf1b28d92a3c64d6c17232c38e53.jpg?x-cc=20&x-cu=28909&x-ct=1784098800&x-cs=9bba225a7190cd6147c7c4b0d936a063""","https://b2bfiles1.gigab2b.cn/image/wkseller/301/20211008_ac7f6275133e17d785045090b24492c2.jpg?x-cc=20&x-cu=28909&x-ct=1784098800&x-cs=12655605719c4f997b96f8003a950b6f""",https://pub-606bcd6c031442e4959f73b5435fefd1.r2.dev/shipping-guide.png,【人気商品】パソコンデスク ラック付き 調整可能　デスク ワークデスク 木製 学習デスク,"ホムブリスショップへようこそ
♪すべての商品は未開封の新品です
♪フォロー割あり
♪まとめ買い割あり：2点で2%OFF、3点で3%OFF、最大5%（一部商品適用外）
♪発送と送料：在庫品は1～2営業日以内に発送、再入荷商品は入荷後1～2営業日以内に発送いたします。北海道は基本的に追加送料不要です。沖縄への送料は別途お見積りが必須です。

【商品説明】

組立時重量: Not Applicable
組立時長さ: Not Applicable
組立時幅: Not Applicable
組立時高さ: Not Applicable
主要素材: Particle Board
主要カラー: White",ホワイト,0,N512S403841CM,,,,,,,,,,,,,,,,,,,,,,,,,,,,,,,,,,,,,,,10501,yvGJ5Az6vUpvHpHjMWucqA,1,1,jp13,1,1,1,,,,,,,
"https://b2bfiles1.gigab2b.cn/image/wkseller/301/20211008_b1d29d09d6bfbf362df89eab38c14a08.jpg?x-cc=20&x-cu=28909&x-ct=1784098800&x-cs=81cacd18b14fc5b121b5f0c48d7b27b6""","https://b2bfiles1.gigab2b.cn/image/wkseller/301/50bd36ce8888a1c9f4375dfe68d9794b.jpg?x-cc=20&x-cu=28909&x-ct=1784098800&x-cs=a3693dc74980d0744cae40466dead613""","https://b2bfiles1.gigab2b.cn/image/wkseller/301/34eb430bbe1c859c0ce87c10790247d5.jpg?x-cc=20&x-cu=28909&x-ct=1784098800&x-cs=db6b3e867939016f2d16d4baa199db7e""","https://b2bfiles1.gigab2b.cn/image/wkseller/301/d1c3496a7763193ef4f82c914b9c7aff.jpg?x-cc=20&x-cu=28909&x-ct=1784098800&x-cs=4c3d0856a5d62379ba23f7a2007356c9""","https://b2bfiles1.gigab2b.cn/image/wkseller/301/20211008_0c4d3b800388c71c1c0c48784bbd36cd.jpg?x-cc=20&x-cu=28909&x-ct=1784098800&x-cs=175de07f0138e0651141736472aa5ea0""","https://b2bfiles1.gigab2b.cn/image/wkseller/301/20211008_07d1ebd25eec50dad4c092a05b42511c.jpg?x-cc=20&x-cu=28909&x-ct=1784098800&x-cs=f57f530738c03c7774a911b63b9d3612""","https://b2bfiles1.gigab2b.cn/image/wkseller/301/20211008_e0ddff2c58ecbe89f6400983b7e3d3f5.jpg?x-cc=20&x-cu=28909&x-ct=1784098800&x-cs=7b7b6670710461000b2c86a2c89ac323""","https://b2bfiles1.gigab2b.cn/image/wkseller/301/20211008_1582dc1af243d9b81c0c5fa07c769bc0.jpg?x-cc=20&x-cu=28909&x-ct=1784098800&x-cs=5b6d1fff9d94a098ff801fa09e5e1d5f""","https://b2bfiles1.gigab2b.cn/image/wkseller/301/20211008_dd8a9193a33a750098b2484a2e8b85a0.jpg?x-cc=20&x-cu=28909&x-ct=1784098800&x-cs=6438aab61874c94d2c00c5b45d44451f""","https://b2bfiles1.gigab2b.cn/image/wkseller/301/20211008_bcf2724e2d29e4e5b6e93a0a23c62ef6.jpg?x-cc=20&x-cu=28909&x-ct=1784098800&x-cs=5248498469f70d1b0484344b0a7ff9b6""","https://b2bfiles1.gigab2b.cn/image/wkseller/301/20211008_3a8ea5ef415e44ebdaa3c6877cb4ac9b.jpg?x-cc=20&x-cu=28909&x-ct=1784098800&x-cs=06b807e01d10aa695759d15599da6b79""","https://b2bfiles1.gigab2b.cn/image/wkseller/301/20211008_1d3a62d70ae4572246c73adf357d19ce.jpg?x-cc=20&x-cu=28909&x-ct=1784098800&x-cs=18d3cae7195678e6532f26ad1506f07f""","https://b2bfiles1.gigab2b.cn/image/wkseller/301/20211008_13f5ab9909cc7667d9a4e23b36f0a117.jpg?x-cc=20&x-cu=28909&x-ct=1784098800&x-cs=3d3d16dc8b5513a169f85aa2d7dea6ec""","https://b2bfiles1.gigab2b.cn/image/wkseller/301/20211008_7042cef82aa8ae35314fb62b7c7379ee.jpg?x-cc=20&x-cu=28909&x-ct=1784098800&x-cs=fa4b1520e43e72ea65b5e4677787f0d0""","https://b2bfiles1.gigab2b.cn/image/wkseller/301/20211008_95e43fe82a8d5e7a3778514eef220cc8.jpg?x-cc=20&x-cu=28909&x-ct=1784098800&x-cs=4f31a6be389375abeecb78edc8eb5b03""","https://b2bfiles1.gigab2b.cn/image/wkseller/301/20211008_9239bf1b28d92a3c64d6c17232c38e53.jpg?x-cc=20&x-cu=28909&x-ct=1784098800&x-cs=9bba225a7190cd6147c7c4b0d936a063""","https://b2bfiles1.gigab2b.cn/image/wkseller/301/20211008_74eecc11f9f4fc5413e8cd830500dbae.jpg?x-cc=20&x-cu=28909&x-ct=1784098800&x-cs=63e404e5a6333cb3871bc67df9525c87""","https://b2bfiles1.gigab2b.cn/image/wkseller/301/20211008_59d68584b7ec495f860e00ff9b6467b7.jpg?x-cc=20&x-cu=28909&x-ct=1784098800&x-cs=1e035a25eaec4ff18f8614db5536c593""","https://b2bfiles1.gigab2b.cn/image/wkseller/301/20211008_b5081ac8b6012edb2033013172d48b49.jpg?x-cc=20&x-cu=28909&x-ct=1784098800&x-cs=19cc78f8c4e3a8440a5e2653b8d0162f""",https://pub-606bcd6c031442e4959f73b5435fefd1.r2.dev/shipping-guide.png,【N512P455095Aオフィスチェア+パソコンデスク セット】 【人気商品】パソコンデスク ラック付き 調整可能　デスク ワークデスク 木製 学習デスク,"ホムブリスショップへようこそ
♪すべての商品は未開封の新品です
♪フォロー割あり
♪まとめ買い割あり：2点で2%OFF、3点で3%OFF、最大5%（一部商品適用外）
♪発送と送料：在庫品は1～2営業日以内に発送、再入荷商品は入荷後1～2営業日以内に発送いたします。北海道は基本的に追加送料不要です。沖縄への送料は別途お見積りが必須です。

【商品説明】

組立時重量: Not Applicable
組立時長さ: Not Applicable
組立時幅: Not Applicable
組立時高さ: Not Applicable
主要素材: Particle Board
主要カラー: Natural",ナチュラル,74,N512S403841DA1,,,,,,,,,,,,,,,,,,,,,,,,,,,,,,,,,,,,,,,10501,gRD8jKpyRewmy6DmW57T66,1,1,jp13,1,1,1,,,,,,,
"https://b2bfiles1.gigab2b.cn/image/wkseller/301/20211008_b1d29d09d6bfbf362df89eab38c14a08.jpg?x-cc=20&x-cu=28909&x-ct=1784098800&x-cs=81cacd18b14fc5b121b5f0c48d7b27b6""","https://b2bfiles1.gigab2b.cn/image/wkseller/301/50bd36ce8888a1c9f4375dfe68d9794b.jpg?x-cc=20&x-cu=28909&x-ct=1784098800&x-cs=a3693dc74980d0744cae40466dead613""","https://b2bfiles1.gigab2b.cn/image/wkseller/301/34eb430bbe1c859c0ce87c10790247d5.jpg?x-cc=20&x-cu=28909&x-ct=1784098800&x-cs=db6b3e867939016f2d16d4baa199db7e""","https://b2bfiles1.gigab2b.cn/image/wkseller/301/d1c3496a7763193ef4f82c914b9c7aff.jpg?x-cc=20&x-cu=28909&x-ct=1784098800&x-cs=4c3d0856a5d62379ba23f7a2007356c9""","https://b2bfiles1.gigab2b.cn/image/wkseller/301/20211008_0c4d3b800388c71c1c0c48784bbd36cd.jpg?x-cc=20&x-cu=28909&x-ct=1784098800&x-cs=175de07f0138e0651141736472aa5ea0""","https://b2bfiles1.gigab2b.cn/image/wkseller/301/20211008_07d1ebd25eec50dad4c092a05b42511c.jpg?x-cc=20&x-cu=28909&x-ct=1784098800&x-cs=f57f530738c03c7774a911b63b9d3612""","https://b2bfiles1.gigab2b.cn/image/wkseller/301/20211008_e0ddff2c58ecbe89f6400983b7e3d3f5.jpg?x-cc=20&x-cu=28909&x-ct=1784098800&x-cs=7b7b6670710461000b2c86a2c89ac323""","https://b2bfiles1.gigab2b.cn/image/wkseller/301/20211008_1582dc1af243d9b81c0c5fa07c769bc0.jpg?x-cc=20&x-cu=28909&x-ct=1784098800&x-cs=5b6d1fff9d94a098ff801fa09e5e1d5f""","https://b2bfiles1.gigab2b.cn/image/wkseller/301/20211008_dd8a9193a33a750098b2484a2e8b85a0.jpg?x-cc=20&x-cu=28909&x-ct=1784098800&x-cs=6438aab61874c94d2c00c5b45d44451f""","https://b2bfiles1.gigab2b.cn/image/wkseller/301/20211008_bcf2724e2d29e4e5b6e93a0a23c62ef6.jpg?x-cc=20&x-cu=28909&x-ct=1784098800&x-cs=5248498469f70d1b0484344b0a7ff9b6""","https://b2bfiles1.gigab2b.cn/image/wkseller/301/20211008_3a8ea5ef415e44ebdaa3c6877cb4ac9b.jpg?x-cc=20&x-cu=28909&x-ct=1784098800&x-cs=06b807e01d10aa695759d15599da6b79""","https://b2bfiles1.gigab2b.cn/image/wkseller/301/20211008_1d3a62d70ae4572246c73adf357d19ce.jpg?x-cc=20&x-cu=28909&x-ct=1784098800&x-cs=18d3cae7195678e6532f26ad1506f07f""","https://b2bfiles1.gigab2b.cn/image/wkseller/301/20211008_13f5ab9909cc7667d9a4e23b36f0a117.jpg?x-cc=20&x-cu=28909&x-ct=1784098800&x-cs=3d3d16dc8b5513a169f85aa2d7dea6ec""","https://b2bfiles1.gigab2b.cn/image/wkseller/301/20211008_7042cef82aa8ae35314fb62b7c7379ee.jpg?x-cc=20&x-cu=28909&x-ct=1784098800&x-cs=fa4b1520e43e72ea65b5e4677787f0d0""","https://b2bfiles1.gigab2b.cn/image/wkseller/301/20211008_95e43fe82a8d5e7a3778514eef220cc8.jpg?x-cc=20&x-cu=28909&x-ct=1784098800&x-cs=4f31a6be389375abeecb78edc8eb5b03""","https://b2bfiles1.gigab2b.cn/image/wkseller/301/20211008_9239bf1b28d92a3c64d6c17232c38e53.jpg?x-cc=20&x-cu=28909&x-ct=1784098800&x-cs=9bba225a7190cd6147c7c4b0d936a063""","https://b2bfiles1.gigab2b.cn/image/wkseller/301/20211008_74eecc11f9f4fc5413e8cd830500dbae.jpg?x-cc=20&x-cu=28909&x-ct=1784098800&x-cs=63e404e5a6333cb3871bc67df9525c87""","https://b2bfiles1.gigab2b.cn/image/wkseller/301/20211008_59d68584b7ec495f860e00ff9b6467b7.jpg?x-cc=20&x-cu=28909&x-ct=1784098800&x-cs=1e035a25eaec4ff18f8614db5536c593""","https://b2bfiles1.gigab2b.cn/image/wkseller/301/20211008_b5081ac8b6012edb2033013172d48b49.jpg?x-cc=20&x-cu=28909&x-ct=1784098800&x-cs=19cc78f8c4e3a8440a5e2653b8d0162f""",https://pub-606bcd6c031442e4959f73b5435fefd1.r2.dev/shipping-guide.png,【WF301556HAAオフィスチェア+パソコンデスク セット】 【人気商品】パソコンデスク ラック付き 調整可能　デスク ワークデスク 木製 学習デスク,"ホムブリスショップへようこそ
♪すべての商品は未開封の新品です
♪フォロー割あり
♪まとめ買い割あり：2点で2%OFF、3点で3%OFF、最大5%（一部商品適用外）
♪発送と送料：在庫品は1～2営業日以内に発送、再入荷商品は入荷後1～2営業日以内に発送いたします。北海道は基本的に追加送料不要です。沖縄への送料は別途お見積りが必須です。

【商品説明】

組立時重量: Not Applicable
組立時長さ: Not Applicable
組立時幅: Not Applicable
組立時高さ: Not Applicable
主要素材: Particle Board
主要カラー: Natural",ナチュラル,0,N512S403841DH,,,,,,,,,,,,,,,,,,,,,,,,,,,,,,,,,,,,,,,10501,gRD8jKpyRewmy6DmW57T66,1,1,jp13,1,1,1,,,,,,,
"https://b2bfiles1.gigab2b.cn/image/wkseller/301/20211008_b1d29d09d6bfbf362df89eab38c14a08.jpg?x-cc=20&x-cu=28909&x-ct=1784098800&x-cs=81cacd18b14fc5b121b5f0c48d7b27b6""","https://b2bfiles1.gigab2b.cn/image/wkseller/301/50bd36ce8888a1c9f4375dfe68d9794b.jpg?x-cc=20&x-cu=28909&x-ct=1784098800&x-cs=a3693dc74980d0744cae40466dead613""","https://b2bfiles1.gigab2b.cn/image/wkseller/301/34eb430bbe1c859c0ce87c10790247d5.jpg?x-cc=20&x-cu=28909&x-ct=1784098800&x-cs=db6b3e867939016f2d16d4baa199db7e""","https://b2bfiles1.gigab2b.cn/image/wkseller/301/d1c3496a7763193ef4f82c914b9c7aff.jpg?x-cc=20&x-cu=28909&x-ct=1784098800&x-cs=4c3d0856a5d62379ba23f7a2007356c9""","https://b2bfiles1.gigab2b.cn/image/wkseller/301/20211008_0c4d3b800388c71c1c0c48784bbd36cd.jpg?x-cc=20&x-cu=28909&x-ct=1784098800&x-cs=175de07f0138e0651141736472aa5ea0""","https://b2bfiles1.gigab2b.cn/image/wkseller/301/20211008_07d1ebd25eec50dad4c092a05b42511c.jpg?x-cc=20&x-cu=28909&x-ct=1784098800&x-cs=f57f530738c03c7774a911b63b9d3612""","https://b2bfiles1.gigab2b.cn/image/wkseller/301/20211008_e0ddff2c58ecbe89f6400983b7e3d3f5.jpg?x-cc=20&x-cu=28909&x-ct=1784098800&x-cs=7b7b6670710461000b2c86a2c89ac323""","https://b2bfiles1.gigab2b.cn/image/wkseller/301/20211008_1582dc1af243d9b81c0c5fa07c769bc0.jpg?x-cc=20&x-cu=28909&x-ct=1784098800&x-cs=5b6d1fff9d94a098ff801fa09e5e1d5f""","https://b2bfiles1.gigab2b.cn/image/wkseller/301/20211008_dd8a9193a33a750098b2484a2e8b85a0.jpg?x-cc=20&x-cu=28909&x-ct=1784098800&x-cs=6438aab61874c94d2c00c5b45d44451f""","https://b2bfiles1.gigab2b.cn/image/wkseller/301/20211008_bcf2724e2d29e4e5b6e93a0a23c62ef6.jpg?x-cc=20&x-cu=28909&x-ct=1784098800&x-cs=5248498469f70d1b0484344b0a7ff9b6""","https://b2bfiles1.gigab2b.cn/image/wkseller/301/20211008_3a8ea5ef415e44ebdaa3c6877cb4ac9b.jpg?x-cc=20&x-cu=28909&x-ct=1784098800&x-cs=06b807e01d10aa695759d15599da6b79""","https://b2bfiles1.gigab2b.cn/image/wkseller/301/20211008_1d3a62d70ae4572246c73adf357d19ce.jpg?x-cc=20&x-cu=28909&x-ct=1784098800&x-cs=18d3cae7195678e6532f26ad1506f07f""","https://b2bfiles1.gigab2b.cn/image/wkseller/301/20211008_13f5ab9909cc7667d9a4e23b36f0a117.jpg?x-cc=20&x-cu=28909&x-ct=1784098800&x-cs=3d3d16dc8b5513a169f85aa2d7dea6ec""","https://b2bfiles1.gigab2b.cn/image/wkseller/301/20211008_7042cef82aa8ae35314fb62b7c7379ee.jpg?x-cc=20&x-cu=28909&x-ct=1784098800&x-cs=fa4b1520e43e72ea65b5e4677787f0d0""","https://b2bfiles1.gigab2b.cn/image/wkseller/301/20211008_95e43fe82a8d5e7a3778514eef220cc8.jpg?x-cc=20&x-cu=28909&x-ct=1784098800&x-cs=4f31a6be389375abeecb78edc8eb5b03""","https://b2bfiles1.gigab2b.cn/image/wkseller/301/20211008_9239bf1b28d92a3c64d6c17232c38e53.jpg?x-cc=20&x-cu=28909&x-ct=1784098800&x-cs=9bba225a7190cd6147c7c4b0d936a063""","https://b2bfiles1.gigab2b.cn/image/wkseller/301/20211008_74eecc11f9f4fc5413e8cd830500dbae.jpg?x-cc=20&x-cu=28909&x-ct=1784098800&x-cs=63e404e5a6333cb3871bc67df9525c87""","https://b2bfiles1.gigab2b.cn/image/wkseller/301/20211008_59d68584b7ec495f860e00ff9b6467b7.jpg?x-cc=20&x-cu=28909&x-ct=1784098800&x-cs=1e035a25eaec4ff18f8614db5536c593""","https://b2bfiles1.gigab2b.cn/image/wkseller/301/20211008_b5081ac8b6012edb2033013172d48b49.jpg?x-cc=20&x-cu=28909&x-ct=1784098800&x-cs=19cc78f8c4e3a8440a5e2653b8d0162f""",https://pub-606bcd6c031442e4959f73b5435fefd1.r2.dev/shipping-guide.png,【WF301556JAAオフィスチェア+パソコンデスク セット】 【人気商品】パソコンデスク ラック付き 調整可能　デスク ワークデスク 木製 学習デスク,"ホムブリスショップへようこそ
♪すべての商品は未開封の新品です
♪フォロー割あり
♪まとめ買い割あり：2点で2%OFF、3点で3%OFF、最大5%（一部商品適用外）
♪発送と送料：在庫品は1～2営業日以内に発送、再入荷商品は入荷後1～2営業日以内に発送いたします。北海道は基本的に追加送料不要です。沖縄への送料は別途お見積りが必須です。

【商品説明】

組立時重量: Not Applicable
組立時長さ: Not Applicable
組立時幅: Not Applicable
組立時高さ: Not Applicable
主要素材: Particle Board
主要カラー: Natural",ナチュラル,0,N512S403841DJ,,,,,,,,,,,,,,,,,,,,,,,,,,,,,,,,,,,,,,,10501,gRD8jKpyRewmy6DmW57T66,1,1,jp13,1,1,1,,,,,,,
"https://b2bfiles1.gigab2b.cn/image/wkseller/301/20230331_246a500d5fc1a9b95d2b6855388364a2.jpg?x-cc=20&x-cu=28909&x-ct=1784098800&x-cs=6c467909e90dfed749540ae529989fde""","https://b2bfiles1.gigab2b.cn/image/wkseller/301/b28bd7fc9f717794bdcf6df523bd0ac8.jpg?x-cc=20&x-cu=28909&x-ct=1784098800&x-cs=b90f7668089ffabf539f615e69b13a68""","https://b2bfiles1.gigab2b.cn/image/wkseller/301/7b79be6f62437746f349e09653f21dc4.jpg?x-cc=20&x-cu=28909&x-ct=1784098800&x-cs=769c7cac5d3b140aa1bc560dc993f19f""","https://b2bfiles1.gigab2b.cn/image/wkseller/301/40c2e68fdcce81d40dfa2b5bc812350b.jpg?x-cc=20&x-cu=28909&x-ct=1784098800&x-cs=ee4acd2d24baf36484d3c8e406668d1d""","https://b2bfiles1.gigab2b.cn/image/wkseller/301/179b829e876dbd87bbdf92dfb8449b25.jpg?x-cc=20&x-cu=28909&x-ct=1784098800&x-cs=d1344ab896eef0adb0a878677001172f""","https://b2bfiles1.gigab2b.cn/image/wkseller/301/20211008_74eecc11f9f4fc5413e8cd830500dbae.jpg?x-cc=20&x-cu=28909&x-ct=1784098800&x-cs=63e404e5a6333cb3871bc67df9525c87""","https://b2bfiles1.gigab2b.cn/image/wkseller/301/20211008_59d68584b7ec495f860e00ff9b6467b7.jpg?x-cc=20&x-cu=28909&x-ct=1784098800&x-cs=1e035a25eaec4ff18f8614db5536c593""","https://b2bfiles1.gigab2b.cn/image/wkseller/301/20211008_0c4d3b800388c71c1c0c48784bbd36cd.jpg?x-cc=20&x-cu=28909&x-ct=1784098800&x-cs=175de07f0138e0651141736472aa5ea0""","https://b2bfiles1.gigab2b.cn/image/wkseller/301/20211008_07d1ebd25eec50dad4c092a05b42511c.jpg?x-cc=20&x-cu=28909&x-ct=1784098800&x-cs=f57f530738c03c7774a911b63b9d3612""","https://b2bfiles1.gigab2b.cn/image/wkseller/301/20211008_e0ddff2c58ecbe89f6400983b7e3d3f5.jpg?x-cc=20&x-cu=28909&x-ct=1784098800&x-cs=7b7b6670710461000b2c86a2c89ac323""","https://b2bfiles1.gigab2b.cn/image/wkseller/301/20211008_1582dc1af243d9b81c0c5fa07c769bc0.jpg?x-cc=20&x-cu=28909&x-ct=1784098800&x-cs=5b6d1fff9d94a098ff801fa09e5e1d5f""","https://b2bfiles1.gigab2b.cn/image/wkseller/301/20211008_dd8a9193a33a750098b2484a2e8b85a0.jpg?x-cc=20&x-cu=28909&x-ct=1784098800&x-cs=6438aab61874c94d2c00c5b45d44451f""","https://b2bfiles1.gigab2b.cn/image/wkseller/301/20211008_bcf2724e2d29e4e5b6e93a0a23c62ef6.jpg?x-cc=20&x-cu=28909&x-ct=1784098800&x-cs=5248498469f70d1b0484344b0a7ff9b6""","https://b2bfiles1.gigab2b.cn/image/wkseller/301/20211008_3a8ea5ef415e44ebdaa3c6877cb4ac9b.jpg?x-cc=20&x-cu=28909&x-ct=1784098800&x-cs=06b807e01d10aa695759d15599da6b79""","https://b2bfiles1.gigab2b.cn/image/wkseller/301/20211008_1d3a62d70ae4572246c73adf357d19ce.jpg?x-cc=20&x-cu=28909&x-ct=1784098800&x-cs=18d3cae7195678e6532f26ad1506f07f""","https://b2bfiles1.gigab2b.cn/image/wkseller/301/20211008_13f5ab9909cc7667d9a4e23b36f0a117.jpg?x-cc=20&x-cu=28909&x-ct=1784098800&x-cs=3d3d16dc8b5513a169f85aa2d7dea6ec""","https://b2bfiles1.gigab2b.cn/image/wkseller/301/20211008_7042cef82aa8ae35314fb62b7c7379ee.jpg?x-cc=20&x-cu=28909&x-ct=1784098800&x-cs=fa4b1520e43e72ea65b5e4677787f0d0""","https://b2bfiles1.gigab2b.cn/image/wkseller/301/20211008_95e43fe82a8d5e7a3778514eef220cc8.jpg?x-cc=20&x-cu=28909&x-ct=1784098800&x-cs=4f31a6be389375abeecb78edc8eb5b03""","https://b2bfiles1.gigab2b.cn/image/wkseller/301/20211008_9239bf1b28d92a3c64d6c17232c38e53.jpg?x-cc=20&x-cu=28909&x-ct=1784098800&x-cs=9bba225a7190cd6147c7c4b0d936a063""]",https://pub-606bcd6c031442e4959f73b5435fefd1.r2.dev/shipping-guide.png,set【人気商品】パソコンデスク ラック付き 調整可能　デスク ワークデスク 木製 学習デスク,"ホムブリスショップへようこそ
♪すべての商品は未開封の新品です
♪フォロー割あり
♪まとめ買い割あり：2点で2%OFF、3点で3%OFF、最大5%（一部商品適用外）
♪発送と送料：在庫品は1～2営業日以内に発送、再入荷商品は入荷後1～2営業日以内に発送いたします。北海道は基本的に追加送料不要です。沖縄への送料は別途お見積りが必須です。

【商品説明】

組立時重量: Not Applicable
組立時長さ: Not Applicable
組立時幅: Not Applicable
組立時高さ: Not Applicable
主要素材: Particle Board
主要カラー: Grey",グレー,0,N512S403841FA1,,,,,,,,,,,,,,,,,,,,,,,,,,,,,,,,,,,,,,,10501,yvGJ5Az6vUpvHpHjMWucqA,1,1,jp13,1,1,1,,,,,,,
"https://b2bfiles1.gigab2b.cn/image/wkseller/301/20230331_246a500d5fc1a9b95d2b6855388364a2.jpg?x-cc=20&x-cu=28909&x-ct=1784098800&x-cs=6c467909e90dfed749540ae529989fde""","https://b2bfiles1.gigab2b.cn/image/wkseller/301/b28bd7fc9f717794bdcf6df523bd0ac8.jpg?x-cc=20&x-cu=28909&x-ct=1784098800&x-cs=b90f7668089ffabf539f615e69b13a68""","https://b2bfiles1.gigab2b.cn/image/wkseller/301/7b79be6f62437746f349e09653f21dc4.jpg?x-cc=20&x-cu=28909&x-ct=1784098800&x-cs=769c7cac5d3b140aa1bc560dc993f19f""","https://b2bfiles1.gigab2b.cn/image/wkseller/301/40c2e68fdcce81d40dfa2b5bc812350b.jpg?x-cc=20&x-cu=28909&x-ct=1784098800&x-cs=ee4acd2d24baf36484d3c8e406668d1d""","https://b2bfiles1.gigab2b.cn/image/wkseller/301/179b829e876dbd87bbdf92dfb8449b25.jpg?x-cc=20&x-cu=28909&x-ct=1784098800&x-cs=d1344ab896eef0adb0a878677001172f""","https://b2bfiles1.gigab2b.cn/image/wkseller/301/20211008_74eecc11f9f4fc5413e8cd830500dbae.jpg?x-cc=20&x-cu=28909&x-ct=1784098800&x-cs=63e404e5a6333cb3871bc67df9525c87""","https://b2bfiles1.gigab2b.cn/image/wkseller/301/20211008_59d68584b7ec495f860e00ff9b6467b7.jpg?x-cc=20&x-cu=28909&x-ct=1784098800&x-cs=1e035a25eaec4ff18f8614db5536c593""","https://b2bfiles1.gigab2b.cn/image/wkseller/301/20211008_0c4d3b800388c71c1c0c48784bbd36cd.jpg?x-cc=20&x-cu=28909&x-ct=1784098800&x-cs=175de07f0138e0651141736472aa5ea0""","https://b2bfiles1.gigab2b.cn/image/wkseller/301/20211008_07d1ebd25eec50dad4c092a05b42511c.jpg?x-cc=20&x-cu=28909&x-ct=1784098800&x-cs=f57f530738c03c7774a911b63b9d3612""","https://b2bfiles1.gigab2b.cn/image/wkseller/301/20211008_e0ddff2c58ecbe89f6400983b7e3d3f5.jpg?x-cc=20&x-cu=28909&x-ct=1784098800&x-cs=7b7b6670710461000b2c86a2c89ac323""","https://b2bfiles1.gigab2b.cn/image/wkseller/301/20211008_1582dc1af243d9b81c0c5fa07c769bc0.jpg?x-cc=20&x-cu=28909&x-ct=1784098800&x-cs=5b6d1fff9d94a098ff801fa09e5e1d5f""","https://b2bfiles1.gigab2b.cn/image/wkseller/301/20211008_dd8a9193a33a750098b2484a2e8b85a0.jpg?x-cc=20&x-cu=28909&x-ct=1784098800&x-cs=6438aab61874c94d2c00c5b45d44451f""","https://b2bfiles1.gigab2b.cn/image/wkseller/301/20211008_bcf2724e2d29e4e5b6e93a0a23c62ef6.jpg?x-cc=20&x-cu=28909&x-ct=1784098800&x-cs=5248498469f70d1b0484344b0a7ff9b6""","https://b2bfiles1.gigab2b.cn/image/wkseller/301/20211008_3a8ea5ef415e44ebdaa3c6877cb4ac9b.jpg?x-cc=20&x-cu=28909&x-ct=1784098800&x-cs=06b807e01d10aa695759d15599da6b79""","https://b2bfiles1.gigab2b.cn/image/wkseller/301/20211008_1d3a62d70ae4572246c73adf357d19ce.jpg?x-cc=20&x-cu=28909&x-ct=1784098800&x-cs=18d3cae7195678e6532f26ad1506f07f""","https://b2bfiles1.gigab2b.cn/image/wkseller/301/20211008_13f5ab9909cc7667d9a4e23b36f0a117.jpg?x-cc=20&x-cu=28909&x-ct=1784098800&x-cs=3d3d16dc8b5513a169f85aa2d7dea6ec""","https://b2bfiles1.gigab2b.cn/image/wkseller/301/20211008_7042cef82aa8ae35314fb62b7c7379ee.jpg?x-cc=20&x-cu=28909&x-ct=1784098800&x-cs=fa4b1520e43e72ea65b5e4677787f0d0""","https://b2bfiles1.gigab2b.cn/image/wkseller/301/20211008_95e43fe82a8d5e7a3778514eef220cc8.jpg?x-cc=20&x-cu=28909&x-ct=1784098800&x-cs=4f31a6be389375abeecb78edc8eb5b03""","https://b2bfiles1.gigab2b.cn/image/wkseller/301/20211008_9239bf1b28d92a3c64d6c17232c38e53.jpg?x-cc=20&x-cu=28909&x-ct=1784098800&x-cs=9bba225a7190cd6147c7c4b0d936a063""]",https://pub-606bcd6c031442e4959f73b5435fefd1.r2.dev/shipping-guide.png,set【人気商品】パソコンデスク ラック付き 調整可能　デスク ワークデスク 木製 学習デスク,"ホムブリスショップへようこそ
♪すべての商品は未開封の新品です
♪フォロー割あり
♪まとめ買い割あり：2点で2%OFF、3点で3%OFF、最大5%（一部商品適用外）
♪発送と送料：在庫品は1～2営業日以内に発送、再入荷商品は入荷後1～2営業日以内に発送いたします。北海道は基本的に追加送料不要です。沖縄への送料は別途お見積りが必須です。

【商品説明】

組立時重量: Not Applicable
組立時長さ: Not Applicable
組立時幅: Not Applicable
組立時高さ: Not Applicable
主要素材: Particle Board
主要カラー: Grey",グレー,0,N512S403841FG,,,,,,,,,,,,,,,,,,,,,,,,,,,,,,,,,,,,,,,10501,yvGJ5Az6vUpvHpHjMWucqA,1,1,jp13,1,1,1,,,,,,,
"https://b2bfiles1.gigab2b.cn/image/wkseller/301/20230331_246a500d5fc1a9b95d2b6855388364a2.jpg?x-cc=20&x-cu=28909&x-ct=1784098800&x-cs=6c467909e90dfed749540ae529989fde""","https://b2bfiles1.gigab2b.cn/image/wkseller/301/b28bd7fc9f717794bdcf6df523bd0ac8.jpg?x-cc=20&x-cu=28909&x-ct=1784098800&x-cs=b90f7668089ffabf539f615e69b13a68""","https://b2bfiles1.gigab2b.cn/image/wkseller/301/7b79be6f62437746f349e09653f21dc4.jpg?x-cc=20&x-cu=28909&x-ct=1784098800&x-cs=769c7cac5d3b140aa1bc560dc993f19f""","https://b2bfiles1.gigab2b.cn/image/wkseller/301/40c2e68fdcce81d40dfa2b5bc812350b.jpg?x-cc=20&x-cu=28909&x-ct=1784098800&x-cs=ee4acd2d24baf36484d3c8e406668d1d""","https://b2bfiles1.gigab2b.cn/image/wkseller/301/179b829e876dbd87bbdf92dfb8449b25.jpg?x-cc=20&x-cu=28909&x-ct=1784098800&x-cs=d1344ab896eef0adb0a878677001172f""","https://b2bfiles1.gigab2b.cn/image/wkseller/301/20211008_74eecc11f9f4fc5413e8cd830500dbae.jpg?x-cc=20&x-cu=28909&x-ct=1784098800&x-cs=63e404e5a6333cb3871bc67df9525c87""","https://b2bfiles1.gigab2b.cn/image/wkseller/301/20211008_59d68584b7ec495f860e00ff9b6467b7.jpg?x-cc=20&x-cu=28909&x-ct=1784098800&x-cs=1e035a25eaec4ff18f8614db5536c593""","https://b2bfiles1.gigab2b.cn/image/wkseller/301/20211008_0c4d3b800388c71c1c0c48784bbd36cd.jpg?x-cc=20&x-cu=28909&x-ct=1784098800&x-cs=175de07f0138e0651141736472aa5ea0""","https://b2bfiles1.gigab2b.cn/image/wkseller/301/20211008_07d1ebd25eec50dad4c092a05b42511c.jpg?x-cc=20&x-cu=28909&x-ct=1784098800&x-cs=f57f530738c03c7774a911b63b9d3612""","https://b2bfiles1.gigab2b.cn/image/wkseller/301/20211008_e0ddff2c58ecbe89f6400983b7e3d3f5.jpg?x-cc=20&x-cu=28909&x-ct=1784098800&x-cs=7b7b6670710461000b2c86a2c89ac323""","https://b2bfiles1.gigab2b.cn/image/wkseller/301/20211008_1582dc1af243d9b81c0c5fa07c769bc0.jpg?x-cc=20&x-cu=28909&x-ct=1784098800&x-cs=5b6d1fff9d94a098ff801fa09e5e1d5f""","https://b2bfiles1.gigab2b.cn/image/wkseller/301/20211008_dd8a9193a33a750098b2484a2e8b85a0.jpg?x-cc=20&x-cu=28909&x-ct=1784098800&x-cs=6438aab61874c94d2c00c5b45d44451f""","https://b2bfiles1.gigab2b.cn/image/wkseller/301/20211008_bcf2724e2d29e4e5b6e93a0a23c62ef6.jpg?x-cc=20&x-cu=28909&x-ct=1784098800&x-cs=5248498469f70d1b0484344b0a7ff9b6""","https://b2bfiles1.gigab2b.cn/image/wkseller/301/20211008_3a8ea5ef415e44ebdaa3c6877cb4ac9b.jpg?x-cc=20&x-cu=28909&x-ct=1784098800&x-cs=06b807e01d10aa695759d15599da6b79""","https://b2bfiles1.gigab2b.cn/image/wkseller/301/20211008_1d3a62d70ae4572246c73adf357d19ce.jpg?x-cc=20&x-cu=28909&x-ct=1784098800&x-cs=18d3cae7195678e6532f26ad1506f07f""","https://b2bfiles1.gigab2b.cn/image/wkseller/301/20211008_13f5ab9909cc7667d9a4e23b36f0a117.jpg?x-cc=20&x-cu=28909&x-ct=1784098800&x-cs=3d3d16dc8b5513a169f85aa2d7dea6ec""","https://b2bfiles1.gigab2b.cn/image/wkseller/301/20211008_7042cef82aa8ae35314fb62b7c7379ee.jpg?x-cc=20&x-cu=28909&x-ct=1784098800&x-cs=fa4b1520e43e72ea65b5e4677787f0d0""","https://b2bfiles1.gigab2b.cn/image/wkseller/301/20211008_95e43fe82a8d5e7a3778514eef220cc8.jpg?x-cc=20&x-cu=28909&x-ct=1784098800&x-cs=4f31a6be389375abeecb78edc8eb5b03""","https://b2bfiles1.gigab2b.cn/image/wkseller/301/20211008_9239bf1b28d92a3c64d6c17232c38e53.jpg?x-cc=20&x-cu=28909&x-ct=1784098800&x-cs=9bba225a7190cd6147c7c4b0d936a063""]",https://pub-606bcd6c031442e4959f73b5435fefd1.r2.dev/shipping-guide.png,set【人気商品】パソコンデスク ラック付き 調整可能　デスク ワークデスク 木製 学習デスク,"ホムブリスショップへようこそ
♪すべての商品は未開封の新品です
♪フォロー割あり
♪まとめ買い割あり：2点で2%OFF、3点で3%OFF、最大5%（一部商品適用外）
♪発送と送料：在庫品は1～2営業日以内に発送、再入荷商品は入荷後1～2営業日以内に発送いたします。北海道は基本的に追加送料不要です。沖縄への送料は別途お見積りが必須です。

【商品説明】

組立時重量: Not Applicable
組立時長さ: Not Applicable
組立時幅: Not Applicable
組立時高さ: Not Applicable
主要素材: Particle Board
主要カラー: Grey",グレー,0,N512S403841FH,,,,,,,,,,,,,,,,,,,,,,,,,,,,,,,,,,,,,,,10501,yvGJ5Az6vUpvHpHjMWucqA,1,1,jp13,1,1,1,,,,,,,
"https://b2bfiles1.gigab2b.cn/image/wkseller/301/20230331_246a500d5fc1a9b95d2b6855388364a2.jpg?x-cc=20&x-cu=28909&x-ct=1784098800&x-cs=6c467909e90dfed749540ae529989fde""","https://b2bfiles1.gigab2b.cn/image/wkseller/301/b28bd7fc9f717794bdcf6df523bd0ac8.jpg?x-cc=20&x-cu=28909&x-ct=1784098800&x-cs=b90f7668089ffabf539f615e69b13a68""","https://b2bfiles1.gigab2b.cn/image/wkseller/301/7b79be6f62437746f349e09653f21dc4.jpg?x-cc=20&x-cu=28909&x-ct=1784098800&x-cs=769c7cac5d3b140aa1bc560dc993f19f""","https://b2bfiles1.gigab2b.cn/image/wkseller/301/40c2e68fdcce81d40dfa2b5bc812350b.jpg?x-cc=20&x-cu=28909&x-ct=1784098800&x-cs=ee4acd2d24baf36484d3c8e406668d1d""","https://b2bfiles1.gigab2b.cn/image/wkseller/301/179b829e876dbd87bbdf92dfb8449b25.jpg?x-cc=20&x-cu=28909&x-ct=1784098800&x-cs=d1344ab896eef0adb0a878677001172f""","https://b2bfiles1.gigab2b.cn/image/wkseller/301/20211008_74eecc11f9f4fc5413e8cd830500dbae.jpg?x-cc=20&x-cu=28909&x-ct=1784098800&x-cs=63e404e5a6333cb3871bc67df9525c87""","https://b2bfiles1.gigab2b.cn/image/wkseller/301/20211008_59d68584b7ec495f860e00ff9b6467b7.jpg?x-cc=20&x-cu=28909&x-ct=1784098800&x-cs=1e035a25eaec4ff18f8614db5536c593""","https://b2bfiles1.gigab2b.cn/image/wkseller/301/20211008_0c4d3b800388c71c1c0c48784bbd36cd.jpg?x-cc=20&x-cu=28909&x-ct=1784098800&x-cs=175de07f0138e0651141736472aa5ea0""","https://b2bfiles1.gigab2b.cn/image/wkseller/301/20211008_07d1ebd25eec50dad4c092a05b42511c.jpg?x-cc=20&x-cu=28909&x-ct=1784098800&x-cs=f57f530738c03c7774a911b63b9d3612""","https://b2bfiles1.gigab2b.cn/image/wkseller/301/20211008_e0ddff2c58ecbe89f6400983b7e3d3f5.jpg?x-cc=20&x-cu=28909&x-ct=1784098800&x-cs=7b7b6670710461000b2c86a2c89ac323""","https://b2bfiles1.gigab2b.cn/image/wkseller/301/20211008_1582dc1af243d9b81c0c5fa07c769bc0.jpg?x-cc=20&x-cu=28909&x-ct=1784098800&x-cs=5b6d1fff9d94a098ff801fa09e5e1d5f""","https://b2bfiles1.gigab2b.cn/image/wkseller/301/20211008_dd8a9193a33a750098b2484a2e8b85a0.jpg?x-cc=20&x-cu=28909&x-ct=1784098800&x-cs=6438aab61874c94d2c00c5b45d44451f""","https://b2bfiles1.gigab2b.cn/image/wkseller/301/20211008_bcf2724e2d29e4e5b6e93a0a23c62ef6.jpg?x-cc=20&x-cu=28909&x-ct=1784098800&x-cs=5248498469f70d1b0484344b0a7ff9b6""","https://b2bfiles1.gigab2b.cn/image/wkseller/301/20211008_3a8ea5ef415e44ebdaa3c6877cb4ac9b.jpg?x-cc=20&x-cu=28909&x-ct=1784098800&x-cs=06b807e01d10aa695759d15599da6b79""","https://b2bfiles1.gigab2b.cn/image/wkseller/301/20211008_1d3a62d70ae4572246c73adf357d19ce.jpg?x-cc=20&x-cu=28909&x-ct=1784098800&x-cs=18d3cae7195678e6532f26ad1506f07f""","https://b2bfiles1.gigab2b.cn/image/wkseller/301/20211008_13f5ab9909cc7667d9a4e23b36f0a117.jpg?x-cc=20&x-cu=28909&x-ct=1784098800&x-cs=3d3d16dc8b5513a169f85aa2d7dea6ec""","https://b2bfiles1.gigab2b.cn/image/wkseller/301/20211008_7042cef82aa8ae35314fb62b7c7379ee.jpg?x-cc=20&x-cu=28909&x-ct=1784098800&x-cs=fa4b1520e43e72ea65b5e4677787f0d0""","https://b2bfiles1.gigab2b.cn/image/wkseller/301/20211008_95e43fe82a8d5e7a3778514eef220cc8.jpg?x-cc=20&x-cu=28909&x-ct=1784098800&x-cs=4f31a6be389375abeecb78edc8eb5b03""","https://b2bfiles1.gigab2b.cn/image/wkseller/301/20211008_9239bf1b28d92a3c64d6c17232c38e53.jpg?x-cc=20&x-cu=28909&x-ct=1784098800&x-cs=9bba225a7190cd6147c7c4b0d936a063""]",https://pub-606bcd6c031442e4959f73b5435fefd1.r2.dev/shipping-guide.png,set【人気商品】パソコンデスク ラック付き 調整可能　デスク ワークデスク 木製 学習デスク,"ホムブリスショップへようこそ
♪すべての商品は未開封の新品です
♪フォロー割あり
♪まとめ買い割あり：2点で2%OFF、3点で3%OFF、最大5%（一部商品適用外）
♪発送と送料：在庫品は1～2営業日以内に発送、再入荷商品は入荷後1～2営業日以内に発送いたします。北海道は基本的に追加送料不要です。沖縄への送料は別途お見積りが必須です。

【商品説明】

組立時重量: Not Applicable
組立時長さ: Not Applicable
組立時幅: Not Applicable
組立時高さ: Not Applicable
主要素材: Particle Board
主要カラー: Grey",グレー,0,N512S403841FK,,,,,,,,,,,,,,,,,,,,,,,,,,,,,,,,,,,,,,,10501,yvGJ5Az6vUpvHpHjMWucqA,1,1,jp13,1,1,1,,,,,,,
"https://b2bfiles1.gigab2b.cn/image/wkseller/301/20230331_246a500d5fc1a9b95d2b6855388364a2.jpg?x-cc=20&x-cu=28909&x-ct=1784098800&x-cs=6c467909e90dfed749540ae529989fde""","https://b2bfiles1.gigab2b.cn/image/wkseller/301/b28bd7fc9f717794bdcf6df523bd0ac8.jpg?x-cc=20&x-cu=28909&x-ct=1784098800&x-cs=b90f7668089ffabf539f615e69b13a68""","https://b2bfiles1.gigab2b.cn/image/wkseller/301/7b79be6f62437746f349e09653f21dc4.jpg?x-cc=20&x-cu=28909&x-ct=1784098800&x-cs=769c7cac5d3b140aa1bc560dc993f19f""","https://b2bfiles1.gigab2b.cn/image/wkseller/301/40c2e68fdcce81d40dfa2b5bc812350b.jpg?x-cc=20&x-cu=28909&x-ct=1784098800&x-cs=ee4acd2d24baf36484d3c8e406668d1d""","https://b2bfiles1.gigab2b.cn/image/wkseller/301/179b829e876dbd87bbdf92dfb8449b25.jpg?x-cc=20&x-cu=28909&x-ct=1784098800&x-cs=d1344ab896eef0adb0a878677001172f""","https://b2bfiles1.gigab2b.cn/image/wkseller/301/20211008_74eecc11f9f4fc5413e8cd830500dbae.jpg?x-cc=20&x-cu=28909&x-ct=1784098800&x-cs=63e404e5a6333cb3871bc67df9525c87""","https://b2bfiles1.gigab2b.cn/image/wkseller/301/20211008_59d68584b7ec495f860e00ff9b6467b7.jpg?x-cc=20&x-cu=28909&x-ct=1784098800&x-cs=1e035a25eaec4ff18f8614db5536c593""","https://b2bfiles1.gigab2b.cn/image/wkseller/301/20211008_0c4d3b800388c71c1c0c48784bbd36cd.jpg?x-cc=20&x-cu=28909&x-ct=1784098800&x-cs=175de07f0138e0651141736472aa5ea0""","https://b2bfiles1.gigab2b.cn/image/wkseller/301/20211008_07d1ebd25eec50dad4c092a05b42511c.jpg?x-cc=20&x-cu=28909&x-ct=1784098800&x-cs=f57f530738c03c7774a911b63b9d3612""","https://b2bfiles1.gigab2b.cn/image/wkseller/301/20211008_e0ddff2c58ecbe89f6400983b7e3d3f5.jpg?x-cc=20&x-cu=28909&x-ct=1784098800&x-cs=7b7b6670710461000b2c86a2c89ac323""","https://b2bfiles1.gigab2b.cn/image/wkseller/301/20211008_1582dc1af243d9b81c0c5fa07c769bc0.jpg?x-cc=20&x-cu=28909&x-ct=1784098800&x-cs=5b6d1fff9d94a098ff801fa09e5e1d5f""","https://b2bfiles1.gigab2b.cn/image/wkseller/301/20211008_dd8a9193a33a750098b2484a2e8b85a0.jpg?x-cc=20&x-cu=28909&x-ct=1784098800&x-cs=6438aab61874c94d2c00c5b45d44451f""","https://b2bfiles1.gigab2b.cn/image/wkseller/301/20211008_bcf2724e2d29e4e5b6e93a0a23c62ef6.jpg?x-cc=20&x-cu=28909&x-ct=1784098800&x-cs=5248498469f70d1b0484344b0a7ff9b6""","https://b2bfiles1.gigab2b.cn/image/wkseller/301/20211008_3a8ea5ef415e44ebdaa3c6877cb4ac9b.jpg?x-cc=20&x-cu=28909&x-ct=1784098800&x-cs=06b807e01d10aa695759d15599da6b79""","https://b2bfiles1.gigab2b.cn/image/wkseller/301/20211008_1d3a62d70ae4572246c73adf357d19ce.jpg?x-cc=20&x-cu=28909&x-ct=1784098800&x-cs=18d3cae7195678e6532f26ad1506f07f""","https://b2bfiles1.gigab2b.cn/image/wkseller/301/20211008_13f5ab9909cc7667d9a4e23b36f0a117.jpg?x-cc=20&x-cu=28909&x-ct=1784098800&x-cs=3d3d16dc8b5513a169f85aa2d7dea6ec""","https://b2bfiles1.gigab2b.cn/image/wkseller/301/20211008_7042cef82aa8ae35314fb62b7c7379ee.jpg?x-cc=20&x-cu=28909&x-ct=1784098800&x-cs=fa4b1520e43e72ea65b5e4677787f0d0""","https://b2bfiles1.gigab2b.cn/image/wkseller/301/20211008_95e43fe82a8d5e7a3778514eef220cc8.jpg?x-cc=20&x-cu=28909&x-ct=1784098800&x-cs=4f31a6be389375abeecb78edc8eb5b03""","https://b2bfiles1.gigab2b.cn/image/wkseller/301/20211008_9239bf1b28d92a3c64d6c17232c38e53.jpg?x-cc=20&x-cu=28909&x-ct=1784098800&x-cs=9bba225a7190cd6147c7c4b0d936a063""]",https://pub-606bcd6c031442e4959f73b5435fefd1.r2.dev/shipping-guide.png,set【人気商品】パソコンデスク ラック付き 調整可能　デスク ワークデスク 木製 学習デスク,"ホムブリスショップへようこそ
♪すべての商品は未開封の新品です
♪フォロー割あり
♪まとめ買い割あり：2点で2%OFF、3点で3%OFF、最大5%（一部商品適用外）
♪発送と送料：在庫品は1～2営業日以内に発送、再入荷商品は入荷後1～2営業日以内に発送いたします。北海道は基本的に追加送料不要です。沖縄への送料は別途お見積りが必須です。

【商品説明】

組立時重量: Not Applicable
組立時長さ: Not Applicable
組立時幅: Not Applicable
組立時高さ: Not Applicable
主要素材: Particle Board
主要カラー: Grey",グレー,0,N512S403841FL,,,,,,,,,,,,,,,,,,,,,,,,,,,,,,,,,,,,,,,10501,yvGJ5Az6vUpvHpHjMWucqA,1,1,jp13,1,1,1,,,,,,,
"https://b2bfiles1.gigab2b.cn/image/wkseller/301/20230731_52ccbc3f58a1f1d9bfe03d9a3b56c3f1.jpg?x-cc=20&x-cu=28909&x-ct=1784098800&x-cs=cbbbbae015b53f573c756fc898fa276e""","https://b2bfiles1.gigab2b.cn/image/wkseller/301/1456158ca91ae8b133244686b46699f5.jpg?x-cc=20&x-cu=28909&x-ct=1784098800&x-cs=064be6b51d8209a990f8626ab096b283""","https://b2bfiles1.gigab2b.cn/image/wkseller/301/7d4edb0fddb79d04853696b57c331898.jpg?x-cc=20&x-cu=28909&x-ct=1784098800&x-cs=710557c1a6767d33c853636d627edbcc""","https://b2bfiles1.gigab2b.cn/image/wkseller/301/131eb8c1d65ec768266c63c60150d198.jpg?x-cc=20&x-cu=28909&x-ct=1784098800&x-cs=d4dff67936a1107ff1701fb03bfc323d""","https://b2bfiles1.gigab2b.cn/image/wkseller/301/20230731_1fa4038edee544f07dc3e19e0eb1a1b6.jpg?x-cc=20&x-cu=28909&x-ct=1784098800&x-cs=d105042ee1613e81ee203a4f2d7d3761""","https://b2bfiles1.gigab2b.cn/image/wkseller/301/20230813_c26f7ecc87cd3e57d88f528dcdf048c8.jpg?x-cc=20&x-cu=28909&x-ct=1784098800&x-cs=fd3992a9b317f933ef887b94051f1fc1""","https://b2bfiles1.gigab2b.cn/image/wkseller/301/20230813_5353592886d28f26ded796533c3424d2.jpg?x-cc=20&x-cu=28909&x-ct=1784098800&x-cs=961e9ce78617adeeb8dd291c4242bae7""","https://b2bfiles1.gigab2b.cn/image/wkseller/301/20230813_3a4296842d43a3164c181af8666fdb53.jpg?x-cc=20&x-cu=28909&x-ct=1784098800&x-cs=2764059abefa31c88086aede445d18ad""","https://b2bfiles1.gigab2b.cn/image/wkseller/301/20230731_04adb90942f5149be74924c1794451e2.jpg?x-cc=20&x-cu=28909&x-ct=1784098800&x-cs=15f92616b6a4a30e8a5b64ce235681e5""","https://b2bfiles1.gigab2b.cn/image/wkseller/301/20230813_b4769782f748fe20096f587cddb251a1.jpg?x-cc=20&x-cu=28909&x-ct=1784098800&x-cs=6317ed2095f67741fa914475aa445f0a""","https://b2bfiles1.gigab2b.cn/image/wkseller/301/20230813_cd1faadb0e3c776563090d6344d5a920.jpg?x-cc=20&x-cu=28909&x-ct=1784098800&x-cs=5d0b7c8c1a2679d0781cb9da4cddbd5b""","https://b2bfiles1.gigab2b.cn/image/wkseller/301/20230730_501064b03486f3624de2ffc370d8d8a4.jpg?x-cc=20&x-cu=28909&x-ct=1784098800&x-cs=964d766be506a7300f24e4496e760a28""","https://b2bfiles1.gigab2b.cn/image/wkseller/301/20230730_1127ac0ea97b886fa139e574ec9e431d.jpg?x-cc=20&x-cu=28909&x-ct=1784098800&x-cs=592c6c7a78ef4a7e3237a594b94e5fb3""","https://b2bfiles1.gigab2b.cn/image/wkseller/301/20230730_ef5df2ee0da3c979387d3642168de224.jpg?x-cc=20&x-cu=28909&x-ct=1784098800&x-cs=439eb8ea1e75947fcc3565995a6ae98a""","https://b2bfiles1.gigab2b.cn/image/wkseller/301/20230730_f6a7bcccbecb1ac369b75024399db93b.jpg?x-cc=20&x-cu=28909&x-ct=1784098800&x-cs=329fb742d45155d4a0e037473a1e4abb""","https://b2bfiles1.gigab2b.cn/image/wkseller/301/20230730_40851d35c1fe3db5f6fde17a0d3c4149.jpg?x-cc=20&x-cu=28909&x-ct=1784098800&x-cs=ae58a70402d725a1b17a4437dee67cf4""","https://b2bfiles1.gigab2b.cn/image/wkseller/301/20230730_da86f1ab865d9fb5cc2c9e9632169641.jpg?x-cc=20&x-cu=28909&x-ct=1784098800&x-cs=01eee08e0f51eaec946c9a71f0d483b2""","https://b2bfiles1.gigab2b.cn/image/wkseller/301/20230730_c360e6e7ff387a69890719821767666c.jpg?x-cc=20&x-cu=28909&x-ct=1784098800&x-cs=dd1cecc1307abcd013432d4ce4a612ae""","https://b2bfiles1.gigab2b.cn/image/wkseller/301/20230730_17f9350fc513659da7d532bbf2db80b9.jpg?x-cc=20&x-cu=28909&x-ct=1784098800&x-cs=51d3f2ccdd74da905518515c4b835d33""]",https://pub-606bcd6c031442e4959f73b5435fefd1.r2.dev/shipping-guide.png,元skuSA308205BAA  三段ベッド パイプベッド　分離可能 スチールベッド　子供部屋スチール 　耐震,"ホムブリスショップへようこそ
♪すべての商品は未開封の新品です
♪フォロー割あり
♪まとめ買い割あり：2点で2%OFF、3点で3%OFF、最大5%（一部商品適用外）
♪発送と送料：在庫品は1～2営業日以内に発送、再入荷商品は入荷後1～2営業日以内に発送いたします。北海道は基本的に追加送料不要です。沖縄への送料は別途お見積りが必須です。

【商品説明】

組立時重量: Not Applicable
組立時長さ: Not Applicable
組立時幅: Not Applicable
組立時高さ: Not Applicable
主要素材: Metal
主要カラー: Black",ブラック,0,N512S403856C,,,,,,,,,,,,,,,,,,,,,,,,,,,,,,,,,,,,,,,31058,pACXAgkow3q7TJUqqm7xt3,1,1,jp13,1,1,1,,,,,,,
"https://b2bfiles1.gigab2b.cn/image/wkseller/301/0d622de9840578bba4634f8e0d8f730b.jpg?x-cc=20&x-cu=28909&x-ct=1784098800&x-cs=1c83f70b50c1682795ba03154bd3afe9""","https://b2bfiles1.gigab2b.cn/image/wkseller/301/4201ab06fe37457e7616b5831873dfe7.jpg?x-cc=20&x-cu=28909&x-ct=1784098800&x-cs=d61f832cecfb48b9de4ccd91fddef1c2""","https://b2bfiles1.gigab2b.cn/image/wkseller/301/7c047163c1220f535294ef023e610790.jpg?x-cc=20&x-cu=28909&x-ct=1784098800&x-cs=4bf0dac7b9dbe81f6e1c0cc3e9b92cf2""","https://b2bfiles1.gigab2b.cn/image/wkseller/301/924ee22fc393f1d600e309b0df64723c.jpg?x-cc=20&x-cu=28909&x-ct=1784098800&x-cs=134ce81a608ec98ab0062b7b4e75b2fc""","https://b2bfiles1.gigab2b.cn/image/wkseller/301/45c29b956c86251866578b4803300d05.jpg?x-cc=20&x-cu=28909&x-ct=1784098800&x-cs=a6259f97d9cccc2298ea41bfa0916ba2""","https://b2bfiles1.gigab2b.cn/image/wkseller/301/5e40ececb1d1faedd6dda7d1c72e85a2.jpg?x-cc=20&x-cu=28909&x-ct=1784098800&x-cs=3fc9cf0f275185fa7ce344d03bbd3960""","https://b2bfiles1.gigab2b.cn/image/wkseller/301/10b1b79256bd1258e814fd45040866b5.jpg?x-cc=20&x-cu=28909&x-ct=1784098800&x-cs=f7ba27e4fb9761c0e538f605bf9cb0a1""","https://b2bfiles1.gigab2b.cn/image/wkseller/301/8546c6ca1d6fd5040086ce40780a0759.jpg?x-cc=20&x-cu=28909&x-ct=1784098800&x-cs=56267561fa1a3b3fd021dbcd177d309b""","https://b2bfiles1.gigab2b.cn/image/wkseller/301/722f35e7615bba1b933b0490e56fe934.jpg?x-cc=20&x-cu=28909&x-ct=1784098800&x-cs=41f87a7eff573c2bdd09d2a9199fab5f""","https://b2bfiles1.gigab2b.cn/image/wkseller/301/4f01f0db1e496dd4731da964bff90a4f.jpg?x-cc=20&x-cu=28909&x-ct=1784098800&x-cs=3f7bd5a32928845d28bafa0ce9714a40""","https://b2bfiles1.gigab2b.cn/image/wkseller/301/ad0fa3a00684918fe46f998beeabe02e.jpg?x-cc=20&x-cu=28909&x-ct=1784098800&x-cs=6f45e1f6b285119012443973979da301""","https://b2bfiles1.gigab2b.cn/image/wkseller/301/52964533c54928d1afae7e3b70a2e637.jpg?x-cc=20&x-cu=28909&x-ct=1784098800&x-cs=23c832d568e3ed47a2cddab8e6b0102b""","https://b2bfiles1.gigab2b.cn/image/wkseller/301/e4a6f1405813a963440ff83ae1958e51.jpg?x-cc=20&x-cu=28909&x-ct=1784098800&x-cs=10e10bee381f0955660c8bb9cef67ebb""","https://b2bfiles1.gigab2b.cn/image/wkseller/301/0a5c0a6b649e766a26019ae12705bc3d.jpg?x-cc=20&x-cu=28909&x-ct=1784098800&x-cs=1b4d21c1e6b8cf57fc0fb7ab68646fe1""","https://b2bfiles1.gigab2b.cn/image/wkseller/301/26cf0350bd58dd42d16c327096379730.jpg?x-cc=20&x-cu=28909&x-ct=1784098800&x-cs=c565ee97267c5b2663c693adc2016181""","https://b2bfiles1.gigab2b.cn/image/wkseller/301/7bc7439db58b766c817da98430378e6e.jpg?x-cc=20&x-cu=28909&x-ct=1784098800&x-cs=73e44f724b8575aaa824b9a8feb8e0c4""]",https://pub-606bcd6c031442e4959f73b5435fefd1.r2.dev/shipping-guide.png,,,,set【ブラウン】一体分離多用型パソコンデスク パソコンデスク ラック付き デスク ワークデスク 木製 学習デスク,"ホムブリスショップへようこそ
♪すべての商品は未開封の新品です
♪フォロー割あり
♪まとめ買い割あり：2点で2%OFF、3点で3%OFF、最大5%（一部商品適用外）
♪発送と送料：在庫品は1～2営業日以内に発送、再入荷商品は入荷後1～2営業日以内に発送いたします。北海道は基本的に追加送料不要です。沖縄への送料は別途お見積りが必須です。

【商品説明】

組立時重量: Not Applicable
組立時長さ: Not Applicable
組立時幅: Not Applicable
組立時高さ: Not Applicable
主要素材: Particle Board
主要カラー: Brown",ブラウン,1,N512S460939BA1,,,,,,,,,,,,,,,,,,,,,,,,,,,,,,,,,,,,,,,11802,yvGJ5Az6vUpvHpHjMWucqA,1,1,jp13,1,1,1,,,,,,,
"https://b2bfiles1.gigab2b.cn/image/wkseller/301/0d622de9840578bba4634f8e0d8f730b.jpg?x-cc=20&x-cu=28909&x-ct=1784098800&x-cs=1c83f70b50c1682795ba03154bd3afe9""","https://b2bfiles1.gigab2b.cn/image/wkseller/301/4201ab06fe37457e7616b5831873dfe7.jpg?x-cc=20&x-cu=28909&x-ct=1784098800&x-cs=d61f832cecfb48b9de4ccd91fddef1c2""","https://b2bfiles1.gigab2b.cn/image/wkseller/301/7c047163c1220f535294ef023e610790.jpg?x-cc=20&x-cu=28909&x-ct=1784098800&x-cs=4bf0dac7b9dbe81f6e1c0cc3e9b92cf2""","https://b2bfiles1.gigab2b.cn/image/wkseller/301/924ee22fc393f1d600e309b0df64723c.jpg?x-cc=20&x-cu=28909&x-ct=1784098800&x-cs=134ce81a608ec98ab0062b7b4e75b2fc""","https://b2bfiles1.gigab2b.cn/image/wkseller/301/45c29b956c86251866578b4803300d05.jpg?x-cc=20&x-cu=28909&x-ct=1784098800&x-cs=a6259f97d9cccc2298ea41bfa0916ba2""","https://b2bfiles1.gigab2b.cn/image/wkseller/301/5e40ececb1d1faedd6dda7d1c72e85a2.jpg?x-cc=20&x-cu=28909&x-ct=1784098800&x-cs=3fc9cf0f275185fa7ce344d03bbd3960""","https://b2bfiles1.gigab2b.cn/image/wkseller/301/10b1b79256bd1258e814fd45040866b5.jpg?x-cc=20&x-cu=28909&x-ct=1784098800&x-cs=f7ba27e4fb9761c0e538f605bf9cb0a1""","https://b2bfiles1.gigab2b.cn/image/wkseller/301/8546c6ca1d6fd5040086ce40780a0759.jpg?x-cc=20&x-cu=28909&x-ct=1784098800&x-cs=56267561fa1a3b3fd021dbcd177d309b""","https://b2bfiles1.gigab2b.cn/image/wkseller/301/722f35e7615bba1b933b0490e56fe934.jpg?x-cc=20&x-cu=28909&x-ct=1784098800&x-cs=41f87a7eff573c2bdd09d2a9199fab5f""","https://b2bfiles1.gigab2b.cn/image/wkseller/301/4f01f0db1e496dd4731da964bff90a4f.jpg?x-cc=20&x-cu=28909&x-ct=1784098800&x-cs=3f7bd5a32928845d28bafa0ce9714a40""","https://b2bfiles1.gigab2b.cn/image/wkseller/301/ad0fa3a00684918fe46f998beeabe02e.jpg?x-cc=20&x-cu=28909&x-ct=1784098800&x-cs=6f45e1f6b285119012443973979da301""","https://b2bfiles1.gigab2b.cn/image/wkseller/301/52964533c54928d1afae7e3b70a2e637.jpg?x-cc=20&x-cu=28909&x-ct=1784098800&x-cs=23c832d568e3ed47a2cddab8e6b0102b""","https://b2bfiles1.gigab2b.cn/image/wkseller/301/e4a6f1405813a963440ff83ae1958e51.jpg?x-cc=20&x-cu=28909&x-ct=1784098800&x-cs=10e10bee381f0955660c8bb9cef67ebb""","https://b2bfiles1.gigab2b.cn/image/wkseller/301/0a5c0a6b649e766a26019ae12705bc3d.jpg?x-cc=20&x-cu=28909&x-ct=1784098800&x-cs=1b4d21c1e6b8cf57fc0fb7ab68646fe1""","https://b2bfiles1.gigab2b.cn/image/wkseller/301/26cf0350bd58dd42d16c327096379730.jpg?x-cc=20&x-cu=28909&x-ct=1784098800&x-cs=c565ee97267c5b2663c693adc2016181""","https://b2bfiles1.gigab2b.cn/image/wkseller/301/7bc7439db58b766c817da98430378e6e.jpg?x-cc=20&x-cu=28909&x-ct=1784098800&x-cs=73e44f724b8575aaa824b9a8feb8e0c4""]",https://pub-606bcd6c031442e4959f73b5435fefd1.r2.dev/shipping-guide.png,,,,set【ブラウン】一体分離多用型パソコンデスク パソコンデスク ラック付き デスク ワークデスク 木製 学習デスク,"ホムブリスショップへようこそ
♪すべての商品は未開封の新品です
♪フォロー割あり
♪まとめ買い割あり：2点で2%OFF、3点で3%OFF、最大5%（一部商品適用外）
♪発送と送料：在庫品は1～2営業日以内に発送、再入荷商品は入荷後1～2営業日以内に発送いたします。北海道は基本的に追加送料不要です。沖縄への送料は別途お見積りが必須です。

【商品説明】

組立時重量: Not Applicable
組立時長さ: Not Applicable
組立時幅: Not Applicable
組立時高さ: Not Applicable
主要素材: Particle Board
主要カラー: Brown",ブラウン,0,N512S460939BH,,,,,,,,,,,,,,,,,,,,,,,,,,,,,,,,,,,,,,,11802,yvGJ5Az6vUpvHpHjMWucqA,1,1,jp13,1,1,1,,,,,,,
"https://b2bfiles1.gigab2b.cn/image/wkseller/301/0d622de9840578bba4634f8e0d8f730b.jpg?x-cc=20&x-cu=28909&x-ct=1784098800&x-cs=1c83f70b50c1682795ba03154bd3afe9""","https://b2bfiles1.gigab2b.cn/image/wkseller/301/4201ab06fe37457e7616b5831873dfe7.jpg?x-cc=20&x-cu=28909&x-ct=1784098800&x-cs=d61f832cecfb48b9de4ccd91fddef1c2""","https://b2bfiles1.gigab2b.cn/image/wkseller/301/7c047163c1220f535294ef023e610790.jpg?x-cc=20&x-cu=28909&x-ct=1784098800&x-cs=4bf0dac7b9dbe81f6e1c0cc3e9b92cf2""","https://b2bfiles1.gigab2b.cn/image/wkseller/301/924ee22fc393f1d600e309b0df64723c.jpg?x-cc=20&x-cu=28909&x-ct=1784098800&x-cs=134ce81a608ec98ab0062b7b4e75b2fc""","https://b2bfiles1.gigab2b.cn/image/wkseller/301/45c29b956c86251866578b4803300d05.jpg?x-cc=20&x-cu=28909&x-ct=1784098800&x-cs=a6259f97d9cccc2298ea41bfa0916ba2""","https://b2bfiles1.gigab2b.cn/image/wkseller/301/5e40ececb1d1faedd6dda7d1c72e85a2.jpg?x-cc=20&x-cu=28909&x-ct=1784098800&x-cs=3fc9cf0f275185fa7ce344d03bbd3960""","https://b2bfiles1.gigab2b.cn/image/wkseller/301/10b1b79256bd1258e814fd45040866b5.jpg?x-cc=20&x-cu=28909&x-ct=1784098800&x-cs=f7ba27e4fb9761c0e538f605bf9cb0a1""","https://b2bfiles1.gigab2b.cn/image/wkseller/301/8546c6ca1d6fd5040086ce40780a0759.jpg?x-cc=20&x-cu=28909&x-ct=1784098800&x-cs=56267561fa1a3b3fd021dbcd177d309b""","https://b2bfiles1.gigab2b.cn/image/wkseller/301/722f35e7615bba1b933b0490e56fe934.jpg?x-cc=20&x-cu=28909&x-ct=1784098800&x-cs=41f87a7eff573c2bdd09d2a9199fab5f""","https://b2bfiles1.gigab2b.cn/image/wkseller/301/4f01f0db1e496dd4731da964bff90a4f.jpg?x-cc=20&x-cu=28909&x-ct=1784098800&x-cs=3f7bd5a32928845d28bafa0ce9714a40""","https://b2bfiles1.gigab2b.cn/image/wkseller/301/ad0fa3a00684918fe46f998beeabe02e.jpg?x-cc=20&x-cu=28909&x-ct=1784098800&x-cs=6f45e1f6b285119012443973979da301""","https://b2bfiles1.gigab2b.cn/image/wkseller/301/52964533c54928d1afae7e3b70a2e637.jpg?x-cc=20&x-cu=28909&x-ct=1784098800&x-cs=23c832d568e3ed47a2cddab8e6b0102b""","https://b2bfiles1.gigab2b.cn/image/wkseller/301/e4a6f1405813a963440ff83ae1958e51.jpg?x-cc=20&x-cu=28909&x-ct=1784098800&x-cs=10e10bee381f0955660c8bb9cef67ebb""","https://b2bfiles1.gigab2b.cn/image/wkseller/301/0a5c0a6b649e766a26019ae12705bc3d.jpg?x-cc=20&x-cu=28909&x-ct=1784098800&x-cs=1b4d21c1e6b8cf57fc0fb7ab68646fe1""","https://b2bfiles1.gigab2b.cn/image/wkseller/301/26cf0350bd58dd42d16c327096379730.jpg?x-cc=20&x-cu=28909&x-ct=1784098800&x-cs=c565ee97267c5b2663c693adc2016181""","https://b2bfiles1.gigab2b.cn/image/wkseller/301/7bc7439db58b766c817da98430378e6e.jpg?x-cc=20&x-cu=28909&x-ct=1784098800&x-cs=73e44f724b8575aaa824b9a8feb8e0c4""]",https://pub-606bcd6c031442e4959f73b5435fefd1.r2.dev/shipping-guide.png,,,,set【ブラウン】一体分離多用型パソコンデスク パソコンデスク ラック付き デスク ワークデスク 木製 学習デスク,"ホムブリスショップへようこそ
♪すべての商品は未開封の新品です
♪フォロー割あり
♪まとめ買い割あり：2点で2%OFF、3点で3%OFF、最大5%（一部商品適用外）
♪発送と送料：在庫品は1～2営業日以内に発送、再入荷商品は入荷後1～2営業日以内に発送いたします。北海道は基本的に追加送料不要です。沖縄への送料は別途お見積りが必須です。

【商品説明】

組立時重量: Not Applicable
組立時長さ: Not Applicable
組立時幅: Not Applicable
組立時高さ: Not Applicable
主要素材: Particle Board
主要カラー: Brown",ブラウン,0,N512S460939BK,,,,,,,,,,,,,,,,,,,,,,,,,,,,,,,,,,,,,,,11802,yvGJ5Az6vUpvHpHjMWucqA,1,1,jp13,1,1,1,,,,,,,
"https://b2bfiles1.gigab2b.cn/image/wkseller/301/0d622de9840578bba4634f8e0d8f730b.jpg?x-cc=20&x-cu=28909&x-ct=1784098800&x-cs=1c83f70b50c1682795ba03154bd3afe9""","https://b2bfiles1.gigab2b.cn/image/wkseller/301/4201ab06fe37457e7616b5831873dfe7.jpg?x-cc=20&x-cu=28909&x-ct=1784098800&x-cs=d61f832cecfb48b9de4ccd91fddef1c2""","https://b2bfiles1.gigab2b.cn/image/wkseller/301/7c047163c1220f535294ef023e610790.jpg?x-cc=20&x-cu=28909&x-ct=1784098800&x-cs=4bf0dac7b9dbe81f6e1c0cc3e9b92cf2""","https://b2bfiles1.gigab2b.cn/image/wkseller/301/924ee22fc393f1d600e309b0df64723c.jpg?x-cc=20&x-cu=28909&x-ct=1784098800&x-cs=134ce81a608ec98ab0062b7b4e75b2fc""","https://b2bfiles1.gigab2b.cn/image/wkseller/301/45c29b956c86251866578b4803300d05.jpg?x-cc=20&x-cu=28909&x-ct=1784098800&x-cs=a6259f97d9cccc2298ea41bfa0916ba2""","https://b2bfiles1.gigab2b.cn/image/wkseller/301/5e40ececb1d1faedd6dda7d1c72e85a2.jpg?x-cc=20&x-cu=28909&x-ct=1784098800&x-cs=3fc9cf0f275185fa7ce344d03bbd3960""","https://b2bfiles1.gigab2b.cn/image/wkseller/301/10b1b79256bd1258e814fd45040866b5.jpg?x-cc=20&x-cu=28909&x-ct=1784098800&x-cs=f7ba27e4fb9761c0e538f605bf9cb0a1""","https://b2bfiles1.gigab2b.cn/image/wkseller/301/8546c6ca1d6fd5040086ce40780a0759.jpg?x-cc=20&x-cu=28909&x-ct=1784098800&x-cs=56267561fa1a3b3fd021dbcd177d309b""","https://b2bfiles1.gigab2b.cn/image/wkseller/301/722f35e7615bba1b933b0490e56fe934.jpg?x-cc=20&x-cu=28909&x-ct=1784098800&x-cs=41f87a7eff573c2bdd09d2a9199fab5f""","https://b2bfiles1.gigab2b.cn/image/wkseller/301/4f01f0db1e496dd4731da964bff90a4f.jpg?x-cc=20&x-cu=28909&x-ct=1784098800&x-cs=3f7bd5a32928845d28bafa0ce9714a40""","https://b2bfiles1.gigab2b.cn/image/wkseller/301/ad0fa3a00684918fe46f998beeabe02e.jpg?x-cc=20&x-cu=28909&x-ct=1784098800&x-cs=6f45e1f6b285119012443973979da301""","https://b2bfiles1.gigab2b.cn/image/wkseller/301/52964533c54928d1afae7e3b70a2e637.jpg?x-cc=20&x-cu=28909&x-ct=1784098800&x-cs=23c832d568e3ed47a2cddab8e6b0102b""","https://b2bfiles1.gigab2b.cn/image/wkseller/301/e4a6f1405813a963440ff83ae1958e51.jpg?x-cc=20&x-cu=28909&x-ct=1784098800&x-cs=10e10bee381f0955660c8bb9cef67ebb""","https://b2bfiles1.gigab2b.cn/image/wkseller/301/0a5c0a6b649e766a26019ae12705bc3d.jpg?x-cc=20&x-cu=28909&x-ct=1784098800&x-cs=1b4d21c1e6b8cf57fc0fb7ab68646fe1""","https://b2bfiles1.gigab2b.cn/image/wkseller/301/26cf0350bd58dd42d16c327096379730.jpg?x-cc=20&x-cu=28909&x-ct=1784098800&x-cs=c565ee97267c5b2663c693adc2016181""","https://b2bfiles1.gigab2b.cn/image/wkseller/301/7bc7439db58b766c817da98430378e6e.jpg?x-cc=20&x-cu=28909&x-ct=1784098800&x-cs=73e44f724b8575aaa824b9a8feb8e0c4""]",https://pub-606bcd6c031442e4959f73b5435fefd1.r2.dev/shipping-guide.png,,,,set【ブラウン】一体分離多用型パソコンデスク パソコンデスク ラック付き デスク ワークデスク 木製 学習デスク,"ホムブリスショップへようこそ
♪すべての商品は未開封の新品です
♪フォロー割あり
♪まとめ買い割あり：2点で2%OFF、3点で3%OFF、最大5%（一部商品適用外）
♪発送と送料：在庫品は1～2営業日以内に発送、再入荷商品は入荷後1～2営業日以内に発送いたします。北海道は基本的に追加送料不要です。沖縄への送料は別途お見積りが必須です。

【商品説明】

組立時重量: Not Applicable
組立時長さ: Not Applicable
組立時幅: Not Applicable
組立時高さ: Not Applicable
主要素材: Particle Board
主要カラー: Brown",ブラウン,0,N512S460939BL,,,,,,,,,,,,,,,,,,,,,,,,,,,,,,,,,,,,,,,11802,yvGJ5Az6vUpvHpHjMWucqA,1,1,jp13,1,1,1,,,,,,,
"https://b2bfiles1.gigab2b.cn/image/wkseller/301/19c00cd89913669496f925f3ada00a6a.jpg?x-cc=20&x-cu=28909&x-ct=1784098800&x-cs=a7f32471695a57e4b6ce6c2e7e46bff6""","https://b2bfiles1.gigab2b.cn/image/wkseller/301/4201ab06fe37457e7616b5831873dfe7.jpg?x-cc=20&x-cu=28909&x-ct=1784098800&x-cs=d61f832cecfb48b9de4ccd91fddef1c2""","https://b2bfiles1.gigab2b.cn/image/wkseller/301/7c047163c1220f535294ef023e610790.jpg?x-cc=20&x-cu=28909&x-ct=1784098800&x-cs=4bf0dac7b9dbe81f6e1c0cc3e9b92cf2""","https://b2bfiles1.gigab2b.cn/image/wkseller/301/924ee22fc393f1d600e309b0df64723c.jpg?x-cc=20&x-cu=28909&x-ct=1784098800&x-cs=134ce81a608ec98ab0062b7b4e75b2fc""","https://b2bfiles1.gigab2b.cn/image/wkseller/301/45c29b956c86251866578b4803300d05.jpg?x-cc=20&x-cu=28909&x-ct=1784098800&x-cs=a6259f97d9cccc2298ea41bfa0916ba2""","https://b2bfiles1.gigab2b.cn/image/wkseller/301/5e40ececb1d1faedd6dda7d1c72e85a2.jpg?x-cc=20&x-cu=28909&x-ct=1784098800&x-cs=3fc9cf0f275185fa7ce344d03bbd3960""","https://b2bfiles1.gigab2b.cn/image/wkseller/301/1eff6f60f82cf74379124304361afd2d.jpg?x-cc=20&x-cu=28909&x-ct=1784098800&x-cs=81aaa8cafefca56102566c87ac2cb6f5""","https://b2bfiles1.gigab2b.cn/image/wkseller/301/257e6f9e35bad451f28fd2d0dd482b97.jpg?x-cc=20&x-cu=28909&x-ct=1784098800&x-cs=a2069def7c0bd224c8ffb6d2fc9d58bb""","https://b2bfiles1.gigab2b.cn/image/wkseller/301/413e8a3106d1a43e1b7cb53a23ecaccd.jpg?x-cc=20&x-cu=28909&x-ct=1784098800&x-cs=1786520a4fd447d48468577c5f39fe89""","https://b2bfiles1.gigab2b.cn/image/wkseller/301/824771b1ac20904a44c7b03c1f55ad99.jpg?x-cc=20&x-cu=28909&x-ct=1784098800&x-cs=d182ba3acd736a1f4f5949ccc96b94d7""","https://b2bfiles1.gigab2b.cn/image/wkseller/301/70d93276679d5a0256da1f771b7478ee.jpg?x-cc=20&x-cu=28909&x-ct=1784098800&x-cs=2d2f11f8cd6466fd4222bc40d44b8a38""","https://b2bfiles1.gigab2b.cn/image/wkseller/301/66239d91910d134e8ae2b79ae941fdde.jpg?x-cc=20&x-cu=28909&x-ct=1784098800&x-cs=da213380d8cabee4dcf6002e0bb86a6f""","https://b2bfiles1.gigab2b.cn/image/wkseller/301/632f07e20ff60827eab3ee993bd0573b.jpg?x-cc=20&x-cu=28909&x-ct=1784098800&x-cs=8f2f80f103a478c32796a3c7fb53f820""","https://b2bfiles1.gigab2b.cn/image/wkseller/301/89548c2c4b1d66b56d7b4a01cf7526b6.jpg?x-cc=20&x-cu=28909&x-ct=1784098800&x-cs=e9abe87cf749011fa9d4b023d19bdb29""","https://b2bfiles1.gigab2b.cn/image/wkseller/301/47ee69d403eeb35a9bd1b579eb1ddd97.jpg?x-cc=20&x-cu=28909&x-ct=1784098800&x-cs=670bddea68f19c712c8f70be584e55d3""","https://b2bfiles1.gigab2b.cn/image/wkseller/301/36081daa738ef9fa9d9b43bdc048cfb0.jpg?x-cc=20&x-cu=28909&x-ct=1784098800&x-cs=9c49ffa44b3c0fc08055f7628f6ea6e5""","https://b2bfiles1.gigab2b.cn/image/wkseller/301/722f35e7615bba1b933b0490e56fe934.jpg?x-cc=20&x-cu=28909&x-ct=1784098800&x-cs=41f87a7eff573c2bdd09d2a9199fab5f""","https://b2bfiles1.gigab2b.cn/image/wkseller/301/4f01f0db1e496dd4731da964bff90a4f.jpg?x-cc=20&x-cu=28909&x-ct=1784098800&x-cs=3f7bd5a32928845d28bafa0ce9714a40""","https://b2bfiles1.gigab2b.cn/image/wkseller/301/ad0fa3a00684918fe46f998beeabe02e.jpg?x-cc=20&x-cu=28909&x-ct=1784098800&x-cs=6f45e1f6b285119012443973979da301""",https://pub-606bcd6c031442e4959f73b5435fefd1.r2.dev/shipping-guide.png,set【ホワイト】一体分離多用型パソコンデスク パソコンデスク ラック付き デスク ワークデスク 木製 学習デスク,"ホムブリスショップへようこそ
♪すべての商品は未開封の新品です
♪フォロー割あり
♪まとめ買い割あり：2点で2%OFF、3点で3%OFF、最大5%（一部商品適用外）
♪発送と送料：在庫品は1～2営業日以内に発送、再入荷商品は入荷後1～2営業日以内に発送いたします。北海道は基本的に追加送料不要です。沖縄への送料は別途お見積りが必須です。

【商品説明】

組立時重量: Not Applicable
組立時長さ: Not Applicable
組立時幅: Not Applicable
組立時高さ: Not Applicable
主要素材: Particle Board
主要カラー: White",ホワイト,0,N512S460939CK,,,,,,,,,,,,,,,,,,,,,,,,,,,,,,,,,,,,,,,11802,yvGJ5Az6vUpvHpHjMWucqA,1,1,jp13,1,1,1,,,,,,,
"https://b2bfiles1.gigab2b.cn/image/wkseller/301/19c00cd89913669496f925f3ada00a6a.jpg?x-cc=20&x-cu=28909&x-ct=1784098800&x-cs=a7f32471695a57e4b6ce6c2e7e46bff6""","https://b2bfiles1.gigab2b.cn/image/wkseller/301/4201ab06fe37457e7616b5831873dfe7.jpg?x-cc=20&x-cu=28909&x-ct=1784098800&x-cs=d61f832cecfb48b9de4ccd91fddef1c2""","https://b2bfiles1.gigab2b.cn/image/wkseller/301/7c047163c1220f535294ef023e610790.jpg?x-cc=20&x-cu=28909&x-ct=1784098800&x-cs=4bf0dac7b9dbe81f6e1c0cc3e9b92cf2""","https://b2bfiles1.gigab2b.cn/image/wkseller/301/924ee22fc393f1d600e309b0df64723c.jpg?x-cc=20&x-cu=28909&x-ct=1784098800&x-cs=134ce81a608ec98ab0062b7b4e75b2fc""","https://b2bfiles1.gigab2b.cn/image/wkseller/301/45c29b956c86251866578b4803300d05.jpg?x-cc=20&x-cu=28909&x-ct=1784098800&x-cs=a6259f97d9cccc2298ea41bfa0916ba2""","https://b2bfiles1.gigab2b.cn/image/wkseller/301/5e40ececb1d1faedd6dda7d1c72e85a2.jpg?x-cc=20&x-cu=28909&x-ct=1784098800&x-cs=3fc9cf0f275185fa7ce344d03bbd3960""","https://b2bfiles1.gigab2b.cn/image/wkseller/301/1eff6f60f82cf74379124304361afd2d.jpg?x-cc=20&x-cu=28909&x-ct=1784098800&x-cs=81aaa8cafefca56102566c87ac2cb6f5""","https://b2bfiles1.gigab2b.cn/image/wkseller/301/257e6f9e35bad451f28fd2d0dd482b97.jpg?x-cc=20&x-cu=28909&x-ct=1784098800&x-cs=a2069def7c0bd224c8ffb6d2fc9d58bb""","https://b2bfiles1.gigab2b.cn/image/wkseller/301/413e8a3106d1a43e1b7cb53a23ecaccd.jpg?x-cc=20&x-cu=28909&x-ct=1784098800&x-cs=1786520a4fd447d48468577c5f39fe89""","https://b2bfiles1.gigab2b.cn/image/wkseller/301/824771b1ac20904a44c7b03c1f55ad99.jpg?x-cc=20&x-cu=28909&x-ct=1784098800&x-cs=d182ba3acd736a1f4f5949ccc96b94d7""","https://b2bfiles1.gigab2b.cn/image/wkseller/301/70d93276679d5a0256da1f771b7478ee.jpg?x-cc=20&x-cu=28909&x-ct=1784098800&x-cs=2d2f11f8cd6466fd4222bc40d44b8a38""","https://b2bfiles1.gigab2b.cn/image/wkseller/301/66239d91910d134e8ae2b79ae941fdde.jpg?x-cc=20&x-cu=28909&x-ct=1784098800&x-cs=da213380d8cabee4dcf6002e0bb86a6f""","https://b2bfiles1.gigab2b.cn/image/wkseller/301/632f07e20ff60827eab3ee993bd0573b.jpg?x-cc=20&x-cu=28909&x-ct=1784098800&x-cs=8f2f80f103a478c32796a3c7fb53f820""","https://b2bfiles1.gigab2b.cn/image/wkseller/301/89548c2c4b1d66b56d7b4a01cf7526b6.jpg?x-cc=20&x-cu=28909&x-ct=1784098800&x-cs=e9abe87cf749011fa9d4b023d19bdb29""","https://b2bfiles1.gigab2b.cn/image/wkseller/301/47ee69d403eeb35a9bd1b579eb1ddd97.jpg?x-cc=20&x-cu=28909&x-ct=1784098800&x-cs=670bddea68f19c712c8f70be584e55d3""","https://b2bfiles1.gigab2b.cn/image/wkseller/301/36081daa738ef9fa9d9b43bdc048cfb0.jpg?x-cc=20&x-cu=28909&x-ct=1784098800&x-cs=9c49ffa44b3c0fc08055f7628f6ea6e5""","https://b2bfiles1.gigab2b.cn/image/wkseller/301/722f35e7615bba1b933b0490e56fe934.jpg?x-cc=20&x-cu=28909&x-ct=1784098800&x-cs=41f87a7eff573c2bdd09d2a9199fab5f""","https://b2bfiles1.gigab2b.cn/image/wkseller/301/4f01f0db1e496dd4731da964bff90a4f.jpg?x-cc=20&x-cu=28909&x-ct=1784098800&x-cs=3f7bd5a32928845d28bafa0ce9714a40""","https://b2bfiles1.gigab2b.cn/image/wkseller/301/ad0fa3a00684918fe46f998beeabe02e.jpg?x-cc=20&x-cu=28909&x-ct=1784098800&x-cs=6f45e1f6b285119012443973979da301""",https://pub-606bcd6c031442e4959f73b5435fefd1.r2.dev/shipping-guide.png,set【ホワイト】一体分離多用型パソコンデスク パソコンデスク ラック付き デスク ワークデスク 木製 学習デスク,"ホムブリスショップへようこそ
♪すべての商品は未開封の新品です
♪フォロー割あり
♪まとめ買い割あり：2点で2%OFF、3点で3%OFF、最大5%（一部商品適用外）
♪発送と送料：在庫品は1～2営業日以内に発送、再入荷商品は入荷後1～2営業日以内に発送いたします。北海道は基本的に追加送料不要です。沖縄への送料は別途お見積りが必須です。

【商品説明】

組立時重量: Not Applicable
組立時長さ: Not Applicable
組立時幅: Not Applicable
組立時高さ: Not Applicable
主要素材: Particle Board
主要カラー: White",ホワイト,0,N512S460939CL,,,,,,,,,,,,,,,,,,,,,,,,,,,,,,,,,,,,,,,11802,yvGJ5Az6vUpvHpHjMWucqA,1,1,jp13,1,1,1,,,,,,,
"https://b2bfiles1.gigab2b.cn/image/wkseller/301/19c00cd89913669496f925f3ada00a6a.jpg?x-cc=20&x-cu=28909&x-ct=1784098800&x-cs=a7f32471695a57e4b6ce6c2e7e46bff6""","https://b2bfiles1.gigab2b.cn/image/wkseller/301/4201ab06fe37457e7616b5831873dfe7.jpg?x-cc=20&x-cu=28909&x-ct=1784098800&x-cs=d61f832cecfb48b9de4ccd91fddef1c2""","https://b2bfiles1.gigab2b.cn/image/wkseller/301/7c047163c1220f535294ef023e610790.jpg?x-cc=20&x-cu=28909&x-ct=1784098800&x-cs=4bf0dac7b9dbe81f6e1c0cc3e9b92cf2""","https://b2bfiles1.gigab2b.cn/image/wkseller/301/924ee22fc393f1d600e309b0df64723c.jpg?x-cc=20&x-cu=28909&x-ct=1784098800&x-cs=134ce81a608ec98ab0062b7b4e75b2fc""","https://b2bfiles1.gigab2b.cn/image/wkseller/301/45c29b956c86251866578b4803300d05.jpg?x-cc=20&x-cu=28909&x-ct=1784098800&x-cs=a6259f97d9cccc2298ea41bfa0916ba2""","https://b2bfiles1.gigab2b.cn/image/wkseller/301/5e40ececb1d1faedd6dda7d1c72e85a2.jpg?x-cc=20&x-cu=28909&x-ct=1784098800&x-cs=3fc9cf0f275185fa7ce344d03bbd3960""","https://b2bfiles1.gigab2b.cn/image/wkseller/301/1eff6f60f82cf74379124304361afd2d.jpg?x-cc=20&x-cu=28909&x-ct=1784098800&x-cs=81aaa8cafefca56102566c87ac2cb6f5""","https://b2bfiles1.gigab2b.cn/image/wkseller/301/257e6f9e35bad451f28fd2d0dd482b97.jpg?x-cc=20&x-cu=28909&x-ct=1784098800&x-cs=a2069def7c0bd224c8ffb6d2fc9d58bb""","https://b2bfiles1.gigab2b.cn/image/wkseller/301/413e8a3106d1a43e1b7cb53a23ecaccd.jpg?x-cc=20&x-cu=28909&x-ct=1784098800&x-cs=1786520a4fd447d48468577c5f39fe89""","https://b2bfiles1.gigab2b.cn/image/wkseller/301/824771b1ac20904a44c7b03c1f55ad99.jpg?x-cc=20&x-cu=28909&x-ct=1784098800&x-cs=d182ba3acd736a1f4f5949ccc96b94d7""","https://b2bfiles1.gigab2b.cn/image/wkseller/301/70d93276679d5a0256da1f771b7478ee.jpg?x-cc=20&x-cu=28909&x-ct=1784098800&x-cs=2d2f11f8cd6466fd4222bc40d44b8a38""","https://b2bfiles1.gigab2b.cn/image/wkseller/301/66239d91910d134e8ae2b79ae941fdde.jpg?x-cc=20&x-cu=28909&x-ct=1784098800&x-cs=da213380d8cabee4dcf6002e0bb86a6f""","https://b2bfiles1.gigab2b.cn/image/wkseller/301/632f07e20ff60827eab3ee993bd0573b.jpg?x-cc=20&x-cu=28909&x-ct=1784098800&x-cs=8f2f80f103a478c32796a3c7fb53f820""","https://b2bfiles1.gigab2b.cn/image/wkseller/301/89548c2c4b1d66b56d7b4a01cf7526b6.jpg?x-cc=20&x-cu=28909&x-ct=1784098800&x-cs=e9abe87cf749011fa9d4b023d19bdb29""","https://b2bfiles1.gigab2b.cn/image/wkseller/301/47ee69d403eeb35a9bd1b579eb1ddd97.jpg?x-cc=20&x-cu=28909&x-ct=1784098800&x-cs=670bddea68f19c712c8f70be584e55d3""","https://b2bfiles1.gigab2b.cn/image/wkseller/301/36081daa738ef9fa9d9b43bdc048cfb0.jpg?x-cc=20&x-cu=28909&x-ct=1784098800&x-cs=9c49ffa44b3c0fc08055f7628f6ea6e5""","https://b2bfiles1.gigab2b.cn/image/wkseller/301/722f35e7615bba1b933b0490e56fe934.jpg?x-cc=20&x-cu=28909&x-ct=1784098800&x-cs=41f87a7eff573c2bdd09d2a9199fab5f""","https://b2bfiles1.gigab2b.cn/image/wkseller/301/4f01f0db1e496dd4731da964bff90a4f.jpg?x-cc=20&x-cu=28909&x-ct=1784098800&x-cs=3f7bd5a32928845d28bafa0ce9714a40""","https://b2bfiles1.gigab2b.cn/image/wkseller/301/ad0fa3a00684918fe46f998beeabe02e.jpg?x-cc=20&x-cu=28909&x-ct=1784098800&x-cs=6f45e1f6b285119012443973979da301""",https://pub-606bcd6c031442e4959f73b5435fefd1.r2.dev/shipping-guide.png,set【ホワイト】一体分離多用型パソコンデスク パソコンデスク ラック付き デスク ワークデスク 木製 学習デスク,"ホムブリスショップへようこそ
♪すべての商品は未開封の新品です
♪フォロー割あり
♪まとめ買い割あり：2点で2%OFF、3点で3%OFF、最大5%（一部商品適用外）
♪発送と送料：在庫品は1～2営業日以内に発送、再入荷商品は入荷後1～2営業日以内に発送いたします。北海道は基本的に追加送料不要です。沖縄への送料は別途お見積りが必須です。

【商品説明】

組立時重量: Not Applicable
組立時長さ: Not Applicable
組立時幅: Not Applicable
組立時高さ: Not Applicable
主要素材: Particle Board
主要カラー: White",ホワイト,0,N512S460939CM,,,,,,,,,,,,,,,,,,,,,,,,,,,,,,,,,,,,,,,11802,yvGJ5Az6vUpvHpHjMWucqA,1,1,jp13,1,1,1,,,,,,,
"https://b2bfiles1.gigab2b.cn/image/wkseller/301/ecc6e8b3d37971b8189349ec28e3d054.jpg?x-cc=20&x-cu=28909&x-ct=1784098800&x-cs=5c0659820ad6913788adc52494d2e94a""","https://b2bfiles1.gigab2b.cn/image/wkseller/301/4201ab06fe37457e7616b5831873dfe7.jpg?x-cc=20&x-cu=28909&x-ct=1784098800&x-cs=d61f832cecfb48b9de4ccd91fddef1c2""","https://b2bfiles1.gigab2b.cn/image/wkseller/301/7c047163c1220f535294ef023e610790.jpg?x-cc=20&x-cu=28909&x-ct=1784098800&x-cs=4bf0dac7b9dbe81f6e1c0cc3e9b92cf2""","https://b2bfiles1.gigab2b.cn/image/wkseller/301/924ee22fc393f1d600e309b0df64723c.jpg?x-cc=20&x-cu=28909&x-ct=1784098800&x-cs=134ce81a608ec98ab0062b7b4e75b2fc""","https://b2bfiles1.gigab2b.cn/image/wkseller/301/45c29b956c86251866578b4803300d05.jpg?x-cc=20&x-cu=28909&x-ct=1784098800&x-cs=a6259f97d9cccc2298ea41bfa0916ba2""","https://b2bfiles1.gigab2b.cn/image/wkseller/301/5e40ececb1d1faedd6dda7d1c72e85a2.jpg?x-cc=20&x-cu=28909&x-ct=1784098800&x-cs=3fc9cf0f275185fa7ce344d03bbd3960""","https://b2bfiles1.gigab2b.cn/image/wkseller/301/2d8d6d277aa467e596cb635f4f20ee43.jpg?x-cc=20&x-cu=28909&x-ct=1784098800&x-cs=60f2876ba942c86d2e1a02c3093b7e90""","https://b2bfiles1.gigab2b.cn/image/wkseller/301/7bc7439db58b766c817da98430378e6e.jpg?x-cc=20&x-cu=28909&x-ct=1784098800&x-cs=73e44f724b8575aaa824b9a8feb8e0c4""","https://b2bfiles1.gigab2b.cn/image/wkseller/301/1f193fd03beb9972a2bf3bbe095e8fca.jpg?x-cc=20&x-cu=28909&x-ct=1784098800&x-cs=570611b0a2ad88089281dea563b1b829""","https://b2bfiles1.gigab2b.cn/image/wkseller/301/52964533c54928d1afae7e3b70a2e637.jpg?x-cc=20&x-cu=28909&x-ct=1784098800&x-cs=23c832d568e3ed47a2cddab8e6b0102b""","https://b2bfiles1.gigab2b.cn/image/wkseller/301/722f35e7615bba1b933b0490e56fe934.jpg?x-cc=20&x-cu=28909&x-ct=1784098800&x-cs=41f87a7eff573c2bdd09d2a9199fab5f""","https://b2bfiles1.gigab2b.cn/image/wkseller/301/4f01f0db1e496dd4731da964bff90a4f.jpg?x-cc=20&x-cu=28909&x-ct=1784098800&x-cs=3f7bd5a32928845d28bafa0ce9714a40""","https://b2bfiles1.gigab2b.cn/image/wkseller/301/ad0fa3a00684918fe46f998beeabe02e.jpg?x-cc=20&x-cu=28909&x-ct=1784098800&x-cs=6f45e1f6b285119012443973979da301""","https://b2bfiles1.gigab2b.cn/image/wkseller/301/26cf0350bd58dd42d16c327096379730.jpg?x-cc=20&x-cu=28909&x-ct=1784098800&x-cs=c565ee97267c5b2663c693adc2016181""","https://b2bfiles1.gigab2b.cn/image/wkseller/301/e4a6f1405813a963440ff83ae1958e51.jpg?x-cc=20&x-cu=28909&x-ct=1784098800&x-cs=10e10bee381f0955660c8bb9cef67ebb""","https://b2bfiles1.gigab2b.cn/image/wkseller/301/0a5c0a6b649e766a26019ae12705bc3d.jpg?x-cc=20&x-cu=28909&x-ct=1784098800&x-cs=1b4d21c1e6b8cf57fc0fb7ab68646fe1""","https://b2bfiles1.gigab2b.cn/image/wkseller/301/8546c6ca1d6fd5040086ce40780a0759.jpg?x-cc=20&x-cu=28909&x-ct=1784098800&x-cs=56267561fa1a3b3fd021dbcd177d309b""","https://b2bfiles1.gigab2b.cn/image/wkseller/301/29b4b05a80e34e5031507727c1112f85.jpg?x-cc=20&x-cu=28909&x-ct=1784098800&x-cs=6bf0328079f325748fad7e5401bd69f8""","https://b2bfiles1.gigab2b.cn/image/wkseller/301/066668cc46f3bc13d19526c50e0d9a23.jpg?x-cc=20&x-cu=28909&x-ct=1784098800&x-cs=5f806ab58c3b7fce75b5bb041aa53083""",https://pub-606bcd6c031442e4959f73b5435fefd1.r2.dev/shipping-guide.png,set 【ナチュラル】一体分離多用型パソコンデスク パソコンデスク ラック付き デスク ワークデスク 木製 学習デスク,"ホムブリスショップへようこそ
♪すべての商品は未開封の新品です
♪フォロー割あり
♪まとめ買い割あり：2点で2%OFF、3点で3%OFF、最大5%（一部商品適用外）
♪発送と送料：在庫品は1～2営業日以内に発送、再入荷商品は入荷後1～2営業日以内に発送いたします。北海道は基本的に追加送料不要です。沖縄への送料は別途お見積りが必須です。

【商品説明】

組立時重量: Not Applicable
組立時長さ: Not Applicable
組立時幅: Not Applicable
組立時高さ: Not Applicable
主要素材: Particle Board
主要カラー: Natural",ナチュラル,0,N512S460939DA,,,,,,,,,,,,,,,,,,,,,,,,,,,,,,,,,,,,,,,11802,yvGJ5Az6vUpvHpHjMWucqA,1,1,jp13,1,1,1,,,,,,,
"https://b2bfiles1.gigab2b.cn/image/wkseller/301/ecc6e8b3d37971b8189349ec28e3d054.jpg?x-cc=20&x-cu=28909&x-ct=1784098800&x-cs=5c0659820ad6913788adc52494d2e94a""","https://b2bfiles1.gigab2b.cn/image/wkseller/301/4201ab06fe37457e7616b5831873dfe7.jpg?x-cc=20&x-cu=28909&x-ct=1784098800&x-cs=d61f832cecfb48b9de4ccd91fddef1c2""","https://b2bfiles1.gigab2b.cn/image/wkseller/301/7c047163c1220f535294ef023e610790.jpg?x-cc=20&x-cu=28909&x-ct=1784098800&x-cs=4bf0dac7b9dbe81f6e1c0cc3e9b92cf2""","https://b2bfiles1.gigab2b.cn/image/wkseller/301/924ee22fc393f1d600e309b0df64723c.jpg?x-cc=20&x-cu=28909&x-ct=1784098800&x-cs=134ce81a608ec98ab0062b7b4e75b2fc""","https://b2bfiles1.gigab2b.cn/image/wkseller/301/45c29b956c86251866578b4803300d05.jpg?x-cc=20&x-cu=28909&x-ct=1784098800&x-cs=a6259f97d9cccc2298ea41bfa0916ba2""","https://b2bfiles1.gigab2b.cn/image/wkseller/301/5e40ececb1d1faedd6dda7d1c72e85a2.jpg?x-cc=20&x-cu=28909&x-ct=1784098800&x-cs=3fc9cf0f275185fa7ce344d03bbd3960""","https://b2bfiles1.gigab2b.cn/image/wkseller/301/2d8d6d277aa467e596cb635f4f20ee43.jpg?x-cc=20&x-cu=28909&x-ct=1784098800&x-cs=60f2876ba942c86d2e1a02c3093b7e90""","https://b2bfiles1.gigab2b.cn/image/wkseller/301/7bc7439db58b766c817da98430378e6e.jpg?x-cc=20&x-cu=28909&x-ct=1784098800&x-cs=73e44f724b8575aaa824b9a8feb8e0c4""","https://b2bfiles1.gigab2b.cn/image/wkseller/301/1f193fd03beb9972a2bf3bbe095e8fca.jpg?x-cc=20&x-cu=28909&x-ct=1784098800&x-cs=570611b0a2ad88089281dea563b1b829""","https://b2bfiles1.gigab2b.cn/image/wkseller/301/52964533c54928d1afae7e3b70a2e637.jpg?x-cc=20&x-cu=28909&x-ct=1784098800&x-cs=23c832d568e3ed47a2cddab8e6b0102b""","https://b2bfiles1.gigab2b.cn/image/wkseller/301/722f35e7615bba1b933b0490e56fe934.jpg?x-cc=20&x-cu=28909&x-ct=1784098800&x-cs=41f87a7eff573c2bdd09d2a9199fab5f""","https://b2bfiles1.gigab2b.cn/image/wkseller/301/4f01f0db1e496dd4731da964bff90a4f.jpg?x-cc=20&x-cu=28909&x-ct=1784098800&x-cs=3f7bd5a32928845d28bafa0ce9714a40""","https://b2bfiles1.gigab2b.cn/image/wkseller/301/ad0fa3a00684918fe46f998beeabe02e.jpg?x-cc=20&x-cu=28909&x-ct=1784098800&x-cs=6f45e1f6b285119012443973979da301""","https://b2bfiles1.gigab2b.cn/image/wkseller/301/26cf0350bd58dd42d16c327096379730.jpg?x-cc=20&x-cu=28909&x-ct=1784098800&x-cs=c565ee97267c5b2663c693adc2016181""","https://b2bfiles1.gigab2b.cn/image/wkseller/301/e4a6f1405813a963440ff83ae1958e51.jpg?x-cc=20&x-cu=28909&x-ct=1784098800&x-cs=10e10bee381f0955660c8bb9cef67ebb""","https://b2bfiles1.gigab2b.cn/image/wkseller/301/0a5c0a6b649e766a26019ae12705bc3d.jpg?x-cc=20&x-cu=28909&x-ct=1784098800&x-cs=1b4d21c1e6b8cf57fc0fb7ab68646fe1""","https://b2bfiles1.gigab2b.cn/image/wkseller/301/8546c6ca1d6fd5040086ce40780a0759.jpg?x-cc=20&x-cu=28909&x-ct=1784098800&x-cs=56267561fa1a3b3fd021dbcd177d309b""","https://b2bfiles1.gigab2b.cn/image/wkseller/301/29b4b05a80e34e5031507727c1112f85.jpg?x-cc=20&x-cu=28909&x-ct=1784098800&x-cs=6bf0328079f325748fad7e5401bd69f8""","https://b2bfiles1.gigab2b.cn/image/wkseller/301/066668cc46f3bc13d19526c50e0d9a23.jpg?x-cc=20&x-cu=28909&x-ct=1784098800&x-cs=5f806ab58c3b7fce75b5bb041aa53083""",https://pub-606bcd6c031442e4959f73b5435fefd1.r2.dev/shipping-guide.png,set 【ナチュラル】一体分離多用型パソコンデスク パソコンデスク ラック付き デスク ワークデスク 木製 学習デスク,"ホムブリスショップへようこそ
♪すべての商品は未開封の新品です
♪フォロー割あり
♪まとめ買い割あり：2点で2%OFF、3点で3%OFF、最大5%（一部商品適用外）
♪発送と送料：在庫品は1～2営業日以内に発送、再入荷商品は入荷後1～2営業日以内に発送いたします。北海道は基本的に追加送料不要です。沖縄への送料は別途お見積りが必須です。

【商品説明】

組立時重量: Not Applicable
組立時長さ: Not Applicable
組立時幅: Not Applicable
組立時高さ: Not Applicable
主要素材: Particle Board
主要カラー: Natural",ナチュラル,0,N512S460939DG,,,,,,,,,,,,,,,,,,,,,,,,,,,,,,,,,,,,,,,11802,yvGJ5Az6vUpvHpHjMWucqA,1,1,jp13,1,1,1,,,,,,,
"https://b2bfiles1.gigab2b.cn/image/wkseller/301/ecc6e8b3d37971b8189349ec28e3d054.jpg?x-cc=20&x-cu=28909&x-ct=1784098800&x-cs=5c0659820ad6913788adc52494d2e94a""","https://b2bfiles1.gigab2b.cn/image/wkseller/301/4201ab06fe37457e7616b5831873dfe7.jpg?x-cc=20&x-cu=28909&x-ct=1784098800&x-cs=d61f832cecfb48b9de4ccd91fddef1c2""","https://b2bfiles1.gigab2b.cn/image/wkseller/301/7c047163c1220f535294ef023e610790.jpg?x-cc=20&x-cu=28909&x-ct=1784098800&x-cs=4bf0dac7b9dbe81f6e1c0cc3e9b92cf2""","https://b2bfiles1.gigab2b.cn/image/wkseller/301/924ee22fc393f1d600e309b0df64723c.jpg?x-cc=20&x-cu=28909&x-ct=1784098800&x-cs=134ce81a608ec98ab0062b7b4e75b2fc""","https://b2bfiles1.gigab2b.cn/image/wkseller/301/45c29b956c86251866578b4803300d05.jpg?x-cc=20&x-cu=28909&x-ct=1784098800&x-cs=a6259f97d9cccc2298ea41bfa0916ba2""","https://b2bfiles1.gigab2b.cn/image/wkseller/301/5e40ececb1d1faedd6dda7d1c72e85a2.jpg?x-cc=20&x-cu=28909&x-ct=1784098800&x-cs=3fc9cf0f275185fa7ce344d03bbd3960""","https://b2bfiles1.gigab2b.cn/image/wkseller/301/2d8d6d277aa467e596cb635f4f20ee43.jpg?x-cc=20&x-cu=28909&x-ct=1784098800&x-cs=60f2876ba942c86d2e1a02c3093b7e90""","https://b2bfiles1.gigab2b.cn/image/wkseller/301/7bc7439db58b766c817da98430378e6e.jpg?x-cc=20&x-cu=28909&x-ct=1784098800&x-cs=73e44f724b8575aaa824b9a8feb8e0c4""","https://b2bfiles1.gigab2b.cn/image/wkseller/301/1f193fd03beb9972a2bf3bbe095e8fca.jpg?x-cc=20&x-cu=28909&x-ct=1784098800&x-cs=570611b0a2ad88089281dea563b1b829""","https://b2bfiles1.gigab2b.cn/image/wkseller/301/52964533c54928d1afae7e3b70a2e637.jpg?x-cc=20&x-cu=28909&x-ct=1784098800&x-cs=23c832d568e3ed47a2cddab8e6b0102b""","https://b2bfiles1.gigab2b.cn/image/wkseller/301/722f35e7615bba1b933b0490e56fe934.jpg?x-cc=20&x-cu=28909&x-ct=1784098800&x-cs=41f87a7eff573c2bdd09d2a9199fab5f""","https://b2bfiles1.gigab2b.cn/image/wkseller/301/4f01f0db1e496dd4731da964bff90a4f.jpg?x-cc=20&x-cu=28909&x-ct=1784098800&x-cs=3f7bd5a32928845d28bafa0ce9714a40""","https://b2bfiles1.gigab2b.cn/image/wkseller/301/ad0fa3a00684918fe46f998beeabe02e.jpg?x-cc=20&x-cu=28909&x-ct=1784098800&x-cs=6f45e1f6b285119012443973979da301""","https://b2bfiles1.gigab2b.cn/image/wkseller/301/26cf0350bd58dd42d16c327096379730.jpg?x-cc=20&x-cu=28909&x-ct=1784098800&x-cs=c565ee97267c5b2663c693adc2016181""","https://b2bfiles1.gigab2b.cn/image/wkseller/301/e4a6f1405813a963440ff83ae1958e51.jpg?x-cc=20&x-cu=28909&x-ct=1784098800&x-cs=10e10bee381f0955660c8bb9cef67ebb""","https://b2bfiles1.gigab2b.cn/image/wkseller/301/0a5c0a6b649e766a26019ae12705bc3d.jpg?x-cc=20&x-cu=28909&x-ct=1784098800&x-cs=1b4d21c1e6b8cf57fc0fb7ab68646fe1""","https://b2bfiles1.gigab2b.cn/image/wkseller/301/8546c6ca1d6fd5040086ce40780a0759.jpg?x-cc=20&x-cu=28909&x-ct=1784098800&x-cs=56267561fa1a3b3fd021dbcd177d309b""","https://b2bfiles1.gigab2b.cn/image/wkseller/301/29b4b05a80e34e5031507727c1112f85.jpg?x-cc=20&x-cu=28909&x-ct=1784098800&x-cs=6bf0328079f325748fad7e5401bd69f8""","https://b2bfiles1.gigab2b.cn/image/wkseller/301/066668cc46f3bc13d19526c50e0d9a23.jpg?x-cc=20&x-cu=28909&x-ct=1784098800&x-cs=5f806ab58c3b7fce75b5bb041aa53083""",https://pub-606bcd6c031442e4959f73b5435fefd1.r2.dev/shipping-guide.png,set 【ナチュラル】一体分離多用型パソコンデスク パソコンデスク ラック付き デスク ワークデスク 木製 学習デスク,"ホムブリスショップへようこそ
♪すべての商品は未開封の新品です
♪フォロー割あり
♪まとめ買い割あり：2点で2%OFF、3点で3%OFF、最大5%（一部商品適用外）
♪発送と送料：在庫品は1～2営業日以内に発送、再入荷商品は入荷後1～2営業日以内に発送いたします。北海道は基本的に追加送料不要です。沖縄への送料は別途お見積りが必須です。

【商品説明】

組立時重量: Not Applicable
組立時長さ: Not Applicable
組立時幅: Not Applicable
組立時高さ: Not Applicable
主要素材: Particle Board
主要カラー: Natural",ナチュラル,0,N512S460939DH,,,,,,,,,,,,,,,,,,,,,,,,,,,,,,,,,,,,,,,11802,yvGJ5Az6vUpvHpHjMWucqA,1,1,jp13,1,1,1,,,,,,,
"https://b2bfiles1.gigab2b.cn/image/wkseller/301/ecc6e8b3d37971b8189349ec28e3d054.jpg?x-cc=20&x-cu=28909&x-ct=1784098800&x-cs=5c0659820ad6913788adc52494d2e94a""","https://b2bfiles1.gigab2b.cn/image/wkseller/301/4201ab06fe37457e7616b5831873dfe7.jpg?x-cc=20&x-cu=28909&x-ct=1784098800&x-cs=d61f832cecfb48b9de4ccd91fddef1c2""","https://b2bfiles1.gigab2b.cn/image/wkseller/301/7c047163c1220f535294ef023e610790.jpg?x-cc=20&x-cu=28909&x-ct=1784098800&x-cs=4bf0dac7b9dbe81f6e1c0cc3e9b92cf2""","https://b2bfiles1.gigab2b.cn/image/wkseller/301/924ee22fc393f1d600e309b0df64723c.jpg?x-cc=20&x-cu=28909&x-ct=1784098800&x-cs=134ce81a608ec98ab0062b7b4e75b2fc""","https://b2bfiles1.gigab2b.cn/image/wkseller/301/45c29b956c86251866578b4803300d05.jpg?x-cc=20&x-cu=28909&x-ct=1784098800&x-cs=a6259f97d9cccc2298ea41bfa0916ba2""","https://b2bfiles1.gigab2b.cn/image/wkseller/301/5e40ececb1d1faedd6dda7d1c72e85a2.jpg?x-cc=20&x-cu=28909&x-ct=1784098800&x-cs=3fc9cf0f275185fa7ce344d03bbd3960""","https://b2bfiles1.gigab2b.cn/image/wkseller/301/2d8d6d277aa467e596cb635f4f20ee43.jpg?x-cc=20&x-cu=28909&x-ct=1784098800&x-cs=60f2876ba942c86d2e1a02c3093b7e90""","https://b2bfiles1.gigab2b.cn/image/wkseller/301/7bc7439db58b766c817da98430378e6e.jpg?x-cc=20&x-cu=28909&x-ct=1784098800&x-cs=73e44f724b8575aaa824b9a8feb8e0c4""","https://b2bfiles1.gigab2b.cn/image/wkseller/301/1f193fd03beb9972a2bf3bbe095e8fca.jpg?x-cc=20&x-cu=28909&x-ct=1784098800&x-cs=570611b0a2ad88089281dea563b1b829""","https://b2bfiles1.gigab2b.cn/image/wkseller/301/52964533c54928d1afae7e3b70a2e637.jpg?x-cc=20&x-cu=28909&x-ct=1784098800&x-cs=23c832d568e3ed47a2cddab8e6b0102b""","https://b2bfiles1.gigab2b.cn/image/wkseller/301/722f35e7615bba1b933b0490e56fe934.jpg?x-cc=20&x-cu=28909&x-ct=1784098800&x-cs=41f87a7eff573c2bdd09d2a9199fab5f""","https://b2bfiles1.gigab2b.cn/image/wkseller/301/4f01f0db1e496dd4731da964bff90a4f.jpg?x-cc=20&x-cu=28909&x-ct=1784098800&x-cs=3f7bd5a32928845d28bafa0ce9714a40""","https://b2bfiles1.gigab2b.cn/image/wkseller/301/ad0fa3a00684918fe46f998beeabe02e.jpg?x-cc=20&x-cu=28909&x-ct=1784098800&x-cs=6f45e1f6b285119012443973979da301""","https://b2bfiles1.gigab2b.cn/image/wkseller/301/26cf0350bd58dd42d16c327096379730.jpg?x-cc=20&x-cu=28909&x-ct=1784098800&x-cs=c565ee97267c5b2663c693adc2016181""","https://b2bfiles1.gigab2b.cn/image/wkseller/301/e4a6f1405813a963440ff83ae1958e51.jpg?x-cc=20&x-cu=28909&x-ct=1784098800&x-cs=10e10bee381f0955660c8bb9cef67ebb""","https://b2bfiles1.gigab2b.cn/image/wkseller/301/0a5c0a6b649e766a26019ae12705bc3d.jpg?x-cc=20&x-cu=28909&x-ct=1784098800&x-cs=1b4d21c1e6b8cf57fc0fb7ab68646fe1""","https://b2bfiles1.gigab2b.cn/image/wkseller/301/8546c6ca1d6fd5040086ce40780a0759.jpg?x-cc=20&x-cu=28909&x-ct=1784098800&x-cs=56267561fa1a3b3fd021dbcd177d309b""","https://b2bfiles1.gigab2b.cn/image/wkseller/301/29b4b05a80e34e5031507727c1112f85.jpg?x-cc=20&x-cu=28909&x-ct=1784098800&x-cs=6bf0328079f325748fad7e5401bd69f8""","https://b2bfiles1.gigab2b.cn/image/wkseller/301/066668cc46f3bc13d19526c50e0d9a23.jpg?x-cc=20&x-cu=28909&x-ct=1784098800&x-cs=5f806ab58c3b7fce75b5bb041aa53083""",https://pub-606bcd6c031442e4959f73b5435fefd1.r2.dev/shipping-guide.png,set 【ナチュラル】一体分離多用型パソコンデスク パソコンデスク ラック付き デスク ワークデスク 木製 学習デスク,"ホムブリスショップへようこそ
♪すべての商品は未開封の新品です
♪フォロー割あり
♪まとめ買い割あり：2点で2%OFF、3点で3%OFF、最大5%（一部商品適用外）
♪発送と送料：在庫品は1～2営業日以内に発送、再入荷商品は入荷後1～2営業日以内に発送いたします。北海道は基本的に追加送料不要です。沖縄への送料は別途お見積りが必須です。

【商品説明】

組立時重量: Not Applicable
組立時長さ: Not Applicable
組立時幅: Not Applicable
組立時高さ: Not Applicable
主要素材: Particle Board
主要カラー: Natural",ナチュラル,0,N512S460939DJ,,,,,,,,,,,,,,,,,,,,,,,,,,,,,,,,,,,,,,,11802,yvGJ5Az6vUpvHpHjMWucqA,1,1,jp13,1,1,1,,,,,,,
"https://b2bfiles1.gigab2b.cn/image/wkseller/301/ecc6e8b3d37971b8189349ec28e3d054.jpg?x-cc=20&x-cu=28909&x-ct=1784098800&x-cs=5c0659820ad6913788adc52494d2e94a""","https://b2bfiles1.gigab2b.cn/image/wkseller/301/4201ab06fe37457e7616b5831873dfe7.jpg?x-cc=20&x-cu=28909&x-ct=1784098800&x-cs=d61f832cecfb48b9de4ccd91fddef1c2""","https://b2bfiles1.gigab2b.cn/image/wkseller/301/7c047163c1220f535294ef023e610790.jpg?x-cc=20&x-cu=28909&x-ct=1784098800&x-cs=4bf0dac7b9dbe81f6e1c0cc3e9b92cf2""","https://b2bfiles1.gigab2b.cn/image/wkseller/301/924ee22fc393f1d600e309b0df64723c.jpg?x-cc=20&x-cu=28909&x-ct=1784098800&x-cs=134ce81a608ec98ab0062b7b4e75b2fc""","https://b2bfiles1.gigab2b.cn/image/wkseller/301/45c29b956c86251866578b4803300d05.jpg?x-cc=20&x-cu=28909&x-ct=1784098800&x-cs=a6259f97d9cccc2298ea41bfa0916ba2""","https://b2bfiles1.gigab2b.cn/image/wkseller/301/5e40ececb1d1faedd6dda7d1c72e85a2.jpg?x-cc=20&x-cu=28909&x-ct=1784098800&x-cs=3fc9cf0f275185fa7ce344d03bbd3960""","https://b2bfiles1.gigab2b.cn/image/wkseller/301/2d8d6d277aa467e596cb635f4f20ee43.jpg?x-cc=20&x-cu=28909&x-ct=1784098800&x-cs=60f2876ba942c86d2e1a02c3093b7e90""","https://b2bfiles1.gigab2b.cn/image/wkseller/301/7bc7439db58b766c817da98430378e6e.jpg?x-cc=20&x-cu=28909&x-ct=1784098800&x-cs=73e44f724b8575aaa824b9a8feb8e0c4""","https://b2bfiles1.gigab2b.cn/image/wkseller/301/1f193fd03beb9972a2bf3bbe095e8fca.jpg?x-cc=20&x-cu=28909&x-ct=1784098800&x-cs=570611b0a2ad88089281dea563b1b829""","https://b2bfiles1.gigab2b.cn/image/wkseller/301/52964533c54928d1afae7e3b70a2e637.jpg?x-cc=20&x-cu=28909&x-ct=1784098800&x-cs=23c832d568e3ed47a2cddab8e6b0102b""","https://b2bfiles1.gigab2b.cn/image/wkseller/301/722f35e7615bba1b933b0490e56fe934.jpg?x-cc=20&x-cu=28909&x-ct=1784098800&x-cs=41f87a7eff573c2bdd09d2a9199fab5f""","https://b2bfiles1.gigab2b.cn/image/wkseller/301/4f01f0db1e496dd4731da964bff90a4f.jpg?x-cc=20&x-cu=28909&x-ct=1784098800&x-cs=3f7bd5a32928845d28bafa0ce9714a40""","https://b2bfiles1.gigab2b.cn/image/wkseller/301/ad0fa3a00684918fe46f998beeabe02e.jpg?x-cc=20&x-cu=28909&x-ct=1784098800&x-cs=6f45e1f6b285119012443973979da301""","https://b2bfiles1.gigab2b.cn/image/wkseller/301/26cf0350bd58dd42d16c327096379730.jpg?x-cc=20&x-cu=28909&x-ct=1784098800&x-cs=c565ee97267c5b2663c693adc2016181""","https://b2bfiles1.gigab2b.cn/image/wkseller/301/e4a6f1405813a963440ff83ae1958e51.jpg?x-cc=20&x-cu=28909&x-ct=1784098800&x-cs=10e10bee381f0955660c8bb9cef67ebb""","https://b2bfiles1.gigab2b.cn/image/wkseller/301/0a5c0a6b649e766a26019ae12705bc3d.jpg?x-cc=20&x-cu=28909&x-ct=1784098800&x-cs=1b4d21c1e6b8cf57fc0fb7ab68646fe1""","https://b2bfiles1.gigab2b.cn/image/wkseller/301/8546c6ca1d6fd5040086ce40780a0759.jpg?x-cc=20&x-cu=28909&x-ct=1784098800&x-cs=56267561fa1a3b3fd021dbcd177d309b""","https://b2bfiles1.gigab2b.cn/image/wkseller/301/29b4b05a80e34e5031507727c1112f85.jpg?x-cc=20&x-cu=28909&x-ct=1784098800&x-cs=6bf0328079f325748fad7e5401bd69f8""","https://b2bfiles1.gigab2b.cn/image/wkseller/301/066668cc46f3bc13d19526c50e0d9a23.jpg?x-cc=20&x-cu=28909&x-ct=1784098800&x-cs=5f806ab58c3b7fce75b5bb041aa53083""",https://pub-606bcd6c031442e4959f73b5435fefd1.r2.dev/shipping-guide.png,set 【ナチュラル】一体分離多用型パソコンデスク パソコンデスク ラック付き デスク ワークデスク 木製 学習デスク,"ホムブリスショップへようこそ
♪すべての商品は未開封の新品です
♪フォロー割あり
♪まとめ買い割あり：2点で2%OFF、3点で3%OFF、最大5%（一部商品適用外）
♪発送と送料：在庫品は1～2営業日以内に発送、再入荷商品は入荷後1～2営業日以内に発送いたします。北海道は基本的に追加送料不要です。沖縄への送料は別途お見積りが必須です。

【商品説明】

組立時重量: Not Applicable
組立時長さ: Not Applicable
組立時幅: Not Applicable
組立時高さ: Not Applicable
主要素材: Particle Board
主要カラー: Natural",ナチュラル,0,N512S460939DK,,,,,,,,,,,,,,,,,,,,,,,,,,,,,,,,,,,,,,,11802,yvGJ5Az6vUpvHpHjMWucqA,1,1,jp13,1,1,1,,,,,,,
"https://b2bfiles1.gigab2b.cn/image/wkseller/301/ecc6e8b3d37971b8189349ec28e3d054.jpg?x-cc=20&x-cu=28909&x-ct=1784098800&x-cs=5c0659820ad6913788adc52494d2e94a""","https://b2bfiles1.gigab2b.cn/image/wkseller/301/4201ab06fe37457e7616b5831873dfe7.jpg?x-cc=20&x-cu=28909&x-ct=1784098800&x-cs=d61f832cecfb48b9de4ccd91fddef1c2""","https://b2bfiles1.gigab2b.cn/image/wkseller/301/7c047163c1220f535294ef023e610790.jpg?x-cc=20&x-cu=28909&x-ct=1784098800&x-cs=4bf0dac7b9dbe81f6e1c0cc3e9b92cf2""","https://b2bfiles1.gigab2b.cn/image/wkseller/301/924ee22fc393f1d600e309b0df64723c.jpg?x-cc=20&x-cu=28909&x-ct=1784098800&x-cs=134ce81a608ec98ab0062b7b4e75b2fc""","https://b2bfiles1.gigab2b.cn/image/wkseller/301/45c29b956c86251866578b4803300d05.jpg?x-cc=20&x-cu=28909&x-ct=1784098800&x-cs=a6259f97d9cccc2298ea41bfa0916ba2""","https://b2bfiles1.gigab2b.cn/image/wkseller/301/5e40ececb1d1faedd6dda7d1c72e85a2.jpg?x-cc=20&x-cu=28909&x-ct=1784098800&x-cs=3fc9cf0f275185fa7ce344d03bbd3960""","https://b2bfiles1.gigab2b.cn/image/wkseller/301/2d8d6d277aa467e596cb635f4f20ee43.jpg?x-cc=20&x-cu=28909&x-ct=1784098800&x-cs=60f2876ba942c86d2e1a02c3093b7e90""","https://b2bfiles1.gigab2b.cn/image/wkseller/301/7bc7439db58b766c817da98430378e6e.jpg?x-cc=20&x-cu=28909&x-ct=1784098800&x-cs=73e44f724b8575aaa824b9a8feb8e0c4""","https://b2bfiles1.gigab2b.cn/image/wkseller/301/1f193fd03beb9972a2bf3bbe095e8fca.jpg?x-cc=20&x-cu=28909&x-ct=1784098800&x-cs=570611b0a2ad88089281dea563b1b829""","https://b2bfiles1.gigab2b.cn/image/wkseller/301/52964533c54928d1afae7e3b70a2e637.jpg?x-cc=20&x-cu=28909&x-ct=1784098800&x-cs=23c832d568e3ed47a2cddab8e6b0102b""","https://b2bfiles1.gigab2b.cn/image/wkseller/301/722f35e7615bba1b933b0490e56fe934.jpg?x-cc=20&x-cu=28909&x-ct=1784098800&x-cs=41f87a7eff573c2bdd09d2a9199fab5f""","https://b2bfiles1.gigab2b.cn/image/wkseller/301/4f01f0db1e496dd4731da964bff90a4f.jpg?x-cc=20&x-cu=28909&x-ct=1784098800&x-cs=3f7bd5a32928845d28bafa0ce9714a40""","https://b2bfiles1.gigab2b.cn/image/wkseller/301/ad0fa3a00684918fe46f998beeabe02e.jpg?x-cc=20&x-cu=28909&x-ct=1784098800&x-cs=6f45e1f6b285119012443973979da301""","https://b2bfiles1.gigab2b.cn/image/wkseller/301/26cf0350bd58dd42d16c327096379730.jpg?x-cc=20&x-cu=28909&x-ct=1784098800&x-cs=c565ee97267c5b2663c693adc2016181""","https://b2bfiles1.gigab2b.cn/image/wkseller/301/e4a6f1405813a963440ff83ae1958e51.jpg?x-cc=20&x-cu=28909&x-ct=1784098800&x-cs=10e10bee381f0955660c8bb9cef67ebb""","https://b2bfiles1.gigab2b.cn/image/wkseller/301/0a5c0a6b649e766a26019ae12705bc3d.jpg?x-cc=20&x-cu=28909&x-ct=1784098800&x-cs=1b4d21c1e6b8cf57fc0fb7ab68646fe1""","https://b2bfiles1.gigab2b.cn/image/wkseller/301/8546c6ca1d6fd5040086ce40780a0759.jpg?x-cc=20&x-cu=28909&x-ct=1784098800&x-cs=56267561fa1a3b3fd021dbcd177d309b""","https://b2bfiles1.gigab2b.cn/image/wkseller/301/29b4b05a80e34e5031507727c1112f85.jpg?x-cc=20&x-cu=28909&x-ct=1784098800&x-cs=6bf0328079f325748fad7e5401bd69f8""","https://b2bfiles1.gigab2b.cn/image/wkseller/301/066668cc46f3bc13d19526c50e0d9a23.jpg?x-cc=20&x-cu=28909&x-ct=1784098800&x-cs=5f806ab58c3b7fce75b5bb041aa53083""",https://pub-606bcd6c031442e4959f73b5435fefd1.r2.dev/shipping-guide.png,set 【ナチュラル】一体分離多用型パソコンデスク パソコンデスク ラック付き デスク ワークデスク 木製 学習デスク,"ホムブリスショップへようこそ
♪すべての商品は未開封の新品です
♪フォロー割あり
♪まとめ買い割あり：2点で2%OFF、3点で3%OFF、最大5%（一部商品適用外）
♪発送と送料：在庫品は1～2営業日以内に発送、再入荷商品は入荷後1～2営業日以内に発送いたします。北海道は基本的に追加送料不要です。沖縄への送料は別途お見積りが必須です。

【商品説明】

組立時重量: Not Applicable
組立時長さ: Not Applicable
組立時幅: Not Applicable
組立時高さ: Not Applicable
主要素材: Particle Board
主要カラー: Natural",ナチュラル,0,N512S460939DL,,,,,,,,,,,,,,,,,,,,,,,,,,,,,,,,,,,,,,,11802,yvGJ5Az6vUpvHpHjMWucqA,1,1,jp13,1,1,1,,,,,,,
"https://b2bfiles1.gigab2b.cn/image/wkseller/301/ecc6e8b3d37971b8189349ec28e3d054.jpg?x-cc=20&x-cu=28909&x-ct=1784098800&x-cs=5c0659820ad6913788adc52494d2e94a""","https://b2bfiles1.gigab2b.cn/image/wkseller/301/4201ab06fe37457e7616b5831873dfe7.jpg?x-cc=20&x-cu=28909&x-ct=1784098800&x-cs=d61f832cecfb48b9de4ccd91fddef1c2""","https://b2bfiles1.gigab2b.cn/image/wkseller/301/7c047163c1220f535294ef023e610790.jpg?x-cc=20&x-cu=28909&x-ct=1784098800&x-cs=4bf0dac7b9dbe81f6e1c0cc3e9b92cf2""","https://b2bfiles1.gigab2b.cn/image/wkseller/301/924ee22fc393f1d600e309b0df64723c.jpg?x-cc=20&x-cu=28909&x-ct=1784098800&x-cs=134ce81a608ec98ab0062b7b4e75b2fc""","https://b2bfiles1.gigab2b.cn/image/wkseller/301/45c29b956c86251866578b4803300d05.jpg?x-cc=20&x-cu=28909&x-ct=1784098800&x-cs=a6259f97d9cccc2298ea41bfa0916ba2""","https://b2bfiles1.gigab2b.cn/image/wkseller/301/5e40ececb1d1faedd6dda7d1c72e85a2.jpg?x-cc=20&x-cu=28909&x-ct=1784098800&x-cs=3fc9cf0f275185fa7ce344d03bbd3960""","https://b2bfiles1.gigab2b.cn/image/wkseller/301/2d8d6d277aa467e596cb635f4f20ee43.jpg?x-cc=20&x-cu=28909&x-ct=1784098800&x-cs=60f2876ba942c86d2e1a02c3093b7e90""","https://b2bfiles1.gigab2b.cn/image/wkseller/301/7bc7439db58b766c817da98430378e6e.jpg?x-cc=20&x-cu=28909&x-ct=1784098800&x-cs=73e44f724b8575aaa824b9a8feb8e0c4""","https://b2bfiles1.gigab2b.cn/image/wkseller/301/1f193fd03beb9972a2bf3bbe095e8fca.jpg?x-cc=20&x-cu=28909&x-ct=1784098800&x-cs=570611b0a2ad88089281dea563b1b829""","https://b2bfiles1.gigab2b.cn/image/wkseller/301/52964533c54928d1afae7e3b70a2e637.jpg?x-cc=20&x-cu=28909&x-ct=1784098800&x-cs=23c832d568e3ed47a2cddab8e6b0102b""","https://b2bfiles1.gigab2b.cn/image/wkseller/301/722f35e7615bba1b933b0490e56fe934.jpg?x-cc=20&x-cu=28909&x-ct=1784098800&x-cs=41f87a7eff573c2bdd09d2a9199fab5f""","https://b2bfiles1.gigab2b.cn/image/wkseller/301/4f01f0db1e496dd4731da964bff90a4f.jpg?x-cc=20&x-cu=28909&x-ct=1784098800&x-cs=3f7bd5a32928845d28bafa0ce9714a40""","https://b2bfiles1.gigab2b.cn/image/wkseller/301/ad0fa3a00684918fe46f998beeabe02e.jpg?x-cc=20&x-cu=28909&x-ct=1784098800&x-cs=6f45e1f6b285119012443973979da301""","https://b2bfiles1.gigab2b.cn/image/wkseller/301/26cf0350bd58dd42d16c327096379730.jpg?x-cc=20&x-cu=28909&x-ct=1784098800&x-cs=c565ee97267c5b2663c693adc2016181""","https://b2bfiles1.gigab2b.cn/image/wkseller/301/e4a6f1405813a963440ff83ae1958e51.jpg?x-cc=20&x-cu=28909&x-ct=1784098800&x-cs=10e10bee381f0955660c8bb9cef67ebb""","https://b2bfiles1.gigab2b.cn/image/wkseller/301/0a5c0a6b649e766a26019ae12705bc3d.jpg?x-cc=20&x-cu=28909&x-ct=1784098800&x-cs=1b4d21c1e6b8cf57fc0fb7ab68646fe1""","https://b2bfiles1.gigab2b.cn/image/wkseller/301/8546c6ca1d6fd5040086ce40780a0759.jpg?x-cc=20&x-cu=28909&x-ct=1784098800&x-cs=56267561fa1a3b3fd021dbcd177d309b""","https://b2bfiles1.gigab2b.cn/image/wkseller/301/29b4b05a80e34e5031507727c1112f85.jpg?x-cc=20&x-cu=28909&x-ct=1784098800&x-cs=6bf0328079f325748fad7e5401bd69f8""","https://b2bfiles1.gigab2b.cn/image/wkseller/301/066668cc46f3bc13d19526c50e0d9a23.jpg?x-cc=20&x-cu=28909&x-ct=1784098800&x-cs=5f806ab58c3b7fce75b5bb041aa53083""",https://pub-606bcd6c031442e4959f73b5435fefd1.r2.dev/shipping-guide.png,set 【ナチュラル】一体分離多用型パソコンデスク パソコンデスク ラック付き デスク ワークデスク 木製 学習デスク,"ホムブリスショップへようこそ
♪すべての商品は未開封の新品です
♪フォロー割あり
♪まとめ買い割あり：2点で2%OFF、3点で3%OFF、最大5%（一部商品適用外）
♪発送と送料：在庫品は1～2営業日以内に発送、再入荷商品は入荷後1～2営業日以内に発送いたします。北海道は基本的に追加送料不要です。沖縄への送料は別途お見積りが必須です。

【商品説明】

組立時重量: Not Applicable
組立時長さ: Not Applicable
組立時幅: Not Applicable
組立時高さ: Not Applicable
主要素材: Particle Board
主要カラー: Natural",ナチュラル,0,N512S460939DM,,,,,,,,,,,,,,,,,,,,,,,,,,,,,,,,,,,,,,,11802,yvGJ5Az6vUpvHpHjMWucqA,1,1,jp13,1,1,1,,,,,,,
"https://b2bfiles1.gigab2b.cn/image/wkseller/301/99667b98102beeeffa4fc2170ffd9dcc.jpg?x-cc=20&x-cu=28909&x-ct=1784098800&x-cs=6890b3ee69b44f978b9128ff8dc73428""","https://b2bfiles1.gigab2b.cn/image/wkseller/301/4201ab06fe37457e7616b5831873dfe7.jpg?x-cc=20&x-cu=28909&x-ct=1784098800&x-cs=d61f832cecfb48b9de4ccd91fddef1c2""","https://b2bfiles1.gigab2b.cn/image/wkseller/301/924ee22fc393f1d600e309b0df64723c.jpg?x-cc=20&x-cu=28909&x-ct=1784098800&x-cs=134ce81a608ec98ab0062b7b4e75b2fc""","https://b2bfiles1.gigab2b.cn/image/wkseller/301/7c047163c1220f535294ef023e610790.jpg?x-cc=20&x-cu=28909&x-ct=1784098800&x-cs=4bf0dac7b9dbe81f6e1c0cc3e9b92cf2""","https://b2bfiles1.gigab2b.cn/image/wkseller/301/45c29b956c86251866578b4803300d05.jpg?x-cc=20&x-cu=28909&x-ct=1784098800&x-cs=a6259f97d9cccc2298ea41bfa0916ba2""","https://b2bfiles1.gigab2b.cn/image/wkseller/301/5e40ececb1d1faedd6dda7d1c72e85a2.jpg?x-cc=20&x-cu=28909&x-ct=1784098800&x-cs=3fc9cf0f275185fa7ce344d03bbd3960""","https://b2bfiles1.gigab2b.cn/image/wkseller/301/857c2fce9a11f164b972e72548ad3f95.jpg?x-cc=20&x-cu=28909&x-ct=1784098800&x-cs=b32927a84d377a88c28cd573027c5f49""","https://b2bfiles1.gigab2b.cn/image/wkseller/301/722f35e7615bba1b933b0490e56fe934.jpg?x-cc=20&x-cu=28909&x-ct=1784098800&x-cs=41f87a7eff573c2bdd09d2a9199fab5f""","https://b2bfiles1.gigab2b.cn/image/wkseller/301/4f01f0db1e496dd4731da964bff90a4f.jpg?x-cc=20&x-cu=28909&x-ct=1784098800&x-cs=3f7bd5a32928845d28bafa0ce9714a40""","https://b2bfiles1.gigab2b.cn/image/wkseller/301/ad0fa3a00684918fe46f998beeabe02e.jpg?x-cc=20&x-cu=28909&x-ct=1784098800&x-cs=6f45e1f6b285119012443973979da301""","https://b2bfiles1.gigab2b.cn/image/wkseller/301/52964533c54928d1afae7e3b70a2e637.jpg?x-cc=20&x-cu=28909&x-ct=1784098800&x-cs=23c832d568e3ed47a2cddab8e6b0102b""","https://b2bfiles1.gigab2b.cn/image/wkseller/301/e4a6f1405813a963440ff83ae1958e51.jpg?x-cc=20&x-cu=28909&x-ct=1784098800&x-cs=10e10bee381f0955660c8bb9cef67ebb""","https://b2bfiles1.gigab2b.cn/image/wkseller/301/0a5c0a6b649e766a26019ae12705bc3d.jpg?x-cc=20&x-cu=28909&x-ct=1784098800&x-cs=1b4d21c1e6b8cf57fc0fb7ab68646fe1""","https://b2bfiles1.gigab2b.cn/image/wkseller/301/26cf0350bd58dd42d16c327096379730.jpg?x-cc=20&x-cu=28909&x-ct=1784098800&x-cs=c565ee97267c5b2663c693adc2016181""","https://b2bfiles1.gigab2b.cn/image/wkseller/301/7bc7439db58b766c817da98430378e6e.jpg?x-cc=20&x-cu=28909&x-ct=1784098800&x-cs=73e44f724b8575aaa824b9a8feb8e0c4""","https://b2bfiles1.gigab2b.cn/image/wkseller/301/8546c6ca1d6fd5040086ce40780a0759.jpg?x-cc=20&x-cu=28909&x-ct=1784098800&x-cs=56267561fa1a3b3fd021dbcd177d309b""]",https://pub-606bcd6c031442e4959f73b5435fefd1.r2.dev/shipping-guide.png,,,,【ダークブラウン】一体分離多用型パソコンデスク パソコンデスク ラック付き デスク ワークデスク 木製 学習デスク,"ホムブリスショップへようこそ
♪すべての商品は未開封の新品です
♪フォロー割あり
♪まとめ買い割あり：2点で2%OFF、3点で3%OFF、最大5%（一部商品適用外）
♪発送と送料：在庫品は1～2営業日以内に発送、再入荷商品は入荷後1～2営業日以内に発送いたします。北海道は基本的に追加送料不要です。沖縄への送料は別途お見積りが必須です。

【商品説明】

組立時重量: Not Applicable
組立時長さ: Not Applicable
組立時幅: Not Applicable
組立時高さ: Not Applicable
主要素材: Particle Board
主要カラー: Dark Brown",ダークブラウン,0,N512S460939EA,,,,,,,,,,,,,,,,,,,,,,,,,,,,,,,,,,,,,,,11802,yvGJ5Az6vUpvHpHjMWucqA,1,1,jp13,1,1,1,,,,,,,
"https://b2bfiles1.gigab2b.cn/image/wkseller/301/99667b98102beeeffa4fc2170ffd9dcc.jpg?x-cc=20&x-cu=28909&x-ct=1784098800&x-cs=6890b3ee69b44f978b9128ff8dc73428""","https://b2bfiles1.gigab2b.cn/image/wkseller/301/4201ab06fe37457e7616b5831873dfe7.jpg?x-cc=20&x-cu=28909&x-ct=1784098800&x-cs=d61f832cecfb48b9de4ccd91fddef1c2""","https://b2bfiles1.gigab2b.cn/image/wkseller/301/924ee22fc393f1d600e309b0df64723c.jpg?x-cc=20&x-cu=28909&x-ct=1784098800&x-cs=134ce81a608ec98ab0062b7b4e75b2fc""","https://b2bfiles1.gigab2b.cn/image/wkseller/301/7c047163c1220f535294ef023e610790.jpg?x-cc=20&x-cu=28909&x-ct=1784098800&x-cs=4bf0dac7b9dbe81f6e1c0cc3e9b92cf2""","https://b2bfiles1.gigab2b.cn/image/wkseller/301/45c29b956c86251866578b4803300d05.jpg?x-cc=20&x-cu=28909&x-ct=1784098800&x-cs=a6259f97d9cccc2298ea41bfa0916ba2""","https://b2bfiles1.gigab2b.cn/image/wkseller/301/5e40ececb1d1faedd6dda7d1c72e85a2.jpg?x-cc=20&x-cu=28909&x-ct=1784098800&x-cs=3fc9cf0f275185fa7ce344d03bbd3960""","https://b2bfiles1.gigab2b.cn/image/wkseller/301/857c2fce9a11f164b972e72548ad3f95.jpg?x-cc=20&x-cu=28909&x-ct=1784098800&x-cs=b32927a84d377a88c28cd573027c5f49""","https://b2bfiles1.gigab2b.cn/image/wkseller/301/722f35e7615bba1b933b0490e56fe934.jpg?x-cc=20&x-cu=28909&x-ct=1784098800&x-cs=41f87a7eff573c2bdd09d2a9199fab5f""","https://b2bfiles1.gigab2b.cn/image/wkseller/301/4f01f0db1e496dd4731da964bff90a4f.jpg?x-cc=20&x-cu=28909&x-ct=1784098800&x-cs=3f7bd5a32928845d28bafa0ce9714a40""","https://b2bfiles1.gigab2b.cn/image/wkseller/301/ad0fa3a00684918fe46f998beeabe02e.jpg?x-cc=20&x-cu=28909&x-ct=1784098800&x-cs=6f45e1f6b285119012443973979da301""","https://b2bfiles1.gigab2b.cn/image/wkseller/301/52964533c54928d1afae7e3b70a2e637.jpg?x-cc=20&x-cu=28909&x-ct=1784098800&x-cs=23c832d568e3ed47a2cddab8e6b0102b""","https://b2bfiles1.gigab2b.cn/image/wkseller/301/e4a6f1405813a963440ff83ae1958e51.jpg?x-cc=20&x-cu=28909&x-ct=1784098800&x-cs=10e10bee381f0955660c8bb9cef67ebb""","https://b2bfiles1.gigab2b.cn/image/wkseller/301/0a5c0a6b649e766a26019ae12705bc3d.jpg?x-cc=20&x-cu=28909&x-ct=1784098800&x-cs=1b4d21c1e6b8cf57fc0fb7ab68646fe1""","https://b2bfiles1.gigab2b.cn/image/wkseller/301/26cf0350bd58dd42d16c327096379730.jpg?x-cc=20&x-cu=28909&x-ct=1784098800&x-cs=c565ee97267c5b2663c693adc2016181""","https://b2bfiles1.gigab2b.cn/image/wkseller/301/7bc7439db58b766c817da98430378e6e.jpg?x-cc=20&x-cu=28909&x-ct=1784098800&x-cs=73e44f724b8575aaa824b9a8feb8e0c4""","https://b2bfiles1.gigab2b.cn/image/wkseller/301/8546c6ca1d6fd5040086ce40780a0759.jpg?x-cc=20&x-cu=28909&x-ct=1784098800&x-cs=56267561fa1a3b3fd021dbcd177d309b""]",https://pub-606bcd6c031442e4959f73b5435fefd1.r2.dev/shipping-guide.png,,,,【ダークブラウン】一体分離多用型パソコンデスク パソコンデスク ラック付き デスク ワークデスク 木製 学習デスク,"ホムブリスショップへようこそ
♪すべての商品は未開封の新品です
♪フォロー割あり
♪まとめ買い割あり：2点で2%OFF、3点で3%OFF、最大5%（一部商品適用外）
♪発送と送料：在庫品は1～2営業日以内に発送、再入荷商品は入荷後1～2営業日以内に発送いたします。北海道は基本的に追加送料不要です。沖縄への送料は別途お見積りが必須です。

【商品説明】

組立時重量: Not Applicable
組立時長さ: Not Applicable
組立時幅: Not Applicable
組立時高さ: Not Applicable
主要素材: Particle Board
主要カラー: Dark Brown",ダークブラウン,0,N512S460939EH,,,,,,,,,,,,,,,,,,,,,,,,,,,,,,,,,,,,,,,11802,yvGJ5Az6vUpvHpHjMWucqA,1,1,jp13,1,1,1,,,,,,,
"https://b2bfiles1.gigab2b.cn/image/wkseller/301/99667b98102beeeffa4fc2170ffd9dcc.jpg?x-cc=20&x-cu=28909&x-ct=1784098800&x-cs=6890b3ee69b44f978b9128ff8dc73428""","https://b2bfiles1.gigab2b.cn/image/wkseller/301/4201ab06fe37457e7616b5831873dfe7.jpg?x-cc=20&x-cu=28909&x-ct=1784098800&x-cs=d61f832cecfb48b9de4ccd91fddef1c2""","https://b2bfiles1.gigab2b.cn/image/wkseller/301/924ee22fc393f1d600e309b0df64723c.jpg?x-cc=20&x-cu=28909&x-ct=1784098800&x-cs=134ce81a608ec98ab0062b7b4e75b2fc""","https://b2bfiles1.gigab2b.cn/image/wkseller/301/7c047163c1220f535294ef023e610790.jpg?x-cc=20&x-cu=28909&x-ct=1784098800&x-cs=4bf0dac7b9dbe81f6e1c0cc3e9b92cf2""","https://b2bfiles1.gigab2b.cn/image/wkseller/301/45c29b956c86251866578b4803300d05.jpg?x-cc=20&x-cu=28909&x-ct=1784098800&x-cs=a6259f97d9cccc2298ea41bfa0916ba2""","https://b2bfiles1.gigab2b.cn/image/wkseller/301/5e40ececb1d1faedd6dda7d1c72e85a2.jpg?x-cc=20&x-cu=28909&x-ct=1784098800&x-cs=3fc9cf0f275185fa7ce344d03bbd3960""","https://b2bfiles1.gigab2b.cn/image/wkseller/301/857c2fce9a11f164b972e72548ad3f95.jpg?x-cc=20&x-cu=28909&x-ct=1784098800&x-cs=b32927a84d377a88c28cd573027c5f49""","https://b2bfiles1.gigab2b.cn/image/wkseller/301/722f35e7615bba1b933b0490e56fe934.jpg?x-cc=20&x-cu=28909&x-ct=1784098800&x-cs=41f87a7eff573c2bdd09d2a9199fab5f""","https://b2bfiles1.gigab2b.cn/image/wkseller/301/4f01f0db1e496dd4731da964bff90a4f.jpg?x-cc=20&x-cu=28909&x-ct=1784098800&x-cs=3f7bd5a32928845d28bafa0ce9714a40""","https://b2bfiles1.gigab2b.cn/image/wkseller/301/ad0fa3a00684918fe46f998beeabe02e.jpg?x-cc=20&x-cu=28909&x-ct=1784098800&x-cs=6f45e1f6b285119012443973979da301""","https://b2bfiles1.gigab2b.cn/image/wkseller/301/52964533c54928d1afae7e3b70a2e637.jpg?x-cc=20&x-cu=28909&x-ct=1784098800&x-cs=23c832d568e3ed47a2cddab8e6b0102b""","https://b2bfiles1.gigab2b.cn/image/wkseller/301/e4a6f1405813a963440ff83ae1958e51.jpg?x-cc=20&x-cu=28909&x-ct=1784098800&x-cs=10e10bee381f0955660c8bb9cef67ebb""","https://b2bfiles1.gigab2b.cn/image/wkseller/301/0a5c0a6b649e766a26019ae12705bc3d.jpg?x-cc=20&x-cu=28909&x-ct=1784098800&x-cs=1b4d21c1e6b8cf57fc0fb7ab68646fe1""","https://b2bfiles1.gigab2b.cn/image/wkseller/301/26cf0350bd58dd42d16c327096379730.jpg?x-cc=20&x-cu=28909&x-ct=1784098800&x-cs=c565ee97267c5b2663c693adc2016181""","https://b2bfiles1.gigab2b.cn/image/wkseller/301/7bc7439db58b766c817da98430378e6e.jpg?x-cc=20&x-cu=28909&x-ct=1784098800&x-cs=73e44f724b8575aaa824b9a8feb8e0c4""","https://b2bfiles1.gigab2b.cn/image/wkseller/301/8546c6ca1d6fd5040086ce40780a0759.jpg?x-cc=20&x-cu=28909&x-ct=1784098800&x-cs=56267561fa1a3b3fd021dbcd177d309b""]",https://pub-606bcd6c031442e4959f73b5435fefd1.r2.dev/shipping-guide.png,,,,【ダークブラウン】一体分離多用型パソコンデスク パソコンデスク ラック付き デスク ワークデスク 木製 学習デスク,"ホムブリスショップへようこそ
♪すべての商品は未開封の新品です
♪フォロー割あり
♪まとめ買い割あり：2点で2%OFF、3点で3%OFF、最大5%（一部商品適用外）
♪発送と送料：在庫品は1～2営業日以内に発送、再入荷商品は入荷後1～2営業日以内に発送いたします。北海道は基本的に追加送料不要です。沖縄への送料は別途お見積りが必須です。

【商品説明】

組立時重量: Not Applicable
組立時長さ: Not Applicable
組立時幅: Not Applicable
組立時高さ: Not Applicable
主要素材: Particle Board
主要カラー: Dark Brown",ダークブラウン,0,N512S460939EJ,,,,,,,,,,,,,,,,,,,,,,,,,,,,,,,,,,,,,,,11802,yvGJ5Az6vUpvHpHjMWucqA,1,1,jp13,1,1,1,,,,,,,
"https://b2bfiles1.gigab2b.cn/image/wkseller/301/99667b98102beeeffa4fc2170ffd9dcc.jpg?x-cc=20&x-cu=28909&x-ct=1784098800&x-cs=6890b3ee69b44f978b9128ff8dc73428""","https://b2bfiles1.gigab2b.cn/image/wkseller/301/4201ab06fe37457e7616b5831873dfe7.jpg?x-cc=20&x-cu=28909&x-ct=1784098800&x-cs=d61f832cecfb48b9de4ccd91fddef1c2""","https://b2bfiles1.gigab2b.cn/image/wkseller/301/924ee22fc393f1d600e309b0df64723c.jpg?x-cc=20&x-cu=28909&x-ct=1784098800&x-cs=134ce81a608ec98ab0062b7b4e75b2fc""","https://b2bfiles1.gigab2b.cn/image/wkseller/301/7c047163c1220f535294ef023e610790.jpg?x-cc=20&x-cu=28909&x-ct=1784098800&x-cs=4bf0dac7b9dbe81f6e1c0cc3e9b92cf2""","https://b2bfiles1.gigab2b.cn/image/wkseller/301/45c29b956c86251866578b4803300d05.jpg?x-cc=20&x-cu=28909&x-ct=1784098800&x-cs=a6259f97d9cccc2298ea41bfa0916ba2""","https://b2bfiles1.gigab2b.cn/image/wkseller/301/5e40ececb1d1faedd6dda7d1c72e85a2.jpg?x-cc=20&x-cu=28909&x-ct=1784098800&x-cs=3fc9cf0f275185fa7ce344d03bbd3960""","https://b2bfiles1.gigab2b.cn/image/wkseller/301/857c2fce9a11f164b972e72548ad3f95.jpg?x-cc=20&x-cu=28909&x-ct=1784098800&x-cs=b32927a84d377a88c28cd573027c5f49""","https://b2bfiles1.gigab2b.cn/image/wkseller/301/722f35e7615bba1b933b0490e56fe934.jpg?x-cc=20&x-cu=28909&x-ct=1784098800&x-cs=41f87a7eff573c2bdd09d2a9199fab5f""","https://b2bfiles1.gigab2b.cn/image/wkseller/301/4f01f0db1e496dd4731da964bff90a4f.jpg?x-cc=20&x-cu=28909&x-ct=1784098800&x-cs=3f7bd5a32928845d28bafa0ce9714a40""","https://b2bfiles1.gigab2b.cn/image/wkseller/301/ad0fa3a00684918fe46f998beeabe02e.jpg?x-cc=20&x-cu=28909&x-ct=1784098800&x-cs=6f45e1f6b285119012443973979da301""","https://b2bfiles1.gigab2b.cn/image/wkseller/301/52964533c54928d1afae7e3b70a2e637.jpg?x-cc=20&x-cu=28909&x-ct=1784098800&x-cs=23c832d568e3ed47a2cddab8e6b0102b""","https://b2bfiles1.gigab2b.cn/image/wkseller/301/e4a6f1405813a963440ff83ae1958e51.jpg?x-cc=20&x-cu=28909&x-ct=1784098800&x-cs=10e10bee381f0955660c8bb9cef67ebb""","https://b2bfiles1.gigab2b.cn/image/wkseller/301/0a5c0a6b649e766a26019ae12705bc3d.jpg?x-cc=20&x-cu=28909&x-ct=1784098800&x-cs=1b4d21c1e6b8cf57fc0fb7ab68646fe1""","https://b2bfiles1.gigab2b.cn/image/wkseller/301/26cf0350bd58dd42d16c327096379730.jpg?x-cc=20&x-cu=28909&x-ct=1784098800&x-cs=c565ee97267c5b2663c693adc2016181""","https://b2bfiles1.gigab2b.cn/image/wkseller/301/7bc7439db58b766c817da98430378e6e.jpg?x-cc=20&x-cu=28909&x-ct=1784098800&x-cs=73e44f724b8575aaa824b9a8feb8e0c4""","https://b2bfiles1.gigab2b.cn/image/wkseller/301/8546c6ca1d6fd5040086ce40780a0759.jpg?x-cc=20&x-cu=28909&x-ct=1784098800&x-cs=56267561fa1a3b3fd021dbcd177d309b""]",https://pub-606bcd6c031442e4959f73b5435fefd1.r2.dev/shipping-guide.png,,,,【ダークブラウン】一体分離多用型パソコンデスク パソコンデスク ラック付き デスク ワークデスク 木製 学習デスク,"ホムブリスショップへようこそ
♪すべての商品は未開封の新品です
♪フォロー割あり
♪まとめ買い割あり：2点で2%OFF、3点で3%OFF、最大5%（一部商品適用外）
♪発送と送料：在庫品は1～2営業日以内に発送、再入荷商品は入荷後1～2営業日以内に発送いたします。北海道は基本的に追加送料不要です。沖縄への送料は別途お見積りが必須です。

【商品説明】

組立時重量: Not Applicable
組立時長さ: Not Applicable
組立時幅: Not Applicable
組立時高さ: Not Applicable
主要素材: Particle Board
主要カラー: Dark Brown",ダークブラウン,0,N512S460939EL,,,,,,,,,,,,,,,,,,,,,,,,,,,,,,,,,,,,,,,11802,yvGJ5Az6vUpvHpHjMWucqA,1,1,jp13,1,1,1,,,,,,,
"https://b2bfiles1.gigab2b.cn/image/wkseller/301/9a28b057b4163a1b0640f2d68b50fc85.jpg?x-cc=20&x-cu=28909&x-ct=1784098800&x-cs=78d6fadf5eca676e567e326c68f6468f""","https://b2bfiles1.gigab2b.cn/image/wkseller/301/20230323_6deabb4572679e6ac628dbef8b5c8b4c.jpg?x-cc=20&x-cu=28909&x-ct=1784098800&x-cs=ab9ec539b40231d02e20866135b6dda8""","https://b2bfiles1.gigab2b.cn/image/wkseller/301/31e9b74f770f95688a63431aca7eac6d.jpg?x-cc=20&x-cu=28909&x-ct=1784098800&x-cs=0d942bf377582b1481d3fb6651141fed""","https://b2bfiles1.gigab2b.cn/image/wkseller/301/16d4e2f59df0bd67b6a7c2ccf4e183f0.jpg?x-cc=20&x-cu=28909&x-ct=1784098800&x-cs=3a0e6ceb9b3c4ceb1266abe4baa9c4a1""","https://b2bfiles1.gigab2b.cn/image/wkseller/301/9fd8f106c5eb7cf7d731dc2bf400551a.jpg?x-cc=20&x-cu=28909&x-ct=1784098800&x-cs=aa98e52306f124200493784470e7b61f""","https://b2bfiles1.gigab2b.cn/image/wkseller/301/f92ea27269c3213c9a2dd898a94e0217.jpg?x-cc=20&x-cu=28909&x-ct=1784098800&x-cs=3f4227d251724ba007ea9988001d2efc""","https://b2bfiles1.gigab2b.cn/image/wkseller/301/721e4d2b12d85304771daebe94755956.jpg?x-cc=20&x-cu=28909&x-ct=1784098800&x-cs=e4d297b3d5215b5120005f12fce7b554""","https://b2bfiles1.gigab2b.cn/image/wkseller/301/d3d6ac0ca2abec97295ba81e532cf6dc.jpg?x-cc=20&x-cu=28909&x-ct=1784098800&x-cs=af01ca71bf3cd25beea7f80cd389f8b1""","https://b2bfiles1.gigab2b.cn/image/wkseller/301/f4202f42fbf14fb53a94ec30e7823c2b.jpg?x-cc=20&x-cu=28909&x-ct=1784098800&x-cs=1785ee7ec634e021dc6946717aef8eca""","https://b2bfiles1.gigab2b.cn/image/wkseller/301/7c69a043153d24a30778e79d48c50981.jpg?x-cc=20&x-cu=28909&x-ct=1784098800&x-cs=95ec06f6e3ecf53d17abce24979744d4""","https://b2bfiles1.gigab2b.cn/image/wkseller/301/512ea4737d16a4c3a150bb8cfc39ab17.jpg?x-cc=20&x-cu=28909&x-ct=1784098800&x-cs=8e46505b4d8738a2e6ac068bed8831ee""","https://b2bfiles1.gigab2b.cn/image/wkseller/301/050a7b3393bdac28671f3d0091aa40e1.jpg?x-cc=20&x-cu=28909&x-ct=1784098800&x-cs=6a37c08846e9048326025c1aaaf64553""","https://b2bfiles1.gigab2b.cn/image/wkseller/301/7abae51ad5ab8bfad4be5cf43ec669e7.png?x-cc=20&x-cu=28909&x-ct=1784098800&x-cs=83be4f8f8443c61a4a903f755a500416""","https://b2bfiles1.gigab2b.cn/image/wkseller/301/755ca1ece1579b6317b0b6449635a7d5.jpg?x-cc=20&x-cu=28909&x-ct=1784098800&x-cs=985db71c74181c3f919139240158dd10""","https://b2bfiles1.gigab2b.cn/image/wkseller/301/9829b42e5f937acfce76f6eb790a89b1.jpg?x-cc=20&x-cu=28909&x-ct=1784098800&x-cs=25f977ebea858cda49069efa1262019c""","https://b2bfiles1.gigab2b.cn/image/wkseller/301/0fbfcad61a4dc07d94478a94ac6d174d.jpg?x-cc=20&x-cu=28909&x-ct=1784098800&x-cs=dffed3cda9e3d5aa53de150cd32c9ed0""","https://b2bfiles1.gigab2b.cn/image/wkseller/301/629d23a55c3070c14bf45ba836808e46.jpg?x-cc=20&x-cu=28909&x-ct=1784098800&x-cs=1007171a6f25654dbc3ea85da0111e34""","https://b2bfiles1.gigab2b.cn/image/wkseller/301/a1b1186e78b04fc25f8d9cd94af33144.jpg?x-cc=20&x-cu=28909&x-ct=1784098800&x-cs=8f93ae4862718758a4792a4ea82609fb""","https://b2bfiles1.gigab2b.cn/image/wkseller/301/4b0b872b632bfa9c4816633fe9bcf326.jpg?x-cc=20&x-cu=28909&x-ct=1784098800&x-cs=f07aef971b3acb75ddd6b4460c048d66""",https://pub-606bcd6c031442e4959f73b5435fefd1.r2.dev/shipping-guide.png,【ダイニングテーブル+ダイニングチェア4脚 セット】ダイニングテーブル 4人掛け ダイニングテーブル6人掛け 幅120cm 単品 丸テーブル 丸 格子 テーブル おしゃれ 机 北欧 円形 丸型 ラウンドテーブル 円形 2人掛け 4人掛け 6人掛け 丸テーブル,"ホムブリスショップへようこそ
♪すべての商品は未開封の新品です
♪フォロー割あり
♪まとめ買い割あり：2点で2%OFF、3点で3%OFF、最大5%（一部商品適用外）
♪発送と送料：在庫品は1～2営業日以内に発送、再入荷商品は入荷後1～2営業日以内に発送いたします。北海道は基本的に追加送料不要です。沖縄への送料は別途お見積りが必須です。

【商品説明】

組立時重量: Not Applicable
組立時長さ: Not Applicable
組立時幅: Not Applicable
組立時高さ: Not Applicable
主要素材: MDF
主要カラー: Natural",ナチュラル,0,N512S488386N4,,,,,,,,,,,,,,,,,,,,,,,,,,,,,,,,,,,,,,,47991,uCmnfJGdXF7HAhN2A9Ab7L,1,1,jp13,1,1,1,,,,,,,
"https://b2bfiles1.gigab2b.cn/image/wkseller/301/e874b6969e3b668d5c91c84ba27766c9.jpg?x-cc=20&x-cu=28909&x-ct=1784098800&x-cs=67b0a654ead59e652c1237835b5f62bc""","https://b2bfiles1.gigab2b.cn/image/wkseller/301/20230323_6deabb4572679e6ac628dbef8b5c8b4c.jpg?x-cc=20&x-cu=28909&x-ct=1784098800&x-cs=ab9ec539b40231d02e20866135b6dda8""","https://b2bfiles1.gigab2b.cn/image/wkseller/301/31e9b74f770f95688a63431aca7eac6d.jpg?x-cc=20&x-cu=28909&x-ct=1784098800&x-cs=0d942bf377582b1481d3fb6651141fed""","https://b2bfiles1.gigab2b.cn/image/wkseller/301/16d4e2f59df0bd67b6a7c2ccf4e183f0.jpg?x-cc=20&x-cu=28909&x-ct=1784098800&x-cs=3a0e6ceb9b3c4ceb1266abe4baa9c4a1""","https://b2bfiles1.gigab2b.cn/image/wkseller/301/9fd8f106c5eb7cf7d731dc2bf400551a.jpg?x-cc=20&x-cu=28909&x-ct=1784098800&x-cs=aa98e52306f124200493784470e7b61f""","https://b2bfiles1.gigab2b.cn/image/wkseller/301/f92ea27269c3213c9a2dd898a94e0217.jpg?x-cc=20&x-cu=28909&x-ct=1784098800&x-cs=3f4227d251724ba007ea9988001d2efc""","https://b2bfiles1.gigab2b.cn/image/wkseller/301/d3d6ac0ca2abec97295ba81e532cf6dc.jpg?x-cc=20&x-cu=28909&x-ct=1784098800&x-cs=af01ca71bf3cd25beea7f80cd389f8b1""","https://b2bfiles1.gigab2b.cn/image/wkseller/301/721e4d2b12d85304771daebe94755956.jpg?x-cc=20&x-cu=28909&x-ct=1784098800&x-cs=e4d297b3d5215b5120005f12fce7b554""","https://b2bfiles1.gigab2b.cn/image/wkseller/301/f4202f42fbf14fb53a94ec30e7823c2b.jpg?x-cc=20&x-cu=28909&x-ct=1784098800&x-cs=1785ee7ec634e021dc6946717aef8eca""","https://b2bfiles1.gigab2b.cn/image/wkseller/301/7c69a043153d24a30778e79d48c50981.jpg?x-cc=20&x-cu=28909&x-ct=1784098800&x-cs=95ec06f6e3ecf53d17abce24979744d4""","https://b2bfiles1.gigab2b.cn/image/wkseller/301/512ea4737d16a4c3a150bb8cfc39ab17.jpg?x-cc=20&x-cu=28909&x-ct=1784098800&x-cs=8e46505b4d8738a2e6ac068bed8831ee""","https://b2bfiles1.gigab2b.cn/image/wkseller/301/050a7b3393bdac28671f3d0091aa40e1.jpg?x-cc=20&x-cu=28909&x-ct=1784098800&x-cs=6a37c08846e9048326025c1aaaf64553""","https://b2bfiles1.gigab2b.cn/image/wkseller/301/7abae51ad5ab8bfad4be5cf43ec669e7.png?x-cc=20&x-cu=28909&x-ct=1784098800&x-cs=83be4f8f8443c61a4a903f755a500416""","https://b2bfiles1.gigab2b.cn/image/wkseller/301/755ca1ece1579b6317b0b6449635a7d5.jpg?x-cc=20&x-cu=28909&x-ct=1784098800&x-cs=985db71c74181c3f919139240158dd10""","https://b2bfiles1.gigab2b.cn/image/wkseller/301/9829b42e5f937acfce76f6eb790a89b1.jpg?x-cc=20&x-cu=28909&x-ct=1784098800&x-cs=25f977ebea858cda49069efa1262019c""","https://b2bfiles1.gigab2b.cn/image/wkseller/301/629d23a55c3070c14bf45ba836808e46.jpg?x-cc=20&x-cu=28909&x-ct=1784098800&x-cs=1007171a6f25654dbc3ea85da0111e34""","https://b2bfiles1.gigab2b.cn/image/wkseller/301/a1b1186e78b04fc25f8d9cd94af33144.jpg?x-cc=20&x-cu=28909&x-ct=1784098800&x-cs=8f93ae4862718758a4792a4ea82609fb""","https://b2bfiles1.gigab2b.cn/image/wkseller/301/4b0b872b632bfa9c4816633fe9bcf326.jpg?x-cc=20&x-cu=28909&x-ct=1784098800&x-cs=f07aef971b3acb75ddd6b4460c048d66""","https://b2bfiles1.gigab2b.cn/image/wkseller/301/e6650b7c1ef9b9e4899fc38885865444.jpg?x-cc=20&x-cu=28909&x-ct=1784098800&x-cs=db6b0e41665e71a6abc057a5929b0bcd""",https://pub-606bcd6c031442e4959f73b5435fefd1.r2.dev/shipping-guide.png,【ダイニングテーブル+ダイニングチェア2脚 セット】ダイニングテーブル 4人掛け ダイニングテーブル6人掛け 幅100cm 単品 丸テーブル 丸 格子 テーブル おしゃれ 机 北欧 円形 丸型 ラウンドテーブル 木製テーブル 円形 2人掛け 4人掛け 6人掛け,"ホムブリスショップへようこそ
♪すべての商品は未開封の新品です
♪フォロー割あり
♪まとめ買い割あり：2点で2%OFF、3点で3%OFF、最大5%（一部商品適用外）
♪発送と送料：在庫品は1～2営業日以内に発送、再入荷商品は入荷後1～2営業日以内に発送いたします。北海道は基本的に追加送料不要です。沖縄への送料は別途お見積りが必須です。

【商品説明】

組立時重量: Not Applicable
組立時長さ: Not Applicable
組立時幅: Not Applicable
組立時高さ: Not Applicable
主要素材: MDF
主要カラー: Natural",ナチュラル,0,N512S488388N2,,,,,,,,,,,,,,,,,,,,,,,,,,,,,,,,,,,,,,,29032,uCmnfJGdXF7HAhN2A9Ab7L,1,1,jp13,1,1,1,,,,,,,
"https://b2bfiles1.gigab2b.cn/image/wkseller/301/e874b6969e3b668d5c91c84ba27766c9.jpg?x-cc=20&x-cu=28909&x-ct=1784098800&x-cs=67b0a654ead59e652c1237835b5f62bc""","https://b2bfiles1.gigab2b.cn/image/wkseller/301/20230323_6deabb4572679e6ac628dbef8b5c8b4c.jpg?x-cc=20&x-cu=28909&x-ct=1784098800&x-cs=ab9ec539b40231d02e20866135b6dda8""","https://b2bfiles1.gigab2b.cn/image/wkseller/301/31e9b74f770f95688a63431aca7eac6d.jpg?x-cc=20&x-cu=28909&x-ct=1784098800&x-cs=0d942bf377582b1481d3fb6651141fed""","https://b2bfiles1.gigab2b.cn/image/wkseller/301/16d4e2f59df0bd67b6a7c2ccf4e183f0.jpg?x-cc=20&x-cu=28909&x-ct=1784098800&x-cs=3a0e6ceb9b3c4ceb1266abe4baa9c4a1""","https://b2bfiles1.gigab2b.cn/image/wkseller/301/9fd8f106c5eb7cf7d731dc2bf400551a.jpg?x-cc=20&x-cu=28909&x-ct=1784098800&x-cs=aa98e52306f124200493784470e7b61f""","https://b2bfiles1.gigab2b.cn/image/wkseller/301/f92ea27269c3213c9a2dd898a94e0217.jpg?x-cc=20&x-cu=28909&x-ct=1784098800&x-cs=3f4227d251724ba007ea9988001d2efc""","https://b2bfiles1.gigab2b.cn/image/wkseller/301/d3d6ac0ca2abec97295ba81e532cf6dc.jpg?x-cc=20&x-cu=28909&x-ct=1784098800&x-cs=af01ca71bf3cd25beea7f80cd389f8b1""","https://b2bfiles1.gigab2b.cn/image/wkseller/301/721e4d2b12d85304771daebe94755956.jpg?x-cc=20&x-cu=28909&x-ct=1784098800&x-cs=e4d297b3d5215b5120005f12fce7b554""","https://b2bfiles1.gigab2b.cn/image/wkseller/301/f4202f42fbf14fb53a94ec30e7823c2b.jpg?x-cc=20&x-cu=28909&x-ct=1784098800&x-cs=1785ee7ec634e021dc6946717aef8eca""","https://b2bfiles1.gigab2b.cn/image/wkseller/301/7c69a043153d24a30778e79d48c50981.jpg?x-cc=20&x-cu=28909&x-ct=1784098800&x-cs=95ec06f6e3ecf53d17abce24979744d4""","https://b2bfiles1.gigab2b.cn/image/wkseller/301/512ea4737d16a4c3a150bb8cfc39ab17.jpg?x-cc=20&x-cu=28909&x-ct=1784098800&x-cs=8e46505b4d8738a2e6ac068bed8831ee""","https://b2bfiles1.gigab2b.cn/image/wkseller/301/050a7b3393bdac28671f3d0091aa40e1.jpg?x-cc=20&x-cu=28909&x-ct=1784098800&x-cs=6a37c08846e9048326025c1aaaf64553""","https://b2bfiles1.gigab2b.cn/image/wkseller/301/7abae51ad5ab8bfad4be5cf43ec669e7.png?x-cc=20&x-cu=28909&x-ct=1784098800&x-cs=83be4f8f8443c61a4a903f755a500416""","https://b2bfiles1.gigab2b.cn/image/wkseller/301/755ca1ece1579b6317b0b6449635a7d5.jpg?x-cc=20&x-cu=28909&x-ct=1784098800&x-cs=985db71c74181c3f919139240158dd10""","https://b2bfiles1.gigab2b.cn/image/wkseller/301/9829b42e5f937acfce76f6eb790a89b1.jpg?x-cc=20&x-cu=28909&x-ct=1784098800&x-cs=25f977ebea858cda49069efa1262019c""","https://b2bfiles1.gigab2b.cn/image/wkseller/301/629d23a55c3070c14bf45ba836808e46.jpg?x-cc=20&x-cu=28909&x-ct=1784098800&x-cs=1007171a6f25654dbc3ea85da0111e34""","https://b2bfiles1.gigab2b.cn/image/wkseller/301/a1b1186e78b04fc25f8d9cd94af33144.jpg?x-cc=20&x-cu=28909&x-ct=1784098800&x-cs=8f93ae4862718758a4792a4ea82609fb""","https://b2bfiles1.gigab2b.cn/image/wkseller/301/4b0b872b632bfa9c4816633fe9bcf326.jpg?x-cc=20&x-cu=28909&x-ct=1784098800&x-cs=f07aef971b3acb75ddd6b4460c048d66""","https://b2bfiles1.gigab2b.cn/image/wkseller/301/e6650b7c1ef9b9e4899fc38885865444.jpg?x-cc=20&x-cu=28909&x-ct=1784098800&x-cs=db6b0e41665e71a6abc057a5929b0bcd""",https://pub-606bcd6c031442e4959f73b5435fefd1.r2.dev/shipping-guide.png,【ダイニングテーブル+ダイニングチェア4脚 セット】ダイニングテーブル 4人掛け ダイニングテーブル6人掛け 幅100cm 単品 丸テーブル 丸 格子 テーブル おしゃれ 机 北欧 円形 丸型 ラウンドテーブル 木製テーブル 円形 2人掛け 4人掛け 6人掛け,"ホムブリスショップへようこそ
♪すべての商品は未開封の新品です
♪フォロー割あり
♪まとめ買い割あり：2点で2%OFF、3点で3%OFF、最大5%（一部商品適用外）
♪発送と送料：在庫品は1～2営業日以内に発送、再入荷商品は入荷後1～2営業日以内に発送いたします。北海道は基本的に追加送料不要です。沖縄への送料は別途お見積りが必須です。

【商品説明】

組立時重量: Not Applicable
組立時長さ: Not Applicable
組立時幅: Not Applicable
組立時高さ: Not Applicable
主要素材: MDF
主要カラー: Natural",ナチュラル,0,N512S488388N4,,,,,,,,,,,,,,,,,,,,,,,,,,,,,,,,,,,,,,,41534,uCmnfJGdXF7HAhN2A9Ab7L,1,1,jp13,1,1,1,,,,,,,
"https://b2bfiles1.gigab2b.cn/image/wkseller/301/20220916_11c9c079e75efcd4ed25dd1dbe372c97.jpeg?x-cc=20&x-cu=28909&x-ct=1784098800&x-cs=b5c5edb17f00de7c4154acf39d327e21""","https://b2bfiles1.gigab2b.cn/image/wkseller/301/84aa1f61e1a61ad7c73d223b468d9b0f.jpg?x-cc=20&x-cu=28909&x-ct=1784098800&x-cs=1379038cdae6912623597608809aa054""","https://b2bfiles1.gigab2b.cn/image/wkseller/301/20220919_681250af4b3b83579580b53ba28f35e5.jpg?x-cc=20&x-cu=28909&x-ct=1784098800&x-cs=1591b74dc8e6f8d4f037e48d2c8aa9c3""","https://b2bfiles1.gigab2b.cn/image/wkseller/301/20220919_427364ff7323d581b7c5e546588f3c00.jpg?x-cc=20&x-cu=28909&x-ct=1784098800&x-cs=a5d76ee0de360a4273502dc251d40482""","https://b2bfiles1.gigab2b.cn/image/wkseller/301/20220919_08338de60a8904aeb977971d5e2b9533.jpg?x-cc=20&x-cu=28909&x-ct=1784098800&x-cs=60f8e90893047caae0fef111aa5f5f76""","https://b2bfiles1.gigab2b.cn/image/wkseller/301/20220919_338fffeeeac6f0c44c7d80700259cdc6.jpg?x-cc=20&x-cu=28909&x-ct=1784098800&x-cs=033140a7cd223900f868e2aba6025778""","https://b2bfiles1.gigab2b.cn/image/wkseller/301/20221027_01ecf7f777b79cfccef1b64f47a22640.jpg?x-cc=20&x-cu=28909&x-ct=1784098800&x-cs=f7de039b4138cc6e3d32303ac91a7e98""","https://b2bfiles1.gigab2b.cn/image/wkseller/301/20221027_52ac412d5762727e423eff52ea1a3daa.jpg?x-cc=20&x-cu=28909&x-ct=1784098800&x-cs=435981428ba8eba46d22c7c969f6b71f""","https://b2bfiles1.gigab2b.cn/image/wkseller/301/20221027_7d0efbc27c18a36ef2dfc59616bb76de.jpg?x-cc=20&x-cu=28909&x-ct=1784098800&x-cs=901ce0d3362034ddfff0d9e0960e7042""","https://b2bfiles1.gigab2b.cn/image/wkseller/301/20221027_d11cb8f5e7b25571ab9abe74c9526539.jpg?x-cc=20&x-cu=28909&x-ct=1784098800&x-cs=f1e4bb8a393bf0bfec589ca3f0246e93""","https://b2bfiles1.gigab2b.cn/image/wkseller/301/20221027_05b10eaef9a1bdfd4bd96f5b43cff9d4.jpg?x-cc=20&x-cu=28909&x-ct=1784098800&x-cs=b2082bbc16c54ffca82d4e5471954dbd""","https://b2bfiles1.gigab2b.cn/image/wkseller/301/20221027_9db4b9936db5ba74d88f5ceb4b870042.jpg?x-cc=20&x-cu=28909&x-ct=1784098800&x-cs=0f3f23bb93ebffdb0b2a5ed0411adbc5""]",https://pub-606bcd6c031442e4959f73b5435fefd1.r2.dev/shipping-guide.png,,,,,,,,【N512P455095Aオフィスチェア+パソコンデスク セット】 【新品】【ブラック】パソコンデスク シンプル 極簡易デスク ワークデスク 木製 机,"ホムブリスショップへようこそ
♪すべての商品は未開封の新品です
♪フォロー割あり
♪まとめ買い割あり：2点で2%OFF、3点で3%OFF、最大5%（一部商品適用外）
♪発送と送料：在庫品は1～2営業日以内に発送、再入荷商品は入荷後1～2営業日以内に発送いたします。北海道は基本的に追加送料不要です。沖縄への送料は別途お見積りが必須です。

【商品説明】

組立時重量: Not Applicable
組立時長さ: Not Applicable
組立時幅: Not Applicable
組立時高さ: Not Applicable
主要素材: Particle Board
主要カラー: Black",ブラック,3,S1295683AAA1,,,,,,,,,,,,,,,,,,,,,,,,,,,,,,,,,,,,,,,8902,gRD8jKpyRewmy6DmW57T66,1,1,jp13,1,1,1,,,,,,,
"https://b2bfiles1.gigab2b.cn/image/wkseller/301/20220916_1a8a85f7c77e0e7806d1318227ee3504.jpeg?x-cc=20&x-cu=28909&x-ct=1784098800&x-cs=c28261fe6f7bd0ff401e71d30698e8aa""","https://b2bfiles1.gigab2b.cn/image/wkseller/301/84aa1f61e1a61ad7c73d223b468d9b0f.jpg?x-cc=20&x-cu=28909&x-ct=1784098800&x-cs=1379038cdae6912623597608809aa054""","https://b2bfiles1.gigab2b.cn/image/wkseller/301/20220919_546521a27836374b67e6436de188ae21.jpg?x-cc=20&x-cu=28909&x-ct=1784098800&x-cs=ec8a87d7ed353f0d04e1fb77f53140a3""","https://b2bfiles1.gigab2b.cn/image/wkseller/301/20220919_08338de60a8904aeb977971d5e2b9533.jpg?x-cc=20&x-cu=28909&x-ct=1784098800&x-cs=60f8e90893047caae0fef111aa5f5f76""","https://b2bfiles1.gigab2b.cn/image/wkseller/301/20220919_61cb548fc35f6c7874713671271a2281.jpg?x-cc=20&x-cu=28909&x-ct=1784098800&x-cs=66f80762c5894c511b34e40e14ab4c34""","https://b2bfiles1.gigab2b.cn/image/wkseller/301/wf189982/20200330_bc85c5dbc69b7413f8bf402252e90d2c.jpg?x-cc=20&x-cu=28909&x-ct=1784098800&x-cs=bb9221450cdbb4dc46a9ff88d0d77618""","https://b2bfiles1.gigab2b.cn/image/wkseller/301/20221027_01ecf7f777b79cfccef1b64f47a22640.jpg?x-cc=20&x-cu=28909&x-ct=1784098800&x-cs=f7de039b4138cc6e3d32303ac91a7e98""","https://b2bfiles1.gigab2b.cn/image/wkseller/301/20221027_52ac412d5762727e423eff52ea1a3daa.jpg?x-cc=20&x-cu=28909&x-ct=1784098800&x-cs=435981428ba8eba46d22c7c969f6b71f""","https://b2bfiles1.gigab2b.cn/image/wkseller/301/20221027_7d0efbc27c18a36ef2dfc59616bb76de.jpg?x-cc=20&x-cu=28909&x-ct=1784098800&x-cs=901ce0d3362034ddfff0d9e0960e7042""","https://b2bfiles1.gigab2b.cn/image/wkseller/301/20221027_d11cb8f5e7b25571ab9abe74c9526539.jpg?x-cc=20&x-cu=28909&x-ct=1784098800&x-cs=f1e4bb8a393bf0bfec589ca3f0246e93""","https://b2bfiles1.gigab2b.cn/image/wkseller/301/20221027_05b10eaef9a1bdfd4bd96f5b43cff9d4.jpg?x-cc=20&x-cu=28909&x-ct=1784098800&x-cs=b2082bbc16c54ffca82d4e5471954dbd""","https://b2bfiles1.gigab2b.cn/image/wkseller/301/20221027_9db4b9936db5ba74d88f5ceb4b870042.jpg?x-cc=20&x-cu=28909&x-ct=1784098800&x-cs=0f3f23bb93ebffdb0b2a5ed0411adbc5""]",https://pub-606bcd6c031442e4959f73b5435fefd1.r2.dev/shipping-guide.png,,,,,,,,【N512P455095Aオフィスチェア+パソコンデスク セット】【新品】【ダークブラウン】パソコンデスク シンプル 極簡易デスク ワークデスク 木製 机,"ホムブリスショップへようこそ
♪すべての商品は未開封の新品です
♪フォロー割あり
♪まとめ買い割あり：2点で2%OFF、3点で3%OFF、最大5%（一部商品適用外）
♪発送と送料：在庫品は1～2営業日以内に発送、再入荷商品は入荷後1～2営業日以内に発送いたします。北海道は基本的に追加送料不要です。沖縄への送料は別途お見積りが必須です。

【商品説明】

組立時重量: Not Applicable
組立時長さ: Not Applicable
組立時幅: Not Applicable
組立時高さ: Not Applicable
主要素材: Particle Board
主要カラー: Dark Brown",ダークブラウン,0,S1295683EAA1,,,,,,,,,,,,,,,,,,,,,,,,,,,,,,,,,,,,,,,8902,gRD8jKpyRewmy6DmW57T66,1,1,jp13,1,1,1,,,,,,,
"https://b2bfiles1.gigab2b.cn/image/wkseller/301/wf189982/20200330_c670ae2ca1ef5521c46f0ea2e931f8b3.jpg?x-cc=20&x-cu=28909&x-ct=1784098800&x-cs=6d484ea1e5013326d77169eb404fc637""","https://b2bfiles1.gigab2b.cn/image/wkseller/301/84aa1f61e1a61ad7c73d223b468d9b0f.jpg?x-cc=20&x-cu=28909&x-ct=1784098800&x-cs=1379038cdae6912623597608809aa054""","https://b2bfiles1.gigab2b.cn/image/wkseller/301/wf189982/20200330_52e7ab4ff11c99364fa1763fa08ab570.jpg?x-cc=20&x-cu=28909&x-ct=1784098800&x-cs=a89dd9228c5329e4e9b06b4f2b7c81af""","https://b2bfiles1.gigab2b.cn/image/wkseller/301/wf189982/20200330_584851f92d41c22d87ce69302c9f16cb.jpg?x-cc=20&x-cu=28909&x-ct=1784098800&x-cs=6e048452adb78cfcf9f0fcd978ff4070""","https://b2bfiles1.gigab2b.cn/image/wkseller/301/wf189982/20200330_7e82946e72223609b2581e5c312611e6.jpg?x-cc=20&x-cu=28909&x-ct=1784098800&x-cs=e62f6f37deb26149b583ae94247d0876""","https://b2bfiles1.gigab2b.cn/image/wkseller/301/wf189982/20200330_889dbc1d255d1e5fc61e7ebcedbbd298.jpg?x-cc=20&x-cu=28909&x-ct=1784098800&x-cs=4ac940646c8a89dcda98c5d63c2c1488""","https://b2bfiles1.gigab2b.cn/image/wkseller/301/wf189982/20200330_a43b5aa0fd8164e10883dad01c8f5a73.jpg?x-cc=20&x-cu=28909&x-ct=1784098800&x-cs=3625e93cefd28ed0a38cb0c7ffc15f6b""","https://b2bfiles1.gigab2b.cn/image/wkseller/301/wf189982/20200330_037889fbdef9c73ff1a5958bc2a4b9af.jpg?x-cc=20&x-cu=28909&x-ct=1784098800&x-cs=20486e2d873f294025d4105bf1a47347""","https://b2bfiles1.gigab2b.cn/image/wkseller/301/wf189982/20210218_57a4886a3ac45e501d3c688541603932.jpg?x-cc=20&x-cu=28909&x-ct=1784098800&x-cs=0bf95731b435ffb58f219cc7295c5370""]",https://pub-606bcd6c031442e4959f73b5435fefd1.r2.dev/shipping-guide.png,,,,,,,,,,,【N512P455095Aオフィスチェア+パソコンデスク セット】【ブラック】シンプルデスク　簡易デスク 木製　机　ワークデスク,"ホムブリスショップへようこそ
♪すべての商品は未開封の新品です
♪フォロー割あり
♪まとめ買い割あり：2点で2%OFF、3点で3%OFF、最大5%（一部商品適用外）
♪発送と送料：在庫品は1～2営業日以内に発送、再入荷商品は入荷後1～2営業日以内に発送いたします。北海道は基本的に追加送料不要です。沖縄への送料は別途お見積りが必須です。

【商品説明】

組立時重量: Not Applicable
組立時長さ: Not Applicable
組立時幅: Not Applicable
組立時高さ: Not Applicable
主要素材: Particle Board
主要カラー: Black",ブラック,0,S1295684AAA1,,,,,,,,,,,,,,,,,,,,,,,,,,,,,,,,,,,,,,,8602,gRD8jKpyRewmy6DmW57T66,1,1,jp13,1,1,1,,,,,,,
"https://b2bfiles1.gigab2b.cn/image/wkseller/301/20230912_6c38840b446f0cdc745e205491612cb5.jpg?x-cc=20&x-cu=28909&x-ct=1784098800&x-cs=bc5275844e2a29591037ae1a57aa578c""","https://b2bfiles1.gigab2b.cn/image/wkseller/301/84aa1f61e1a61ad7c73d223b468d9b0f.jpg?x-cc=20&x-cu=28909&x-ct=1784098800&x-cs=1379038cdae6912623597608809aa054""","https://b2bfiles1.gigab2b.cn/image/wkseller/301/wf189982/20200330_bc85c5dbc69b7413f8bf402252e90d2c.jpg?x-cc=20&x-cu=28909&x-ct=1784098800&x-cs=bb9221450cdbb4dc46a9ff88d0d77618""","https://b2bfiles1.gigab2b.cn/image/wkseller/301/wf189982/20200330_889dbc1d255d1e5fc61e7ebcedbbd298.jpg?x-cc=20&x-cu=28909&x-ct=1784098800&x-cs=4ac940646c8a89dcda98c5d63c2c1488""","https://b2bfiles1.gigab2b.cn/image/wkseller/301/wf189982/20200330_7e82946e72223609b2581e5c312611e6.jpg?x-cc=20&x-cu=28909&x-ct=1784098800&x-cs=e62f6f37deb26149b583ae94247d0876""","https://b2bfiles1.gigab2b.cn/image/wkseller/301/wf189982/20200330_a43b5aa0fd8164e10883dad01c8f5a73.jpg?x-cc=20&x-cu=28909&x-ct=1784098800&x-cs=3625e93cefd28ed0a38cb0c7ffc15f6b""","https://b2bfiles1.gigab2b.cn/image/wkseller/301/wf189982/20200330_584851f92d41c22d87ce69302c9f16cb.jpg?x-cc=20&x-cu=28909&x-ct=1784098800&x-cs=6e048452adb78cfcf9f0fcd978ff4070""","https://b2bfiles1.gigab2b.cn/image/wkseller/301/wf189982/20200330_52e7ab4ff11c99364fa1763fa08ab570.jpg?x-cc=20&x-cu=28909&x-ct=1784098800&x-cs=a89dd9228c5329e4e9b06b4f2b7c81af""","https://b2bfiles1.gigab2b.cn/image/wkseller/301/wf189982/20210218_e70dec8f3bf8206a5207e86a40172ab4.jpg?x-cc=20&x-cu=28909&x-ct=1784098800&x-cs=abb698f6ba104bee2e0f7e1aa4a9efd3""]",https://pub-606bcd6c031442e4959f73b5435fefd1.r2.dev/shipping-guide.png,,,,,,,,,,,【N512P455095Aオフィスチェア+パソコンデスク セット】【木目調ホワイト】シンプルデスク　簡易デスク 木製　机　ワークデスク,"ホムブリスショップへようこそ
♪すべての商品は未開封の新品です
♪フォロー割あり
♪まとめ買い割あり：2点で2%OFF、3点で3%OFF、最大5%（一部商品適用外）
♪発送と送料：在庫品は1～2営業日以内に発送、再入荷商品は入荷後1～2営業日以内に発送いたします。北海道は基本的に追加送料不要です。沖縄への送料は別途お見積りが必須です。

【商品説明】

組立時重量: Not Applicable
組立時長さ: Not Applicable
組立時幅: Not Applicable
組立時高さ: Not Applicable
主要素材: Particle Board
主要カラー: Wood",ウッド,65,S1295684GAA1,,,,,,,,,,,,,,,,,,,,,,,,,,,,,,,,,,,,,,,8602,gRD8jKpyRewmy6DmW57T66,1,1,jp13,1,1,1,,,,,,,
"https://b2bfiles1.gigab2b.cn/image/wkseller/301/6cd0d330eb40eab95563b2d627030e2e.jpg?x-cc=20&x-cu=28909&x-ct=1784098800&x-cs=df5cd5acb2d5931b1b458106e505b053""","https://b2bfiles1.gigab2b.cn/image/wkseller/301/e50dced619e97e5da093bfffb94230d5.jpg?x-cc=20&x-cu=28909&x-ct=1784098800&x-cs=e6e29c090ba3c537421ccbd69b113cc5""","https://b2bfiles1.gigab2b.cn/image/wkseller/301/1fb23db40b88371dad40d904b67a5bd7.jpg?x-cc=20&x-cu=28909&x-ct=1784098800&x-cs=5212575f4e96b889ca4a4e79677ab615""","https://b2bfiles1.gigab2b.cn/image/wkseller/301/a7768b49afd9e3c831dadaa90e1f5345.jpg?x-cc=20&x-cu=28909&x-ct=1784098800&x-cs=0d353c76aedd43bf97c4f407f082835c""","https://b2bfiles1.gigab2b.cn/image/wkseller/301/88999cedb7508a826c4667df98ed67cd.jpg?x-cc=20&x-cu=28909&x-ct=1784098800&x-cs=edc16bfe8c48da3f39a3777263fa7699""","https://b2bfiles1.gigab2b.cn/image/wkseller/301/e6d6953cc66d0925d6e6c7b8c51a3634.jpg?x-cc=20&x-cu=28909&x-ct=1784098800&x-cs=35ad70f75ac52586e50969c396be8bd1""","https://b2bfiles1.gigab2b.cn/image/wkseller/301/c598778b85a6c9f11021df2419b71ba0.jpg?x-cc=20&x-cu=28909&x-ct=1784098800&x-cs=34ae5f0f91d6a0e377f6e19cda9fba4a""","https://b2bfiles1.gigab2b.cn/image/wkseller/301/a658f8ee53e9c4fa2efb58e11cca137f.jpg?x-cc=20&x-cu=28909&x-ct=1784098800&x-cs=a16797011543d7e503be588b2f9ed0b9""","https://b2bfiles1.gigab2b.cn/image/wkseller/301/4d4f071fabb6bf38dd399f1c740a3030.jpg?x-cc=20&x-cu=28909&x-ct=1784098800&x-cs=d988bdec7bfeb80b2a1b4db130907559""","https://b2bfiles1.gigab2b.cn/image/wkseller/301/afa51b6112ee82eea72228f46923e32a.jpg?x-cc=20&x-cu=28909&x-ct=1784098800&x-cs=b8d7567cbc9f7bec5142504abc87499a""","https://b2bfiles1.gigab2b.cn/image/wkseller/301/88a04092c1f7e8966462ad33f176d101.jpg?x-cc=20&x-cu=28909&x-ct=1784098800&x-cs=c3ee47796f6ea19d2ebf2818fe88338e""]",https://pub-606bcd6c031442e4959f73b5435fefd1.r2.dev/shipping-guide.png,,,,,,,,,【ブラックPVC座面＆スチール脚】イームズチェア   ダイニングチェア スチール脚  椅子  キズ防止,"ホムブリスショップへようこそ
♪すべての商品は未開封の新品です
♪フォロー割あり
♪まとめ買い割あり：2点で2%OFF、3点で3%OFF、最大5%（一部商品適用外）
♪発送と送料：在庫品は1～2営業日以内に発送、再入荷商品は入荷後1～2営業日以内に発送いたします。北海道は基本的に追加送料不要です。沖縄への送料は別途お見積りが必須です。

【商品説明】

組立時重量: Not Applicable
組立時長さ: Not Applicable
組立時幅: Not Applicable
組立時高さ: Not Applicable
主要素材: PVC
主要カラー: Black",ブラック,0,S512P500467AS,,,,,,,,,,,,,,,,,,,,,,,,,,,,,,,,,,,,,,,4502,uCmnfJGdXF7HAhN2A9Ab7L,1,1,jp13,1,1,1,,,,,,,
"https://b2bfiles1.gigab2b.cn/image/wkseller/301/456ec00d09f588c15281056c59d972c1.jpg?x-cc=20&x-cu=28909&x-ct=1784098800&x-cs=2f46c7f951eea7aca3a46956585c5269""","https://b2bfiles1.gigab2b.cn/image/wkseller/301/5c0c719a3eb09e7b0e7f830f39a390f2.jpg?x-cc=20&x-cu=28909&x-ct=1784098800&x-cs=5e0b9996c873417e52bdf1f5e95aba02""","https://b2bfiles1.gigab2b.cn/image/wkseller/301/a53a9dc6884edf14677dfe7622405a33.jpg?x-cc=20&x-cu=28909&x-ct=1784098800&x-cs=e705bb8f68d02963e6d3d16b804ef6b7""","https://b2bfiles1.gigab2b.cn/image/wkseller/301/a7768b49afd9e3c831dadaa90e1f5345.jpg?x-cc=20&x-cu=28909&x-ct=1784098800&x-cs=0d353c76aedd43bf97c4f407f082835c""","https://b2bfiles1.gigab2b.cn/image/wkseller/301/2190baf58632286400ac350605036d21.jpg?x-cc=20&x-cu=28909&x-ct=1784098800&x-cs=786edf5ecc148f4fb13276a120147b64""","https://b2bfiles1.gigab2b.cn/image/wkseller/301/88999cedb7508a826c4667df98ed67cd.jpg?x-cc=20&x-cu=28909&x-ct=1784098800&x-cs=edc16bfe8c48da3f39a3777263fa7699""","https://b2bfiles1.gigab2b.cn/image/wkseller/301/e6d6953cc66d0925d6e6c7b8c51a3634.jpg?x-cc=20&x-cu=28909&x-ct=1784098800&x-cs=35ad70f75ac52586e50969c396be8bd1""","https://b2bfiles1.gigab2b.cn/image/wkseller/301/a658f8ee53e9c4fa2efb58e11cca137f.jpg?x-cc=20&x-cu=28909&x-ct=1784098800&x-cs=a16797011543d7e503be588b2f9ed0b9""","https://b2bfiles1.gigab2b.cn/image/wkseller/301/4d4f071fabb6bf38dd399f1c740a3030.jpg?x-cc=20&x-cu=28909&x-ct=1784098800&x-cs=d988bdec7bfeb80b2a1b4db130907559""","https://b2bfiles1.gigab2b.cn/image/wkseller/301/6a17a847c7c79ed9f525955568fd2cf6.jpg?x-cc=20&x-cu=28909&x-ct=1784098800&x-cs=8cf84142d3a6a5b25dca52878dcd1f5d""]",https://pub-606bcd6c031442e4959f73b5435fefd1.r2.dev/shipping-guide.png,,,,,,,,,,【ブラックPVC座面＆ナチュラル脚】PVC  レーダーチェア  イームズチェア   ダイニングチェア 木脚 椅子  キズ防止 おしゃれ 組立簡単 北欧 イス,"ホムブリスショップへようこそ
♪すべての商品は未開封の新品です
♪フォロー割あり
♪まとめ買い割あり：2点で2%OFF、3点で3%OFF、最大5%（一部商品適用外）
♪発送と送料：在庫品は1～2営業日以内に発送、再入荷商品は入荷後1～2営業日以内に発送いたします。北海道は基本的に追加送料不要です。沖縄への送料は別途お見積りが必須です。

【商品説明】

組立時重量: Not Applicable
組立時長さ: Not Applicable
組立時幅: Not Applicable
組立時高さ: Not Applicable
主要素材: PVC
主要カラー: Black",ブラック,2,S512P500487AA,,,,,,,,,,,,,,,,,,,,,,,,,,,,,,,,,,,,,,,4752,uCmnfJGdXF7HAhN2A9Ab7L,1,1,jp13,1,1,1,,,,,,,
"https://b2bfiles1.gigab2b.cn/image/wkseller/301/d07df35817dae3ffc24aed7bee0ef6eb.jpg?x-cc=20&x-cu=28909&x-ct=1784098800&x-cs=d6c0d33384c2b25ade9af49ae5b2e3b1""","https://b2bfiles1.gigab2b.cn/image/wkseller/301/52c9852a2aca35b1f038074fdd6c6241.jpg?x-cc=20&x-cu=28909&x-ct=1784098800&x-cs=3a7eefa30524ad33bc5efd0f459cc3d6""","https://b2bfiles1.gigab2b.cn/image/wkseller/301/a53a9dc6884edf14677dfe7622405a33.jpg?x-cc=20&x-cu=28909&x-ct=1784098800&x-cs=e705bb8f68d02963e6d3d16b804ef6b7""","https://b2bfiles1.gigab2b.cn/image/wkseller/301/a7768b49afd9e3c831dadaa90e1f5345.jpg?x-cc=20&x-cu=28909&x-ct=1784098800&x-cs=0d353c76aedd43bf97c4f407f082835c""","https://b2bfiles1.gigab2b.cn/image/wkseller/301/2190baf58632286400ac350605036d21.jpg?x-cc=20&x-cu=28909&x-ct=1784098800&x-cs=786edf5ecc148f4fb13276a120147b64""","https://b2bfiles1.gigab2b.cn/image/wkseller/301/88999cedb7508a826c4667df98ed67cd.jpg?x-cc=20&x-cu=28909&x-ct=1784098800&x-cs=edc16bfe8c48da3f39a3777263fa7699""","https://b2bfiles1.gigab2b.cn/image/wkseller/301/e6d6953cc66d0925d6e6c7b8c51a3634.jpg?x-cc=20&x-cu=28909&x-ct=1784098800&x-cs=35ad70f75ac52586e50969c396be8bd1""","https://b2bfiles1.gigab2b.cn/image/wkseller/301/a658f8ee53e9c4fa2efb58e11cca137f.jpg?x-cc=20&x-cu=28909&x-ct=1784098800&x-cs=a16797011543d7e503be588b2f9ed0b9""","https://b2bfiles1.gigab2b.cn/image/wkseller/301/4d4f071fabb6bf38dd399f1c740a3030.jpg?x-cc=20&x-cu=28909&x-ct=1784098800&x-cs=d988bdec7bfeb80b2a1b4db130907559""","https://b2bfiles1.gigab2b.cn/image/wkseller/301/70624ed84403f6967580756b30bac8e0.jpg?x-cc=20&x-cu=28909&x-ct=1784098800&x-cs=1e5313bd3c5ce5fbf9bef1a2c87937af""]",https://pub-606bcd6c031442e4959f73b5435fefd1.r2.dev/shipping-guide.png,,,,,,,,,,『数量限定セール』 【ブラックPVC座面＆ダークブラウン脚】PVC  レーダーチェア  イームズチェア   ダイニングチェア 木脚 椅子  キズ防止 おしゃれ 組立簡単 北欧 イス,"ホムブリスショップへようこそ
♪すべての商品は未開封の新品です
♪フォロー割あり
♪まとめ買い割あり：2点で2%OFF、3点で3%OFF、最大5%（一部商品適用外）
♪発送と送料：在庫品は1～2営業日以内に発送、再入荷商品は入荷後1～2営業日以内に発送いたします。北海道は基本的に追加送料不要です。沖縄への送料は別途お見積りが必須です。

【商品説明】

組立時重量: Not Applicable
組立時長さ: Not Applicable
組立時幅: Not Applicable
組立時高さ: Not Applicable
主要素材: PVC
主要カラー: Black",ブラック,0,S512P500487AB,,,,,,,,,,,,,,,,,,,,,,,,,,,,,,,,,,,,,,,4752,uCmnfJGdXF7HAhN2A9Ab7L,1,1,jp13,1,1,1,,,,,,,
"https://b2bfiles1.gigab2b.cn/image/wkseller/301/25fa422c9f2442ea2a774f847d5f263f.jpg?x-cc=20&x-cu=28909&x-ct=1784098800&x-cs=56f53d1a7e274659bafc54df4ac292db""","https://b2bfiles1.gigab2b.cn/image/wkseller/301/69877dc8b2de70f7ea77f4e922e6aec9.jpg?x-cc=20&x-cu=28909&x-ct=1784098800&x-cs=fd670fb21418c461d892c6db3855c7b9""","https://b2bfiles1.gigab2b.cn/image/wkseller/301/a53a9dc6884edf14677dfe7622405a33.jpg?x-cc=20&x-cu=28909&x-ct=1784098800&x-cs=e705bb8f68d02963e6d3d16b804ef6b7""","https://b2bfiles1.gigab2b.cn/image/wkseller/301/a7768b49afd9e3c831dadaa90e1f5345.jpg?x-cc=20&x-cu=28909&x-ct=1784098800&x-cs=0d353c76aedd43bf97c4f407f082835c""","https://b2bfiles1.gigab2b.cn/image/wkseller/301/2190baf58632286400ac350605036d21.jpg?x-cc=20&x-cu=28909&x-ct=1784098800&x-cs=786edf5ecc148f4fb13276a120147b64""","https://b2bfiles1.gigab2b.cn/image/wkseller/301/88999cedb7508a826c4667df98ed67cd.jpg?x-cc=20&x-cu=28909&x-ct=1784098800&x-cs=edc16bfe8c48da3f39a3777263fa7699""","https://b2bfiles1.gigab2b.cn/image/wkseller/301/e6d6953cc66d0925d6e6c7b8c51a3634.jpg?x-cc=20&x-cu=28909&x-ct=1784098800&x-cs=35ad70f75ac52586e50969c396be8bd1""","https://b2bfiles1.gigab2b.cn/image/wkseller/301/a658f8ee53e9c4fa2efb58e11cca137f.jpg?x-cc=20&x-cu=28909&x-ct=1784098800&x-cs=a16797011543d7e503be588b2f9ed0b9""","https://b2bfiles1.gigab2b.cn/image/wkseller/301/4d4f071fabb6bf38dd399f1c740a3030.jpg?x-cc=20&x-cu=28909&x-ct=1784098800&x-cs=d988bdec7bfeb80b2a1b4db130907559""","https://b2bfiles1.gigab2b.cn/image/wkseller/301/22a179769ef5cfee12f980d2b23fb81f.jpg?x-cc=20&x-cu=28909&x-ct=1784098800&x-cs=40209a17b107396e34549ad178204677""]",https://pub-606bcd6c031442e4959f73b5435fefd1.r2.dev/shipping-guide.png,,,,,,,,,,『数量限定セール』 【ブラックPVC座面＆ブラウン脚】PVC  レーダーチェア  イームズチェア   ダイニングチェア 木脚 椅子  キズ防止 おしゃれ 組立簡単 北欧 イス,"ホムブリスショップへようこそ
♪すべての商品は未開封の新品です
♪フォロー割あり
♪まとめ買い割あり：2点で2%OFF、3点で3%OFF、最大5%（一部商品適用外）
♪発送と送料：在庫品は1～2営業日以内に発送、再入荷商品は入荷後1～2営業日以内に発送いたします。北海道は基本的に追加送料不要です。沖縄への送料は別途お見積りが必須です。

【商品説明】

組立時重量: Not Applicable
組立時長さ: Not Applicable
組立時幅: Not Applicable
組立時高さ: Not Applicable
主要素材: PVC
主要カラー: Black",ブラック,2,S512P500487AC,,,,,,,,,,,,,,,,,,,,,,,,,,,,,,,,,,,,,,,4752,uCmnfJGdXF7HAhN2A9Ab7L,1,1,jp13,1,1,1,,,,,,,
"https://b2bfiles1.gigab2b.cn/image/wkseller/301/666fb1548ba23095fabc1a7e047e6b13.jpg?x-cc=20&x-cu=28909&x-ct=1784098800&x-cs=2b2f822b288b5522bfef0e7d2b4d8272""","https://b2bfiles1.gigab2b.cn/image/wkseller/301/224dd3beefa9a826da66eb9e1b823e7d.jpg?x-cc=20&x-cu=28909&x-ct=1784098800&x-cs=3c7b1a3c4da36d36750c4a68f928e848""","https://b2bfiles1.gigab2b.cn/image/wkseller/301/a53a9dc6884edf14677dfe7622405a33.jpg?x-cc=20&x-cu=28909&x-ct=1784098800&x-cs=e705bb8f68d02963e6d3d16b804ef6b7""","https://b2bfiles1.gigab2b.cn/image/wkseller/301/a7768b49afd9e3c831dadaa90e1f5345.jpg?x-cc=20&x-cu=28909&x-ct=1784098800&x-cs=0d353c76aedd43bf97c4f407f082835c""","https://b2bfiles1.gigab2b.cn/image/wkseller/301/2190baf58632286400ac350605036d21.jpg?x-cc=20&x-cu=28909&x-ct=1784098800&x-cs=786edf5ecc148f4fb13276a120147b64""","https://b2bfiles1.gigab2b.cn/image/wkseller/301/88999cedb7508a826c4667df98ed67cd.jpg?x-cc=20&x-cu=28909&x-ct=1784098800&x-cs=edc16bfe8c48da3f39a3777263fa7699""","https://b2bfiles1.gigab2b.cn/image/wkseller/301/e6d6953cc66d0925d6e6c7b8c51a3634.jpg?x-cc=20&x-cu=28909&x-ct=1784098800&x-cs=35ad70f75ac52586e50969c396be8bd1""","https://b2bfiles1.gigab2b.cn/image/wkseller/301/a658f8ee53e9c4fa2efb58e11cca137f.jpg?x-cc=20&x-cu=28909&x-ct=1784098800&x-cs=a16797011543d7e503be588b2f9ed0b9""","https://b2bfiles1.gigab2b.cn/image/wkseller/301/4d4f071fabb6bf38dd399f1c740a3030.jpg?x-cc=20&x-cu=28909&x-ct=1784098800&x-cs=d988bdec7bfeb80b2a1b4db130907559""","https://b2bfiles1.gigab2b.cn/image/wkseller/301/c77a20e5aaf2976c21044b62b71448d6.jpg?x-cc=20&x-cu=28909&x-ct=1784098800&x-cs=a56387f36dbcd226e61ff47470fb576d""]",https://pub-606bcd6c031442e4959f73b5435fefd1.r2.dev/shipping-guide.png,,,,,,,,,,『数量限定セール』 【ブラックPVC座面＆スチール脚】PVC  レーダーチェア  イームズチェア   ダイニングチェア 木脚 椅子  キズ防止 おしゃれ 組立簡単 北欧 イス,"ホムブリスショップへようこそ
♪すべての商品は未開封の新品です
♪フォロー割あり
♪まとめ買い割あり：2点で2%OFF、3点で3%OFF、最大5%（一部商品適用外）
♪発送と送料：在庫品は1～2営業日以内に発送、再入荷商品は入荷後1～2営業日以内に発送いたします。北海道は基本的に追加送料不要です。沖縄への送料は別途お見積りが必須です。

【商品説明】

組立時重量: Not Applicable
組立時長さ: Not Applicable
組立時幅: Not Applicable
組立時高さ: Not Applicable
主要素材: PVC
主要カラー: Black",ブラック,0,S512P500487AS,,,,,,,,,,,,,,,,,,,,,,,,,,,,,,,,,,,,,,,5252,uCmnfJGdXF7HAhN2A9Ab7L,1,1,jp13,1,1,1,,,,,,,
"https://b2bfiles1.gigab2b.cn/image/wkseller/301/15b03f52db40e9c4e3d66f654655431d.jpg?x-cc=20&x-cu=28909&x-ct=1784098800&x-cs=b227dc2862a554fe1ee2f903e474d14a""","https://b2bfiles1.gigab2b.cn/image/wkseller/301/44a4be0724c09caef81da7bfc5b55949.jpg?x-cc=20&x-cu=28909&x-ct=1784098800&x-cs=25d0d1db49343428d529be848fe0e3bc""","https://b2bfiles1.gigab2b.cn/image/wkseller/301/a53a9dc6884edf14677dfe7622405a33.jpg?x-cc=20&x-cu=28909&x-ct=1784098800&x-cs=e705bb8f68d02963e6d3d16b804ef6b7""","https://b2bfiles1.gigab2b.cn/image/wkseller/301/a7768b49afd9e3c831dadaa90e1f5345.jpg?x-cc=20&x-cu=28909&x-ct=1784098800&x-cs=0d353c76aedd43bf97c4f407f082835c""","https://b2bfiles1.gigab2b.cn/image/wkseller/301/2190baf58632286400ac350605036d21.jpg?x-cc=20&x-cu=28909&x-ct=1784098800&x-cs=786edf5ecc148f4fb13276a120147b64""","https://b2bfiles1.gigab2b.cn/image/wkseller/301/88999cedb7508a826c4667df98ed67cd.jpg?x-cc=20&x-cu=28909&x-ct=1784098800&x-cs=edc16bfe8c48da3f39a3777263fa7699""","https://b2bfiles1.gigab2b.cn/image/wkseller/301/e6d6953cc66d0925d6e6c7b8c51a3634.jpg?x-cc=20&x-cu=28909&x-ct=1784098800&x-cs=35ad70f75ac52586e50969c396be8bd1""","https://b2bfiles1.gigab2b.cn/image/wkseller/301/a658f8ee53e9c4fa2efb58e11cca137f.jpg?x-cc=20&x-cu=28909&x-ct=1784098800&x-cs=a16797011543d7e503be588b2f9ed0b9""","https://b2bfiles1.gigab2b.cn/image/wkseller/301/4d4f071fabb6bf38dd399f1c740a3030.jpg?x-cc=20&x-cu=28909&x-ct=1784098800&x-cs=d988bdec7bfeb80b2a1b4db130907559""","https://b2bfiles1.gigab2b.cn/image/wkseller/301/0403d5ae44eb6b6d6af66e46592a0274.png?x-cc=20&x-cu=28909&x-ct=1784098800&x-cs=736e3907739e83f9050298a8770f564a""]",https://pub-606bcd6c031442e4959f73b5435fefd1.r2.dev/shipping-guide.png,,,,,,,,,,『数量限定セール』 【ホワイトPVC座面＆ナチュラル脚】PVC  レーダーチェア  イームズチェア   ダイニングチェア 木脚 椅子  キズ防止 おしゃれ 組立簡単 北欧 イス,"ホムブリスショップへようこそ
♪すべての商品は未開封の新品です
♪フォロー割あり
♪まとめ買い割あり：2点で2%OFF、3点で3%OFF、最大5%（一部商品適用外）
♪発送と送料：在庫品は1～2営業日以内に発送、再入荷商品は入荷後1～2営業日以内に発送いたします。北海道は基本的に追加送料不要です。沖縄への送料は別途お見積りが必須です。

【商品説明】

組立時重量: Not Applicable
組立時長さ: Not Applicable
組立時幅: Not Applicable
組立時高さ: Not Applicable
主要素材: PVC
主要カラー: White",ホワイト,0,S512P500487BA,,,,,,,,,,,,,,,,,,,,,,,,,,,,,,,,,,,,,,,4752,uCmnfJGdXF7HAhN2A9Ab7L,1,1,jp13,1,1,1,,,,,,,
"https://b2bfiles1.gigab2b.cn/image/wkseller/301/7e43bec352e5e73273fe90435b5453e4.jpg?x-cc=20&x-cu=28909&x-ct=1784098800&x-cs=c9e8573adb20bedcb79b1fae8c1b36c0""","https://b2bfiles1.gigab2b.cn/image/wkseller/301/6867ed5ef5cdf8bdf2ca7750ec10295b.jpg?x-cc=20&x-cu=28909&x-ct=1784098800&x-cs=67607216d24aa38d0cbf9aadc12b0e69""","https://b2bfiles1.gigab2b.cn/image/wkseller/301/a53a9dc6884edf14677dfe7622405a33.jpg?x-cc=20&x-cu=28909&x-ct=1784098800&x-cs=e705bb8f68d02963e6d3d16b804ef6b7""","https://b2bfiles1.gigab2b.cn/image/wkseller/301/a7768b49afd9e3c831dadaa90e1f5345.jpg?x-cc=20&x-cu=28909&x-ct=1784098800&x-cs=0d353c76aedd43bf97c4f407f082835c""","https://b2bfiles1.gigab2b.cn/image/wkseller/301/2190baf58632286400ac350605036d21.jpg?x-cc=20&x-cu=28909&x-ct=1784098800&x-cs=786edf5ecc148f4fb13276a120147b64""","https://b2bfiles1.gigab2b.cn/image/wkseller/301/88999cedb7508a826c4667df98ed67cd.jpg?x-cc=20&x-cu=28909&x-ct=1784098800&x-cs=edc16bfe8c48da3f39a3777263fa7699""","https://b2bfiles1.gigab2b.cn/image/wkseller/301/e6d6953cc66d0925d6e6c7b8c51a3634.jpg?x-cc=20&x-cu=28909&x-ct=1784098800&x-cs=35ad70f75ac52586e50969c396be8bd1""","https://b2bfiles1.gigab2b.cn/image/wkseller/301/a658f8ee53e9c4fa2efb58e11cca137f.jpg?x-cc=20&x-cu=28909&x-ct=1784098800&x-cs=a16797011543d7e503be588b2f9ed0b9""","https://b2bfiles1.gigab2b.cn/image/wkseller/301/4d4f071fabb6bf38dd399f1c740a3030.jpg?x-cc=20&x-cu=28909&x-ct=1784098800&x-cs=d988bdec7bfeb80b2a1b4db130907559""]",https://pub-606bcd6c031442e4959f73b5435fefd1.r2.dev/shipping-guide.png,,,,,,,,,,,『数量限定セール』 【ホワイトPVC座面＆ダークブラウン脚】PVC  レーダーチェア  イームズチェア   ダイニングチェア 木脚 椅子  キズ防止 おしゃれ 組立簡単 北欧 イス,"ホムブリスショップへようこそ
♪すべての商品は未開封の新品です
♪フォロー割あり
♪まとめ買い割あり：2点で2%OFF、3点で3%OFF、最大5%（一部商品適用外）
♪発送と送料：在庫品は1～2営業日以内に発送、再入荷商品は入荷後1～2営業日以内に発送いたします。北海道は基本的に追加送料不要です。沖縄への送料は別途お見積りが必須です。

【商品説明】

組立時重量: Not Applicable
組立時長さ: Not Applicable
組立時幅: Not Applicable
組立時高さ: Not Applicable
主要素材: PVC
主要カラー: White",ホワイト,0,S512P500487BB,,,,,,,,,,,,,,,,,,,,,,,,,,,,,,,,,,,,,,,4752,uCmnfJGdXF7HAhN2A9Ab7L,1,1,jp13,1,1,1,,,,,,,
"https://b2bfiles1.gigab2b.cn/image/wkseller/301/dfcab07ea5f16fcb074dbc9d99ea11a2.jpg?x-cc=20&x-cu=28909&x-ct=1784098800&x-cs=e3037304f900b396bc96c2e5d367c389""","https://b2bfiles1.gigab2b.cn/image/wkseller/301/e7756c14773106ffdc023895c140b569.jpg?x-cc=20&x-cu=28909&x-ct=1784098800&x-cs=52c324c65df22e1d8178e48b4b56fff6""","https://b2bfiles1.gigab2b.cn/image/wkseller/301/a53a9dc6884edf14677dfe7622405a33.jpg?x-cc=20&x-cu=28909&x-ct=1784098800&x-cs=e705bb8f68d02963e6d3d16b804ef6b7""","https://b2bfiles1.gigab2b.cn/image/wkseller/301/a7768b49afd9e3c831dadaa90e1f5345.jpg?x-cc=20&x-cu=28909&x-ct=1784098800&x-cs=0d353c76aedd43bf97c4f407f082835c""","https://b2bfiles1.gigab2b.cn/image/wkseller/301/2190baf58632286400ac350605036d21.jpg?x-cc=20&x-cu=28909&x-ct=1784098800&x-cs=786edf5ecc148f4fb13276a120147b64""","https://b2bfiles1.gigab2b.cn/image/wkseller/301/88999cedb7508a826c4667df98ed67cd.jpg?x-cc=20&x-cu=28909&x-ct=1784098800&x-cs=edc16bfe8c48da3f39a3777263fa7699""","https://b2bfiles1.gigab2b.cn/image/wkseller/301/e6d6953cc66d0925d6e6c7b8c51a3634.jpg?x-cc=20&x-cu=28909&x-ct=1784098800&x-cs=35ad70f75ac52586e50969c396be8bd1""","https://b2bfiles1.gigab2b.cn/image/wkseller/301/a658f8ee53e9c4fa2efb58e11cca137f.jpg?x-cc=20&x-cu=28909&x-ct=1784098800&x-cs=a16797011543d7e503be588b2f9ed0b9""","https://b2bfiles1.gigab2b.cn/image/wkseller/301/4d4f071fabb6bf38dd399f1c740a3030.jpg?x-cc=20&x-cu=28909&x-ct=1784098800&x-cs=d988bdec7bfeb80b2a1b4db130907559""","https://b2bfiles1.gigab2b.cn/image/wkseller/301/da90c7355fd8988c16e9fa39fd22f447.png?x-cc=20&x-cu=28909&x-ct=1784098800&x-cs=83067bbedb929bef881bdfa51fd35e43""]",https://pub-606bcd6c031442e4959f73b5435fefd1.r2.dev/shipping-guide.png,,,,,,,,,,『数量限定セール』 【ホワイトPVC座面＆ブラウン脚】PVC  レーダーチェア  イームズチェア   ダイニングチェア 木脚 椅子  キズ防止 おしゃれ 組立簡単 北欧 イス,"ホムブリスショップへようこそ
♪すべての商品は未開封の新品です
♪フォロー割あり
♪まとめ買い割あり：2点で2%OFF、3点で3%OFF、最大5%（一部商品適用外）
♪発送と送料：在庫品は1～2営業日以内に発送、再入荷商品は入荷後1～2営業日以内に発送いたします。北海道は基本的に追加送料不要です。沖縄への送料は別途お見積りが必須です。

【商品説明】

組立時重量: Not Applicable
組立時長さ: Not Applicable
組立時幅: Not Applicable
組立時高さ: Not Applicable
主要素材: PVC
主要カラー: White",ホワイト,27,S512P500487BC,,,,,,,,,,,,,,,,,,,,,,,,,,,,,,,,,,,,,,,4752,uCmnfJGdXF7HAhN2A9Ab7L,1,1,jp13,1,1,1,,,,,,,
"https://b2bfiles1.gigab2b.cn/image/wkseller/301/4fbb37a082cfa28158b143ec6eedf52e.jpg?x-cc=20&x-cu=28909&x-ct=1784098800&x-cs=31805ea08ee1b04300515f74815fa467""","https://b2bfiles1.gigab2b.cn/image/wkseller/301/1dc1e10cde678712d3595fd7429ec829.jpg?x-cc=20&x-cu=28909&x-ct=1784098800&x-cs=b32424b0d1427e6f69e38dfd2d442fa8""","https://b2bfiles1.gigab2b.cn/image/wkseller/301/a53a9dc6884edf14677dfe7622405a33.jpg?x-cc=20&x-cu=28909&x-ct=1784098800&x-cs=e705bb8f68d02963e6d3d16b804ef6b7""","https://b2bfiles1.gigab2b.cn/image/wkseller/301/a7768b49afd9e3c831dadaa90e1f5345.jpg?x-cc=20&x-cu=28909&x-ct=1784098800&x-cs=0d353c76aedd43bf97c4f407f082835c""","https://b2bfiles1.gigab2b.cn/image/wkseller/301/2190baf58632286400ac350605036d21.jpg?x-cc=20&x-cu=28909&x-ct=1784098800&x-cs=786edf5ecc148f4fb13276a120147b64""","https://b2bfiles1.gigab2b.cn/image/wkseller/301/88999cedb7508a826c4667df98ed67cd.jpg?x-cc=20&x-cu=28909&x-ct=1784098800&x-cs=edc16bfe8c48da3f39a3777263fa7699""","https://b2bfiles1.gigab2b.cn/image/wkseller/301/e6d6953cc66d0925d6e6c7b8c51a3634.jpg?x-cc=20&x-cu=28909&x-ct=1784098800&x-cs=35ad70f75ac52586e50969c396be8bd1""","https://b2bfiles1.gigab2b.cn/image/wkseller/301/a658f8ee53e9c4fa2efb58e11cca137f.jpg?x-cc=20&x-cu=28909&x-ct=1784098800&x-cs=a16797011543d7e503be588b2f9ed0b9""","https://b2bfiles1.gigab2b.cn/image/wkseller/301/4d4f071fabb6bf38dd399f1c740a3030.jpg?x-cc=20&x-cu=28909&x-ct=1784098800&x-cs=d988bdec7bfeb80b2a1b4db130907559""","https://b2bfiles1.gigab2b.cn/image/wkseller/301/0abf8465fa9607da0c0414822201bd51.jpg?x-cc=20&x-cu=28909&x-ct=1784098800&x-cs=b4ce12df0b3db608bb50ea536eb5af02""]",https://pub-606bcd6c031442e4959f73b5435fefd1.r2.dev/shipping-guide.png,,,,,,,,,,『数量限定セール』 【ホワイトPVC座面＆スチール脚】PVC  レーダーチェア  イームズチェア   ダイニングチェア 木脚 椅子  キズ防止 おしゃれ 組立簡単 北欧 イス,"ホムブリスショップへようこそ
♪すべての商品は未開封の新品です
♪フォロー割あり
♪まとめ買い割あり：2点で2%OFF、3点で3%OFF、最大5%（一部商品適用外）
♪発送と送料：在庫品は1～2営業日以内に発送、再入荷商品は入荷後1～2営業日以内に発送いたします。北海道は基本的に追加送料不要です。沖縄への送料は別途お見積りが必須です。

【商品説明】

組立時重量: Not Applicable
組立時長さ: Not Applicable
組立時幅: Not Applicable
組立時高さ: Not Applicable
主要素材: PVC
主要カラー: White",ホワイト,27,S512P500487BS,,,,,,,,,,,,,,,,,,,,,,,,,,,,,,,,,,,,,,,5252,uCmnfJGdXF7HAhN2A9Ab7L,1,1,jp13,1,1,1,,,,,,,
"https://b2bfiles1.gigab2b.cn/image/wkseller/7404/1fe869952cbf00cb0653829191459663.png?x-cc=20&x-cu=28909&x-ct=1784098800&x-cs=ee31e20487b0ac056103695928afd204""","https://b2bfiles1.gigab2b.cn/image/wkseller/7404/36e0be1ffe5d23029bc6869211bc9315.png?x-cc=20&x-cu=28909&x-ct=1784098800&x-cs=ca089813d2293559b73eec48115e45ed""","https://b2bfiles1.gigab2b.cn/image/wkseller/7404/609cdb96cab6d894fa9e10bb7369d05b.jpg?x-cc=20&x-cu=28909&x-ct=1784098800&x-cs=10d63c450edb8ec2e1857df80b2fc45b""","https://b2bfiles1.gigab2b.cn/image/wkseller/7404/5f4dac896a68b9c1f5043dd31e6ecf03.jpg?x-cc=20&x-cu=28909&x-ct=1784098800&x-cs=b4e31a128f023c24874d95737a485730""","https://b2bfiles1.gigab2b.cn/image/wkseller/7404/dbe52cbe1222e46ab540822a52c29991.jpg?x-cc=20&x-cu=28909&x-ct=1784098800&x-cs=a1ffe30cde144e12c92a8c82767b51e2""","https://b2bfiles1.gigab2b.cn/image/wkseller/7404/cf61eab34c099bf6537c81c4a8b984e3.jpg?x-cc=20&x-cu=28909&x-ct=1784098800&x-cs=b9b4cdc87db7368f7f45d5e18e99b83a""","https://b2bfiles1.gigab2b.cn/image/wkseller/7404/0c900982e4283d9aac7f41e6fb1e81e0.jpg?x-cc=20&x-cu=28909&x-ct=1784098800&x-cs=e8dd27a24c4171e04ba98ac99c013580""","https://b2bfiles1.gigab2b.cn/image/wkseller/7404/daad76b64017e1e0996f2aadd54068b4.jpg?x-cc=20&x-cu=28909&x-ct=1784098800&x-cs=8ba32e3c485cbc61d5f59e117a811e0c""","https://b2bfiles1.gigab2b.cn/image/wkseller/7404/90822e6102c3ea9795338e347b101b97.jpg?x-cc=20&x-cu=28909&x-ct=1784098800&x-cs=62618198fb043c59fd85d0311a242d74""","https://b2bfiles1.gigab2b.cn/image/wkseller/7404/ad32f5f6d8cb459fe765312478be1c12.jpg?x-cc=20&x-cu=28909&x-ct=1784098800&x-cs=1912dc38fc400f784f7f8e3dba69522d""","https://b2bfiles1.gigab2b.cn/image/wkseller/7404/99bae541887b8d8b9a4718bdd9438355.jpg?x-cc=20&x-cu=28909&x-ct=1784098800&x-cs=474edaa3bb434ea826b7347b03914245""","https://b2bfiles1.gigab2b.cn/image/wkseller/7404/e01670dc2a3e99be6794db19821ab4f1.jpg?x-cc=20&x-cu=28909&x-ct=1784098800&x-cs=c1e49c67b8b771c94be11e5d9a219ff0""","https://b2bfiles1.gigab2b.cn/image/wkseller/7404/78276e0863fc775f3433db5709e77108.jpg?x-cc=20&x-cu=28909&x-ct=1784098800&x-cs=a9ef5f3bac3af28771417a10e9860c64""","https://b2bfiles1.gigab2b.cn/image/wkseller/7404/d1adad54249215d831c53fbced589190.jpg?x-cc=20&x-cu=28909&x-ct=1784098800&x-cs=002d2c61e300d085d945ab1e5cf6d05d""","https://b2bfiles1.gigab2b.cn/image/wkseller/7404/7f76c96c84f7adcb7b3ae77e173d2e83.jpg?x-cc=20&x-cu=28909&x-ct=1784098800&x-cs=d51333f73c596ecf9e5b018abd38c7ba""","https://b2bfiles1.gigab2b.cn/image/wkseller/7404/8e692bb453836fa6ac223e46989759f9.jpg?x-cc=20&x-cu=28909&x-ct=1784098800&x-cs=c5fc034349d2d8bc947ca29abef2a935""","https://b2bfiles1.gigab2b.cn/image/wkseller/7404/a49d5811bf0a5cebd037796506ceaeb5.jpg?x-cc=20&x-cu=28909&x-ct=1784098800&x-cs=b856d14305897e9a8c030c7265989aff""","https://b2bfiles1.gigab2b.cn/image/wkseller/7404/119d8d0a6b08e525152a1fbfc703cc64.jpg?x-cc=20&x-cu=28909&x-ct=1784098800&x-cs=7b32215ef91b57923bd05ff261aa7d8a""","https://b2bfiles1.gigab2b.cn/image/wkseller/7404/cd70c08119a02ecdf5a77cc588ee1136.jpg?x-cc=20&x-cu=28909&x-ct=1784098800&x-cs=69e6e516395ff9fa73df652c33b88fda""",https://pub-606bcd6c031442e4959f73b5435fefd1.r2.dev/shipping-guide.png,ワインキャビネット ガラスケース ガラス扉 ガラスキャビネット 収納付き 7色LEDライト付き 音楽連動 Bluetooth操作 人感センサー付き 可動棚 鍵付き UV素材 多用途収納 ブラック ホワイト選択可能,"ホムブリスショップへようこそ
♪すべての商品は未開封の新品です
♪フォロー割あり
♪まとめ買い割あり：2点で2%OFF、3点で3%OFF、最大5%（一部商品適用外）
♪発送と送料：在庫品は1～2営業日以内に発送、再入荷商品は入荷後1～2営業日以内に発送いたします。北海道は基本的に追加送料不要です。沖縄への送料は別途お見積りが必須です。

【商品説明】

組立時重量: Not Applicable
組立時長さ: Not Applicable
組立時幅: Not Applicable
組立時高さ: Not Applicable
主要素材: Glass,PC
主要カラー: Black",ブラック,0,SETN506P498989A,,,,,,,,,,,,,,,,,,,,,,,,,,,,,,,,,,,,,,,26058,nrCpawxs5bctcfDGwjS7Qf,1,1,jp13,1,1,1,,,,,,,
"https://b2bfiles1.gigab2b.cn/image/wkseller/7404/7d3c0459cab243532f911abf702b372b.png?x-cc=20&x-cu=28909&x-ct=1784098800&x-cs=0c1db785a93d6748707529d0b74e88b0""","https://b2bfiles1.gigab2b.cn/image/wkseller/7404/e65eab5bbe3abcbb8c31239c4b8b5990.png?x-cc=20&x-cu=28909&x-ct=1784098800&x-cs=72d377635acd4785ee679b444411c0ee""","https://b2bfiles1.gigab2b.cn/image/wkseller/7404/609cdb96cab6d894fa9e10bb7369d05b.jpg?x-cc=20&x-cu=28909&x-ct=1784098800&x-cs=10d63c450edb8ec2e1857df80b2fc45b""","https://b2bfiles1.gigab2b.cn/image/wkseller/7404/dbe52cbe1222e46ab540822a52c29991.jpg?x-cc=20&x-cu=28909&x-ct=1784098800&x-cs=a1ffe30cde144e12c92a8c82767b51e2""","https://b2bfiles1.gigab2b.cn/image/wkseller/7404/cf61eab34c099bf6537c81c4a8b984e3.jpg?x-cc=20&x-cu=28909&x-ct=1784098800&x-cs=b9b4cdc87db7368f7f45d5e18e99b83a""","https://b2bfiles1.gigab2b.cn/image/wkseller/7404/0c900982e4283d9aac7f41e6fb1e81e0.jpg?x-cc=20&x-cu=28909&x-ct=1784098800&x-cs=e8dd27a24c4171e04ba98ac99c013580""","https://b2bfiles1.gigab2b.cn/image/wkseller/7404/5f4dac896a68b9c1f5043dd31e6ecf03.jpg?x-cc=20&x-cu=28909&x-ct=1784098800&x-cs=b4e31a128f023c24874d95737a485730""","https://b2bfiles1.gigab2b.cn/image/wkseller/7404/daad76b64017e1e0996f2aadd54068b4.jpg?x-cc=20&x-cu=28909&x-ct=1784098800&x-cs=8ba32e3c485cbc61d5f59e117a811e0c""","https://b2bfiles1.gigab2b.cn/image/wkseller/7404/d1adad54249215d831c53fbced589190.jpg?x-cc=20&x-cu=28909&x-ct=1784098800&x-cs=002d2c61e300d085d945ab1e5cf6d05d""","https://b2bfiles1.gigab2b.cn/image/wkseller/7404/99bae541887b8d8b9a4718bdd9438355.jpg?x-cc=20&x-cu=28909&x-ct=1784098800&x-cs=474edaa3bb434ea826b7347b03914245""","https://b2bfiles1.gigab2b.cn/image/wkseller/7404/78276e0863fc775f3433db5709e77108.jpg?x-cc=20&x-cu=28909&x-ct=1784098800&x-cs=a9ef5f3bac3af28771417a10e9860c64""","https://b2bfiles1.gigab2b.cn/image/wkseller/7404/ad32f5f6d8cb459fe765312478be1c12.jpg?x-cc=20&x-cu=28909&x-ct=1784098800&x-cs=1912dc38fc400f784f7f8e3dba69522d""","https://b2bfiles1.gigab2b.cn/image/wkseller/7404/a49d5811bf0a5cebd037796506ceaeb5.jpg?x-cc=20&x-cu=28909&x-ct=1784098800&x-cs=b856d14305897e9a8c030c7265989aff""","https://b2bfiles1.gigab2b.cn/image/wkseller/7404/119d8d0a6b08e525152a1fbfc703cc64.jpg?x-cc=20&x-cu=28909&x-ct=1784098800&x-cs=7b32215ef91b57923bd05ff261aa7d8a""","https://b2bfiles1.gigab2b.cn/image/wkseller/7404/8e692bb453836fa6ac223e46989759f9.jpg?x-cc=20&x-cu=28909&x-ct=1784098800&x-cs=c5fc034349d2d8bc947ca29abef2a935""","https://b2bfiles1.gigab2b.cn/image/wkseller/7404/90822e6102c3ea9795338e347b101b97.jpg?x-cc=20&x-cu=28909&x-ct=1784098800&x-cs=62618198fb043c59fd85d0311a242d74""","https://b2bfiles1.gigab2b.cn/image/wkseller/7404/e01670dc2a3e99be6794db19821ab4f1.jpg?x-cc=20&x-cu=28909&x-ct=1784098800&x-cs=c1e49c67b8b771c94be11e5d9a219ff0""","https://b2bfiles1.gigab2b.cn/image/wkseller/7404/7f76c96c84f7adcb7b3ae77e173d2e83.jpg?x-cc=20&x-cu=28909&x-ct=1784098800&x-cs=d51333f73c596ecf9e5b018abd38c7ba""","https://b2bfiles1.gigab2b.cn/image/wkseller/7404/5326e2bc3f836ace775a0f1386474b6b.png?x-cc=20&x-cu=28909&x-ct=1784098800&x-cs=231538b4c38661753f1c258dc41a81d2""",https://pub-606bcd6c031442e4959f73b5435fefd1.r2.dev/shipping-guide.png,ワインキャビネット ガラスケース ガラス扉 ガラスキャビネット収納付き 7色LEDライト付き 音楽連動 Bluetooth操作 人感センサー付き 可動棚 鍵付き UV素材 多用途収納 ブラック ホワイト選択可能,"ホムブリスショップへようこそ
♪すべての商品は未開封の新品です
♪フォロー割あり
♪まとめ買い割あり：2点で2%OFF、3点で3%OFF、最大5%（一部商品適用外）
♪発送と送料：在庫品は1～2営業日以内に発送、再入荷商品は入荷後1～2営業日以内に発送いたします。北海道は基本的に追加送料不要です。沖縄への送料は別途お見積りが必須です。

【商品説明】

組立時重量: Not Applicable
組立時長さ: Not Applicable
組立時幅: Not Applicable
組立時高さ: Not Applicable
主要素材: Glass,PC
主要カラー: White",ホワイト,0,SETN506P498989B,,,,,,,,,,,,,,,,,,,,,,,,,,,,,,,,,,,,,,,26058,nrCpawxs5bctcfDGwjS7Qf,1,1,jp13,1,1,1,,,,,,,
"https://b2bfiles1.gigab2b.cn/image/wkseller/7404/4e42827a806696dbfae70b64d5b2e3ca.png?x-cc=20&x-cu=28909&x-ct=1784098800&x-cs=2fc976146bc7a96e6699b0e9f93b8adc""","https://b2bfiles1.gigab2b.cn/image/wkseller/7404/a9a5089c5e590a6d5bd26ab4452e7ad3.png?x-cc=20&x-cu=28909&x-ct=1784098800&x-cs=ca68c9ace1d4904348fb021ca3cdf38e""","https://b2bfiles1.gigab2b.cn/image/wkseller/7404/29d39e8886e38bb8ea5723e379b76e16.jpg?x-cc=20&x-cu=28909&x-ct=1784098800&x-cs=8304256d0edb2b4dbb499176da194565""","https://b2bfiles1.gigab2b.cn/image/wkseller/7404/c25c095ea69dc917cfd98bfb911eacf2.jpg?x-cc=20&x-cu=28909&x-ct=1784098800&x-cs=0f16dd656e941e3fe1e20f3137b7110a""","https://b2bfiles1.gigab2b.cn/image/wkseller/7404/adf9ebaf93ea84e922a1722f38eb9948.jpg?x-cc=20&x-cu=28909&x-ct=1784098800&x-cs=473a02b44e5e154a20c719338912c310""","https://b2bfiles1.gigab2b.cn/image/wkseller/7404/a7df7ac2789c3e357066242f119ba262.jpg?x-cc=20&x-cu=28909&x-ct=1784098800&x-cs=486e6d91d48706b3028ba529df693cfe""","https://b2bfiles1.gigab2b.cn/image/wkseller/7404/e4925dbe268377352e4790dcb0a5993b.jpg?x-cc=20&x-cu=28909&x-ct=1784098800&x-cs=7fe61f729ccad3837d87f246820f164a""","https://b2bfiles1.gigab2b.cn/image/wkseller/7404/903950c72489008ec115c4dc6ddc9238.jpg?x-cc=20&x-cu=28909&x-ct=1784098800&x-cs=3e655bdd74c0776ff6c100fa1f9b3456""","https://b2bfiles1.gigab2b.cn/image/wkseller/7404/e26563c9439a488ff8eb0de0c6c571dd.jpg?x-cc=20&x-cu=28909&x-ct=1784098800&x-cs=5f0960717658a0df7a89509cb693b2c1""","https://b2bfiles1.gigab2b.cn/image/wkseller/7404/3d80b103d8a0f03fd7e437ae9ee574f3.jpg?x-cc=20&x-cu=28909&x-ct=1784098800&x-cs=04fb78009d6c555c10cb54b06e577d2f""","https://b2bfiles1.gigab2b.cn/image/wkseller/7404/9515a933256fec8057ca77b565f24e43.jpg?x-cc=20&x-cu=28909&x-ct=1784098800&x-cs=387a656f1992ec2bd1274b284dcaad54""","https://b2bfiles1.gigab2b.cn/image/wkseller/7404/c6bdc817b24a5e0cd72ab8b9947537a4.jpg?x-cc=20&x-cu=28909&x-ct=1784098800&x-cs=8deca52ac70b291d90b51c220b064fff""","https://b2bfiles1.gigab2b.cn/image/wkseller/7404/d3b25ba3f2648bf180acec70cfe2e498.jpg?x-cc=20&x-cu=28909&x-ct=1784098800&x-cs=56344d0d57e07d34d51f5ed6feb8bb43""","https://b2bfiles1.gigab2b.cn/image/wkseller/7404/9384c5323773eb0f3bee8bde3071ae17.jpg?x-cc=20&x-cu=28909&x-ct=1784098800&x-cs=0b9a085ff19f7b27fdd6710bd6320fe7""","https://b2bfiles1.gigab2b.cn/image/wkseller/7404/7545671e6c0c5747c67775dc27cf38be.jpg?x-cc=20&x-cu=28909&x-ct=1784098800&x-cs=7672cf8f086fa4621f39557c875b96b0""","https://b2bfiles1.gigab2b.cn/image/wkseller/7404/de29bc988db6f1a36d600751e33ce430.jpg?x-cc=20&x-cu=28909&x-ct=1784098800&x-cs=4ea09bad06ebc68276d0cb031e1bc83a""","https://b2bfiles1.gigab2b.cn/image/wkseller/7404/a36f1ec819c17ab2aa57ccd4b8449b00.jpg?x-cc=20&x-cu=28909&x-ct=1784098800&x-cs=7418fabac49fd63161921bb1da4110f3""]",https://pub-606bcd6c031442e4959f73b5435fefd1.r2.dev/shipping-guide.png,,,『数量限定セール』 ワインキャビネット ガラスキャビネット ガラス扉 大容量の収納 4段棚 7色LEDライト付き 音楽連動 Bluetooth操作 人感センサー付き 側面傾斜ガラス 転倒防止 ブラック ホワイト選択可能,"ホムブリスショップへようこそ
♪すべての商品は未開封の新品です
♪フォロー割あり
♪まとめ買い割あり：2点で2%OFF、3点で3%OFF、最大5%（一部商品適用外）
♪発送と送料：在庫品は1～2営業日以内に発送、再入荷商品は入荷後1～2営業日以内に発送いたします。北海道は基本的に追加送料不要です。沖縄への送料は別途お見積りが必須です。

【商品説明】

組立時重量: Not Applicable
組立時長さ: Not Applicable
組立時幅: Not Applicable
組立時高さ: Not Applicable
主要素材: Glass,PC
主要カラー: Black",ブラック,0,SETN506P498992A,,,,,,,,,,,,,,,,,,,,,,,,,,,,,,,,,,,,,,,26206,nrCpawxs5bctcfDGwjS7Qf,1,1,jp13,1,1,1,,,,,,,
"https://b2bfiles1.gigab2b.cn/image/wkseller/7404/4b64cbc532910a13f1b690bbc4e07c97.png?x-cc=20&x-cu=28909&x-ct=1784098800&x-cs=cdc51933855af55fbdc9f864a51ece2a""","https://b2bfiles1.gigab2b.cn/image/wkseller/7404/0d9f8fd8a4f6bd7337aaedae7646240c.png?x-cc=20&x-cu=28909&x-ct=1784098800&x-cs=d2ae9d3f3e298f4e6cb74cb548907e39""","https://b2bfiles1.gigab2b.cn/image/wkseller/7404/29d39e8886e38bb8ea5723e379b76e16.jpg?x-cc=20&x-cu=28909&x-ct=1784098800&x-cs=8304256d0edb2b4dbb499176da194565""","https://b2bfiles1.gigab2b.cn/image/wkseller/7404/c25c095ea69dc917cfd98bfb911eacf2.jpg?x-cc=20&x-cu=28909&x-ct=1784098800&x-cs=0f16dd656e941e3fe1e20f3137b7110a""","https://b2bfiles1.gigab2b.cn/image/wkseller/7404/adf9ebaf93ea84e922a1722f38eb9948.jpg?x-cc=20&x-cu=28909&x-ct=1784098800&x-cs=473a02b44e5e154a20c719338912c310""","https://b2bfiles1.gigab2b.cn/image/wkseller/7404/a7df7ac2789c3e357066242f119ba262.jpg?x-cc=20&x-cu=28909&x-ct=1784098800&x-cs=486e6d91d48706b3028ba529df693cfe""","https://b2bfiles1.gigab2b.cn/image/wkseller/7404/e4925dbe268377352e4790dcb0a5993b.jpg?x-cc=20&x-cu=28909&x-ct=1784098800&x-cs=7fe61f729ccad3837d87f246820f164a""","https://b2bfiles1.gigab2b.cn/image/wkseller/7404/903950c72489008ec115c4dc6ddc9238.jpg?x-cc=20&x-cu=28909&x-ct=1784098800&x-cs=3e655bdd74c0776ff6c100fa1f9b3456""","https://b2bfiles1.gigab2b.cn/image/wkseller/7404/e26563c9439a488ff8eb0de0c6c571dd.jpg?x-cc=20&x-cu=28909&x-ct=1784098800&x-cs=5f0960717658a0df7a89509cb693b2c1""","https://b2bfiles1.gigab2b.cn/image/wkseller/7404/3d80b103d8a0f03fd7e437ae9ee574f3.jpg?x-cc=20&x-cu=28909&x-ct=1784098800&x-cs=04fb78009d6c555c10cb54b06e577d2f""","https://b2bfiles1.gigab2b.cn/image/wkseller/7404/9515a933256fec8057ca77b565f24e43.jpg?x-cc=20&x-cu=28909&x-ct=1784098800&x-cs=387a656f1992ec2bd1274b284dcaad54""","https://b2bfiles1.gigab2b.cn/image/wkseller/7404/c6bdc817b24a5e0cd72ab8b9947537a4.jpg?x-cc=20&x-cu=28909&x-ct=1784098800&x-cs=8deca52ac70b291d90b51c220b064fff""","https://b2bfiles1.gigab2b.cn/image/wkseller/7404/9384c5323773eb0f3bee8bde3071ae17.jpg?x-cc=20&x-cu=28909&x-ct=1784098800&x-cs=0b9a085ff19f7b27fdd6710bd6320fe7""","https://b2bfiles1.gigab2b.cn/image/wkseller/7404/d3b25ba3f2648bf180acec70cfe2e498.jpg?x-cc=20&x-cu=28909&x-ct=1784098800&x-cs=56344d0d57e07d34d51f5ed6feb8bb43""","https://b2bfiles1.gigab2b.cn/image/wkseller/7404/f1f765f41a92c1645482e76c7f4eb3d1.png?x-cc=20&x-cu=28909&x-ct=1784098800&x-cs=146d0eb610d074fd19818190bc49d4e4""","https://b2bfiles1.gigab2b.cn/image/wkseller/7404/d0ad6199f08bf38cc92b393e815d877a.jpg?x-cc=20&x-cu=28909&x-ct=1784098800&x-cs=418f83f2791d9550db8dc4f8cd98697e""","https://b2bfiles1.gigab2b.cn/image/wkseller/7404/0510580dbe9c2b218e4b6b006723d14d.jpg?x-cc=20&x-cu=28909&x-ct=1784098800&x-cs=b4d7a7199b0ebdcf5727e6aca69c1d0b""","https://b2bfiles1.gigab2b.cn/image/wkseller/7404/a36f1ec819c17ab2aa57ccd4b8449b00.jpg?x-cc=20&x-cu=28909&x-ct=1784098800&x-cs=7418fabac49fd63161921bb1da4110f3""]",https://pub-606bcd6c031442e4959f73b5435fefd1.r2.dev/shipping-guide.png,,『数量限定セール』 ワインキャビネット ガラスキャビネット ガラス扉 大容量の収納 4段棚 7色LEDライト付き 音楽連動 Bluetooth操作 人感センサー付き 側面傾斜ガラス 転倒防止 ブラック ホワイト選択可能,"ホムブリスショップへようこそ
♪すべての商品は未開封の新品です
♪フォロー割あり
♪まとめ買い割あり：2点で2%OFF、3点で3%OFF、最大5%（一部商品適用外）
♪発送と送料：在庫品は1～2営業日以内に発送、再入荷商品は入荷後1～2営業日以内に発送いたします。北海道は基本的に追加送料不要です。沖縄への送料は別途お見積りが必須です。

【商品説明】

組立時重量: Not Applicable
組立時長さ: Not Applicable
組立時幅: Not Applicable
組立時高さ: Not Applicable
主要素材: Glass,PC
主要カラー: White",ホワイト,0,SETN506P498992B,,,,,,,,,,,,,,,,,,,,,,,,,,,,,,,,,,,,,,,26206,nrCpawxs5bctcfDGwjS7Qf,1,1,jp13,1,1,1,,,,,,,
"https://b2bfiles1.gigab2b.cn/image/wkseller/7404/f512146f5c0b7ca3ac43be145140dd70.png?x-cc=20&x-cu=28909&x-ct=1784098800&x-cs=0849b4b9f0efd53bf8c5bad265e97fee""","https://b2bfiles1.gigab2b.cn/image/wkseller/7404/40a92028246c876eec78a9990bc1ab2f.png?x-cc=20&x-cu=28909&x-ct=1784098800&x-cs=15c88461da4b1a328157ea186c7c9eb9""","https://b2bfiles1.gigab2b.cn/image/wkseller/7404/ed1a5da564dde0901e6e042b508f8274.jpg?x-cc=20&x-cu=28909&x-ct=1784098800&x-cs=c73393ac8f48a27a75a2253697bb2a90""","https://b2bfiles1.gigab2b.cn/image/wkseller/7404/a81c6d6987532d46e24966f74e7b277b.jpg?x-cc=20&x-cu=28909&x-ct=1784098800&x-cs=3837dcc1ab621db6b6a37a147d015793""","https://b2bfiles1.gigab2b.cn/image/wkseller/7404/8338ba0f2bc283c752eba5e9f40d7773.jpg?x-cc=20&x-cu=28909&x-ct=1784098800&x-cs=26a6b2e498200d84ef380c529a20c4f2""","https://b2bfiles1.gigab2b.cn/image/wkseller/7404/0d50b0d99314cd4678251b3cf08dab36.jpg?x-cc=20&x-cu=28909&x-ct=1784098800&x-cs=d2df48edbe09d047debd8052a5f7f956""","https://b2bfiles1.gigab2b.cn/image/wkseller/7404/cb783a9635a5e691aa9e8e631042377c.jpg?x-cc=20&x-cu=28909&x-ct=1784098800&x-cs=9f8a90eebeab56f2608cbcea8ddaf8e2""","https://b2bfiles1.gigab2b.cn/image/wkseller/7404/b432ae41fcfb1aff3aec0e2ebf614a49.jpg?x-cc=20&x-cu=28909&x-ct=1784098800&x-cs=f8dc186de583d484f987965d9ea4d847""","https://b2bfiles1.gigab2b.cn/image/wkseller/7404/7cb6ccb62660a40c248ee4262fd67566.jpg?x-cc=20&x-cu=28909&x-ct=1784098800&x-cs=efef948a3b79beb35a480ecd3e27da9a""","https://b2bfiles1.gigab2b.cn/image/wkseller/7404/19359696d8f78e6390a1b00f7818425c.jpg?x-cc=20&x-cu=28909&x-ct=1784098800&x-cs=bf3340c19b5859b66888fec10608ea03""","https://b2bfiles1.gigab2b.cn/image/wkseller/7404/b6a2377579fc2d723fa0e778eef567d9.jpg?x-cc=20&x-cu=28909&x-ct=1784098800&x-cs=6ef888718deecfe1d7a71907d6ca0f61""","https://b2bfiles1.gigab2b.cn/image/wkseller/7404/60b683d3c81439d903253f4749a4b907.jpg?x-cc=20&x-cu=28909&x-ct=1784098800&x-cs=95ba12fd72bef9fe944333d23527af07""","https://b2bfiles1.gigab2b.cn/image/wkseller/7404/7468594d76958e314ae3731c7ea85e7b.jpg?x-cc=20&x-cu=28909&x-ct=1784098800&x-cs=96d63483bfb1ef5f3ba51915ca0a2cdd""","https://b2bfiles1.gigab2b.cn/image/wkseller/7404/39809f1103de0f7214aecfd353f737b4.jpg?x-cc=20&x-cu=28909&x-ct=1784098800&x-cs=1cbe28aefa177f82ece9b304ca1d2ca5""","https://b2bfiles1.gigab2b.cn/image/wkseller/7404/4d50d3e6a275f4d68dc4066f565ece5e.jpg?x-cc=20&x-cu=28909&x-ct=1784098800&x-cs=bb259ef52b565db3b3e5942339f70f6b""","https://b2bfiles1.gigab2b.cn/image/wkseller/7404/352ae3b6323db564b39325e395aff998.jpg?x-cc=20&x-cu=28909&x-ct=1784098800&x-cs=a136f79c047611240162e456e57b995f""","https://b2bfiles1.gigab2b.cn/image/wkseller/7404/6e67d04370ec34569a2fb6f60b51f5a2.jpg?x-cc=20&x-cu=28909&x-ct=1784098800&x-cs=f9109cf0f3035c1b57dd6a81760ecebf""","https://b2bfiles1.gigab2b.cn/image/wkseller/7404/5e41de7deec5595c15f1c010ef74169f.jpg?x-cc=20&x-cu=28909&x-ct=1784098800&x-cs=60b285dda7b855a1fb995292c0e533a1""]",https://pub-606bcd6c031442e4959f73b5435fefd1.r2.dev/shipping-guide.png,,『数量限定セール』 コレクションケース ガラス扉 ディスプレイキャビネット 3面ガラス 7色LEDライト付き 音楽連動 Bluetooth操作 人感センサー付き 可動棚 フィギュアケース 防転倒設計 ブラック ホワイト選択可能,"ホムブリスショップへようこそ
♪すべての商品は未開封の新品です
♪フォロー割あり
♪まとめ買い割あり：2点で2%OFF、3点で3%OFF、最大5%（一部商品適用外）
♪発送と送料：在庫品は1～2営業日以内に発送、再入荷商品は入荷後1～2営業日以内に発送いたします。北海道は基本的に追加送料不要です。沖縄への送料は別途お見積りが必須です。

【商品説明】

組立時重量: Not Applicable
組立時長さ: Not Applicable
組立時幅: Not Applicable
組立時高さ: Not Applicable
主要素材: Glass,PC
主要カラー: Black",ブラック,0,SETN506P521668A,,,,,,,,,,,,,,,,,,,,,,,,,,,,,,,,,,,,,,,24706,nrCpawxs5bctcfDGwjS7Qf,1,1,jp13,1,1,1,,,,,,,
"https://b2bfiles1.gigab2b.cn/image/wkseller/7404/4738729928243a594f552a3497cf36c9.png?x-cc=20&x-cu=28909&x-ct=1784098800&x-cs=ec7217bb3c39c953e1a511c05768896b""","https://b2bfiles1.gigab2b.cn/image/wkseller/7404/5f633ab7aee1b5a46ebaa65323fe4eeb.png?x-cc=20&x-cu=28909&x-ct=1784098800&x-cs=7bf37a52d9b022298e92b6526aabe474""","https://b2bfiles1.gigab2b.cn/image/wkseller/7404/ed1a5da564dde0901e6e042b508f8274.jpg?x-cc=20&x-cu=28909&x-ct=1784098800&x-cs=c73393ac8f48a27a75a2253697bb2a90""","https://b2bfiles1.gigab2b.cn/image/wkseller/7404/a81c6d6987532d46e24966f74e7b277b.jpg?x-cc=20&x-cu=28909&x-ct=1784098800&x-cs=3837dcc1ab621db6b6a37a147d015793""","https://b2bfiles1.gigab2b.cn/image/wkseller/7404/8338ba0f2bc283c752eba5e9f40d7773.jpg?x-cc=20&x-cu=28909&x-ct=1784098800&x-cs=26a6b2e498200d84ef380c529a20c4f2""","https://b2bfiles1.gigab2b.cn/image/wkseller/7404/0d50b0d99314cd4678251b3cf08dab36.jpg?x-cc=20&x-cu=28909&x-ct=1784098800&x-cs=d2df48edbe09d047debd8052a5f7f956""","https://b2bfiles1.gigab2b.cn/image/wkseller/7404/cb783a9635a5e691aa9e8e631042377c.jpg?x-cc=20&x-cu=28909&x-ct=1784098800&x-cs=9f8a90eebeab56f2608cbcea8ddaf8e2""","https://b2bfiles1.gigab2b.cn/image/wkseller/7404/b432ae41fcfb1aff3aec0e2ebf614a49.jpg?x-cc=20&x-cu=28909&x-ct=1784098800&x-cs=f8dc186de583d484f987965d9ea4d847""","https://b2bfiles1.gigab2b.cn/image/wkseller/7404/7cb6ccb62660a40c248ee4262fd67566.jpg?x-cc=20&x-cu=28909&x-ct=1784098800&x-cs=efef948a3b79beb35a480ecd3e27da9a""","https://b2bfiles1.gigab2b.cn/image/wkseller/7404/19359696d8f78e6390a1b00f7818425c.jpg?x-cc=20&x-cu=28909&x-ct=1784098800&x-cs=bf3340c19b5859b66888fec10608ea03""","https://b2bfiles1.gigab2b.cn/image/wkseller/7404/b6a2377579fc2d723fa0e778eef567d9.jpg?x-cc=20&x-cu=28909&x-ct=1784098800&x-cs=6ef888718deecfe1d7a71907d6ca0f61""","https://b2bfiles1.gigab2b.cn/image/wkseller/7404/60b683d3c81439d903253f4749a4b907.jpg?x-cc=20&x-cu=28909&x-ct=1784098800&x-cs=95ba12fd72bef9fe944333d23527af07""","https://b2bfiles1.gigab2b.cn/image/wkseller/7404/7468594d76958e314ae3731c7ea85e7b.jpg?x-cc=20&x-cu=28909&x-ct=1784098800&x-cs=96d63483bfb1ef5f3ba51915ca0a2cdd""","https://b2bfiles1.gigab2b.cn/image/wkseller/7404/39809f1103de0f7214aecfd353f737b4.jpg?x-cc=20&x-cu=28909&x-ct=1784098800&x-cs=1cbe28aefa177f82ece9b304ca1d2ca5""","https://b2bfiles1.gigab2b.cn/image/wkseller/7404/4d50d3e6a275f4d68dc4066f565ece5e.jpg?x-cc=20&x-cu=28909&x-ct=1784098800&x-cs=bb259ef52b565db3b3e5942339f70f6b""","https://b2bfiles1.gigab2b.cn/image/wkseller/7404/074a1242bd2817e3564cb7be459957e1.png?x-cc=20&x-cu=28909&x-ct=1784098800&x-cs=50d2a13cdb74d6fa9af24b9d8e030994""","https://b2bfiles1.gigab2b.cn/image/wkseller/7404/67984fcde4325275c30ba8f8aa993088.jpg?x-cc=20&x-cu=28909&x-ct=1784098800&x-cs=866f5e6707590567f6869ffea7e4e2e5""","https://b2bfiles1.gigab2b.cn/image/wkseller/7404/7cc1e08a1b3414a900c3946709ea27be.jpg?x-cc=20&x-cu=28909&x-ct=1784098800&x-cs=a9d3423d1e3e1c231c27c49e88de9bc3""","https://b2bfiles1.gigab2b.cn/image/wkseller/7404/5e41de7deec5595c15f1c010ef74169f.jpg?x-cc=20&x-cu=28909&x-ct=1784098800&x-cs=60b285dda7b855a1fb995292c0e533a1""]",https://pub-606bcd6c031442e4959f73b5435fefd1.r2.dev/shipping-guide.png,『数量限定セール』 コレクションケース ガラス扉 ディスプレイキャビネット 3面ガラス 7色LEDライト付き 音楽連動 Bluetooth操作 人感センサー付き 可動棚 フィギュアケース 防転倒設計 ブラック ホワイト選択可能,"ホムブリスショップへようこそ
♪すべての商品は未開封の新品です
♪フォロー割あり
♪まとめ買い割あり：2点で2%OFF、3点で3%OFF、最大5%（一部商品適用外）
♪発送と送料：在庫品は1～2営業日以内に発送、再入荷商品は入荷後1～2営業日以内に発送いたします。北海道は基本的に追加送料不要です。沖縄への送料は別途お見積りが必須です。

【商品説明】

組立時重量: Not Applicable
組立時長さ: Not Applicable
組立時幅: Not Applicable
組立時高さ: Not Applicable
主要素材: Glass,PC
主要カラー: White",ホワイト,0,SETN506P521668B,,,,,,,,,,,,,,,,,,,,,,,,,,,,,,,,,,,,,,,24706,nrCpawxs5bctcfDGwjS7Qf,1,1,jp13,1,1,1,,,,,,,
"https://b2bfiles1.gigab2b.cn/image/wkseller/301/wf193887/20200904_d6ba79929ebc939eef178a7207752574.JPG?x-cc=20&x-cu=28909&x-ct=1784098800&x-cs=1095fef013d061c9e3ce5d36c2f0add5""","https://b2bfiles1.gigab2b.cn/image/wkseller/301/259afe435b371ddb96133dd96ad6be84.jpg?x-cc=20&x-cu=28909&x-ct=1784098800&x-cs=7c8589f2897cb27d8723f4cbb41c1cf7""","https://b2bfiles1.gigab2b.cn/image/wkseller/301/wf193887/20200603_0b27bc1b174f68f223923120d378db71.jpg?x-cc=20&x-cu=28909&x-ct=1784098800&x-cs=add7b1e3a469bf7943d87be869bc0c89""","https://b2bfiles1.gigab2b.cn/image/wkseller/301/wf193887/20200603_13b46a524dc128b360e46d04f4b8a8ff.jpg?x-cc=20&x-cu=28909&x-ct=1784098800&x-cs=2adccf4795899136ab1513d96172ce84""","https://b2bfiles1.gigab2b.cn/image/wkseller/301/wf193887/20200603_64e8ffe3d0b8a8d348384644fc8ca594.jpg?x-cc=20&x-cu=28909&x-ct=1784098800&x-cs=dee752ab33cc7e6eb63f2e68f440f051""","https://b2bfiles1.gigab2b.cn/image/wkseller/301/wf193887/20200603_721d1b083b5f77bd1ad6828f6bbd9bf7.jpg?x-cc=20&x-cu=28909&x-ct=1784098800&x-cs=c32a6300db80e3e79c5df749c01af485""","https://b2bfiles1.gigab2b.cn/image/wkseller/301/wf193887/20200603_b44fc8c1e2f0426324f96dfa2205f516.jpg?x-cc=20&x-cu=28909&x-ct=1784098800&x-cs=1a2e4ce03a745c1463165b8bcc1c22d4""","https://b2bfiles1.gigab2b.cn/image/wkseller/301/wf193887/20200603_c06825939768d5e51b734e2fbc397931.jpg?x-cc=20&x-cu=28909&x-ct=1784098800&x-cs=5654eff71bf6a3f0d638bcfc93b4acdf""","https://b2bfiles1.gigab2b.cn/image/wkseller/301/wf193887/20200603_0175ca0b78e899fbc275776532ffaadd.jpg?x-cc=20&x-cu=28909&x-ct=1784098800&x-cs=35af590229576d74241116ef310ebce2""","https://b2bfiles1.gigab2b.cn/image/wkseller/301/wf193887/20200904_3c8e87db88496066989af4b4ab39bd63.JPG?x-cc=20&x-cu=28909&x-ct=1784098800&x-cs=98ce45cac6d32e8dfa7e75df90e8577d""","https://b2bfiles1.gigab2b.cn/image/wkseller/301/wf193887/20200904_5929619fbcd9160a766a245693424c6b.JPG?x-cc=20&x-cu=28909&x-ct=1784098800&x-cs=5b760df5cb7c27fe1c2cf613b30289df""","https://b2bfiles1.gigab2b.cn/image/wkseller/301/wf193887/20200904_7d77c199fc4a9148a14bbc5c370b9d2d.JPG?x-cc=20&x-cu=28909&x-ct=1784098800&x-cs=6bf4ff53b63b91eebbb96f0995857a4e""","https://b2bfiles1.gigab2b.cn/image/wkseller/301/wf193887/20200904_c7a7e32bb542a38ab3edeaa415a556b2.JPG?x-cc=20&x-cu=28909&x-ct=1784098800&x-cs=16c3ec0714f9a541e699821d59d34c04""","https://b2bfiles1.gigab2b.cn/image/wkseller/301/wf193887/20200904_d97a962260887619ef19208b8f77cd9d.JPG?x-cc=20&x-cu=28909&x-ct=1784098800&x-cs=32191e7004cd9ea076e3be80e1e0e579""","https://b2bfiles1.gigab2b.cn/image/wkseller/301/wf193887/20200603_b39a40c3cd5059b9bf89a57a903d04b2.jpg?x-cc=20&x-cu=28909&x-ct=1784098800&x-cs=40a035ae03a5142e1a428811b75478b9""","https://b2bfiles1.gigab2b.cn/image/wkseller/301/20211021_29465cdf031ca25193704fb5b4a9c756.jpg?x-cc=20&x-cu=28909&x-ct=1784098800&x-cs=a9e1a48cb9d05da4a9dfb7c170c28e4b""","https://b2bfiles1.gigab2b.cn/image/wkseller/301/20211021_8d013184bb51aca553dcd331c225ad1f.jpg?x-cc=20&x-cu=28909&x-ct=1784098800&x-cs=491d01e8b61958cccaf5d9dc1e03ead4""","https://b2bfiles1.gigab2b.cn/image/wkseller/301/20211021_5b7514e754e76e9f28228f8a74f6674b.jpg?x-cc=20&x-cu=28909&x-ct=1784098800&x-cs=9a247bed1c1269ab16ec7be33ed43548""","https://b2bfiles1.gigab2b.cn/image/wkseller/301/20211021_0000b8f9a3802a176cd3550b455dc3d1.jpg?x-cc=20&x-cu=28909&x-ct=1784098800&x-cs=11dfee1018c86ed351700ef218436218""",https://pub-606bcd6c031442e4959f73b5435fefd1.r2.dev/shipping-guide.png,【N512P455095Aオフィスチェア+パソコンデスク セット】  【ナチュラル】パソコンデスク 引き出し付き　収納台　ミシン台 学習机 勉強机,"ホムブリスショップへようこそ
♪すべての商品は未開封の新品です
♪フォロー割あり
♪まとめ買い割あり：2点で2%OFF、3点で3%OFF、最大5%（一部商品適用外）
♪発送と送料：在庫品は1～2営業日以内に発送、再入荷商品は入荷後1～2営業日以内に発送いたします。北海道は基本的に追加送料不要です。沖縄への送料は別途お見積りが必須です。

【商品説明】

組立時重量: Not Applicable
組立時長さ: Not Applicable
組立時幅: Not Applicable
組立時高さ: Not Applicable
主要素材: Particle Board
主要カラー: Natural",ナチュラル,9,SI292338AAA1,,,,,,,,,,,,,,,,,,,,,,,,,,,,,,,,,,,,,,,14006,gRD8jKpyRewmy6DmW57T66,1,1,jp13,1,1,1,,,,,,,
"https://b2bfiles1.gigab2b.cn/image/wkseller/301/wf193887/20200603_2728233913a48a6d9f4b0a2abe922ea5.jpg?x-cc=20&x-cu=28909&x-ct=1784098800&x-cs=1a539bfd4b03fbf48cc2341693e77a40""","https://b2bfiles1.gigab2b.cn/image/wkseller/301/259afe435b371ddb96133dd96ad6be84.jpg?x-cc=20&x-cu=28909&x-ct=1784098800&x-cs=7c8589f2897cb27d8723f4cbb41c1cf7""","https://b2bfiles1.gigab2b.cn/image/wkseller/301/wf193887/20200603_3eb31769759ba05ceda60c7788bfc664.jpg?x-cc=20&x-cu=28909&x-ct=1784098800&x-cs=7bb9e184bef1d07c76a033321bf8c55a""","https://b2bfiles1.gigab2b.cn/image/wkseller/301/wf193887/20200603_67d92190b785ad2e32be88baaf3b76d2.jpg?x-cc=20&x-cu=28909&x-ct=1784098800&x-cs=20d3dfac5514be6ff9a039beed4e99d6""","https://b2bfiles1.gigab2b.cn/image/wkseller/301/wf193887/20200603_b88d425af57fd9d8ea2c5b6b5560b043.jpg?x-cc=20&x-cu=28909&x-ct=1784098800&x-cs=8970972ad2ea0a1309173b92cb995f10""","https://b2bfiles1.gigab2b.cn/image/wkseller/301/wf193887/20200603_cd60509cc867305aa4323b4d495043ec.jpg?x-cc=20&x-cu=28909&x-ct=1784098800&x-cs=02c8984fba263264a543a84b3a8213c4""","https://b2bfiles1.gigab2b.cn/image/wkseller/301/wf193887/20200603_e145282313502862e37d2e329d944e4a.jpg?x-cc=20&x-cu=28909&x-ct=1784098800&x-cs=e877b69e594d4ffd96a9282bd9546f67""","https://b2bfiles1.gigab2b.cn/image/wkseller/301/wf193887/20200603_e202d01cc9d5ad29b03a3e442ab4aa3b.jpg?x-cc=20&x-cu=28909&x-ct=1784098800&x-cs=664dbf6ad2485a1e55d2abf1e3ad48e6""","https://b2bfiles1.gigab2b.cn/image/wkseller/301/wf193887/20200603_e5a76948b96c8f00b527ffc6afd792a0.jpg?x-cc=20&x-cu=28909&x-ct=1784098800&x-cs=31abc2d88690c37cc01d3791a05be2a5""","https://b2bfiles1.gigab2b.cn/image/wkseller/301/wf193887/20200603_6315a9f1c5ac28041f5cc01fc86b1c25.jpg?x-cc=20&x-cu=28909&x-ct=1784098800&x-cs=7c88222f11b9eebd5545e1ba3feca41e""","https://b2bfiles1.gigab2b.cn/image/wkseller/301/wf193887/20200904_8fa8d530c56c2699497eeb112803163c.JPG?x-cc=20&x-cu=28909&x-ct=1784098800&x-cs=c563c0acaf892001486650aaa8d884a9""","https://b2bfiles1.gigab2b.cn/image/wkseller/301/wf193887/20200904_b970224770b7c5e853050d57f178ab05.JPG?x-cc=20&x-cu=28909&x-ct=1784098800&x-cs=c2b2e6098ab2c5d78d760a29eb45b480""","https://b2bfiles1.gigab2b.cn/image/wkseller/301/wf193887/20200904_c6ec6ae6ebe1220d0e226633eebad55f.JPG?x-cc=20&x-cu=28909&x-ct=1784098800&x-cs=e8dd99ec78d5171c0a33825a05ac38b3""","https://b2bfiles1.gigab2b.cn/image/wkseller/301/wf193887/20200904_fc70b0809e852e3df12baed92ce6e5f0.JPG?x-cc=20&x-cu=28909&x-ct=1784098800&x-cs=f77af5709647595a436e621f474dd5f1""","https://b2bfiles1.gigab2b.cn/image/wkseller/301/wf193887/20200904_1801f36d0791515afae5f9c4d5b9dbfe.JPG?x-cc=20&x-cu=28909&x-ct=1784098800&x-cs=ef97cbb462297a7a486f05b3ee181aa5""","https://b2bfiles1.gigab2b.cn/image/wkseller/301/20211021_29465cdf031ca25193704fb5b4a9c756.jpg?x-cc=20&x-cu=28909&x-ct=1784098800&x-cs=a9e1a48cb9d05da4a9dfb7c170c28e4b""","https://b2bfiles1.gigab2b.cn/image/wkseller/301/20211021_8d013184bb51aca553dcd331c225ad1f.jpg?x-cc=20&x-cu=28909&x-ct=1784098800&x-cs=491d01e8b61958cccaf5d9dc1e03ead4""","https://b2bfiles1.gigab2b.cn/image/wkseller/301/20211021_5b7514e754e76e9f28228f8a74f6674b.jpg?x-cc=20&x-cu=28909&x-ct=1784098800&x-cs=9a247bed1c1269ab16ec7be33ed43548""","https://b2bfiles1.gigab2b.cn/image/wkseller/301/20211021_0000b8f9a3802a176cd3550b455dc3d1.jpg?x-cc=20&x-cu=28909&x-ct=1784098800&x-cs=11dfee1018c86ed351700ef218436218""",https://pub-606bcd6c031442e4959f73b5435fefd1.r2.dev/shipping-guide.png,【N512P455095Aオフィスチェア+パソコンデスク セット】 【人気商品】【ダークブラウン】パソコンデスク 引き出し付き　収納台　ミシン台 学習机 勉強机,"ホムブリスショップへようこそ
♪すべての商品は未開封の新品です
♪フォロー割あり
♪まとめ買い割あり：2点で2%OFF、3点で3%OFF、最大5%（一部商品適用外）
♪発送と送料：在庫品は1～2営業日以内に発送、再入荷商品は入荷後1～2営業日以内に発送いたします。北海道は基本的に追加送料不要です。沖縄への送料は別途お見積りが必須です。

【商品説明】

組立時重量: Not Applicable
組立時長さ: Not Applicable
組立時幅: Not Applicable
組立時高さ: Not Applicable
主要素材: Particle Board
主要カラー: Dark Brown",ダークブラウン,0,SI292338BAA1,,,,,,,,,,,,,,,,,,,,,,,,,,,,,,,,,,,,,,,14006,gRD8jKpyRewmy6DmW57T66,1,1,jp13,1,1,1,,,,,,,
"https://b2bfiles1.gigab2b.cn/image/wkseller/301/WF197212/%E4%B8%B4%E6%97%B6/20210613_cca87ec01b96852f2b6366f22a2d710d.png?x-cc=20&x-cu=28909&x-ct=1784098800&x-cs=b9577146698d569e43bfe5dc557e47ee""","https://b2bfiles1.gigab2b.cn/image/wkseller/301/20211008_1d1c5052c5833d8362037f61bb8c11c8.jpg?x-cc=20&x-cu=28909&x-ct=1784098800&x-cs=a005fba7dd53e0623310b55c2c620f70""","https://b2bfiles1.gigab2b.cn/image/wkseller/301/20211008_132f6494fb1b7f058c490b9592ad7b95.jpg?x-cc=20&x-cu=28909&x-ct=1784098800&x-cs=25880e7cd5dffdc17565bd5c9d108483""","https://b2bfiles1.gigab2b.cn/image/wkseller/301/20211008_be66b82a24a50f2c25b812b299f113d5.jpg?x-cc=20&x-cu=28909&x-ct=1784098800&x-cs=164e12ca34d3b48813e326b4da5ed689""","https://b2bfiles1.gigab2b.cn/image/wkseller/301/20211008_e433daf383a0447892cc88bb6c83a25c.jpg?x-cc=20&x-cu=28909&x-ct=1784098800&x-cs=ac16549911e16c42f0c9ae72cc49cfb9""","https://b2bfiles1.gigab2b.cn/image/wkseller/301/20211008_c759a112bc80fab25ae942c97e9bf2f0.jpg?x-cc=20&x-cu=28909&x-ct=1784098800&x-cs=921ced9d7b245ea352d4021c5b2e896b""","https://b2bfiles1.gigab2b.cn/image/wkseller/301/20211008_2a2449057294fb335dac39d0c7c925f1.jpg?x-cc=20&x-cu=28909&x-ct=1784098800&x-cs=40b1c9863757827921c361901496b430""","https://b2bfiles1.gigab2b.cn/image/wkseller/301/20211008_cb9a3708c22864aac3aaabf91ef93537.jpg?x-cc=20&x-cu=28909&x-ct=1784098800&x-cs=14857062e16f196922c3bf6a975bd5bd""","https://b2bfiles1.gigab2b.cn/image/wkseller/301/20211008_fb9895a178b7152472f4dafaf8c7d864.jpg?x-cc=20&x-cu=28909&x-ct=1784098800&x-cs=fccf84b2df7d92e8e317a28d2642c405""]",https://pub-606bcd6c031442e4959f73b5435fefd1.r2.dev/shipping-guide.png,,,,,,,,,,,【N512P455095Aset】【人気商品】パソコンデスク　引き出し付き　幅100*奥48 　ナチュラル,"ホムブリスショップへようこそ
♪すべての商品は未開封の新品です
♪フォロー割あり
♪まとめ買い割あり：2点で2%OFF、3点で3%OFF、最大5%（一部商品適用外）
♪発送と送料：在庫品は1～2営業日以内に発送、再入荷商品は入荷後1～2営業日以内に発送いたします。北海道は基本的に追加送料不要です。沖縄への送料は別途お見積りが必須です。

【商品説明】

組立時重量: Not Applicable
組立時長さ: Not Applicable
組立時幅: Not Applicable
組立時高さ: Not Applicable
主要素材: Particle Board
主要カラー: Natural",ナチュラル,0,SI292339AAA1,,,,,,,,,,,,,,,,,,,,,,,,,,,,,,,,,,,,,,,11502,yvGJ5Az6vUpvHpHjMWucqA,1,1,jp13,1,1,1,,,,,,,
"https://b2bfiles1.gigab2b.cn/image/wkseller/301/WF197212/%E4%B8%B4%E6%97%B6/20210613_9944fd93967659ca36a7a2c888e65fc3.png?x-cc=20&x-cu=28909&x-ct=1784098800&x-cs=4e30f3ef25112d4053ec49b1ce9f348e""","https://b2bfiles1.gigab2b.cn/image/wkseller/301/WF197212/%E4%B8%B4%E6%97%B6/20210613_019132cd282a92489791734112376dc3.png?x-cc=20&x-cu=28909&x-ct=1784098800&x-cs=c0571ea07540f1684ea8bc2a27db5863""","https://b2bfiles1.gigab2b.cn/image/wkseller/301/20211008_d363cdba15be0560c47e46cbecfc9b1d.jpg?x-cc=20&x-cu=28909&x-ct=1784098800&x-cs=3aebdb2c8050f6524ca7bfb87bc7b7c3""","https://b2bfiles1.gigab2b.cn/image/wkseller/301/20211008_c759a112bc80fab25ae942c97e9bf2f0.jpg?x-cc=20&x-cu=28909&x-ct=1784098800&x-cs=921ced9d7b245ea352d4021c5b2e896b""","https://b2bfiles1.gigab2b.cn/image/wkseller/301/20211008_2a2449057294fb335dac39d0c7c925f1.jpg?x-cc=20&x-cu=28909&x-ct=1784098800&x-cs=40b1c9863757827921c361901496b430""","https://b2bfiles1.gigab2b.cn/image/wkseller/301/20211008_cb9a3708c22864aac3aaabf91ef93537.jpg?x-cc=20&x-cu=28909&x-ct=1784098800&x-cs=14857062e16f196922c3bf6a975bd5bd""","https://b2bfiles1.gigab2b.cn/image/wkseller/301/20211008_fb9895a178b7152472f4dafaf8c7d864.jpg?x-cc=20&x-cu=28909&x-ct=1784098800&x-cs=fccf84b2df7d92e8e317a28d2642c405""]",https://pub-606bcd6c031442e4959f73b5435fefd1.r2.dev/shipping-guide.png,,,,,,,,,,,,,【人気商品】パソコンデスク　引き出し付き　幅100*奥48 　ダークブラウン,"ホムブリスショップへようこそ
♪すべての商品は未開封の新品です
♪フォロー割あり
♪まとめ買い割あり：2点で2%OFF、3点で3%OFF、最大5%（一部商品適用外）
♪発送と送料：在庫品は1～2営業日以内に発送、再入荷商品は入荷後1～2営業日以内に発送いたします。北海道は基本的に追加送料不要です。沖縄への送料は別途お見積りが必須です。

【商品説明】

組立時重量: Not Applicable
組立時長さ: Not Applicable
組立時幅: Not Applicable
組立時高さ: Not Applicable
主要素材: Particle Board
主要カラー: Dark Brown",ダークブラウン,54,SI292339BAA1,,,,,,,,,,,,,,,,,,,,,,,,,,,,,,,,,,,,,,,11502,yvGJ5Az6vUpvHpHjMWucqA,1,1,jp13,1,1,1,,,,,,,
"https://b2bfiles1.gigab2b.cn/image/wkseller/301/20221028_ded4d80955ba1abf7391c69fae501bd8.jpg?x-cc=20&x-cu=28909&x-ct=1784098800&x-cs=9117fa02b57a97ce3c53070b2b2fafc5""","https://b2bfiles1.gigab2b.cn/image/wkseller/301/84aa1f61e1a61ad7c73d223b468d9b0f.jpg?x-cc=20&x-cu=28909&x-ct=1784098800&x-cs=1379038cdae6912623597608809aa054""","https://b2bfiles1.gigab2b.cn/image/wkseller/301/WF194931/20200825_380eedc92de93d8c1d31b27297005d62.jpg?x-cc=20&x-cu=28909&x-ct=1784098800&x-cs=eededf20d21f61565f5fbebd553db351""","https://b2bfiles1.gigab2b.cn/image/wkseller/301/WF194931/20200825_9c20c210b594b0e127edd4694cb5b6ab.jpg?x-cc=20&x-cu=28909&x-ct=1784098800&x-cs=a89f57bd1c8fc36df8725be60be4417c""","https://b2bfiles1.gigab2b.cn/image/wkseller/301/WF194931/20200825_a19350765eaf1f97174d0c7af93fe470.jpg?x-cc=20&x-cu=28909&x-ct=1784098800&x-cs=a77b365e5abdd27982abe6b6af24a0a3""","https://b2bfiles1.gigab2b.cn/image/wkseller/301/WF194931/20200825_b20bb96d8037c909cba15831d6b57ca0.jpg?x-cc=20&x-cu=28909&x-ct=1784098800&x-cs=df9c0e260c449a5f10dbeea474ef9aa2""","https://b2bfiles1.gigab2b.cn/image/wkseller/301/WF194931/20200825_e112c5250bb4e6ea7f0005d07eaa8505.jpg?x-cc=20&x-cu=28909&x-ct=1784098800&x-cs=fa456689e9922dc6ba37ff5ae77b3a43""","https://b2bfiles1.gigab2b.cn/image/wkseller/301/WF194931/20200825_fa2f6ffcc0bf53996a89bed33fa3d5cc.jpg?x-cc=20&x-cu=28909&x-ct=1784098800&x-cs=9466e1ffec4831a1296a76ba78ad9f21""","https://b2bfiles1.gigab2b.cn/image/wkseller/301/WF194931/20200825_2051f0c43632cae4a3b1960f5fb7ce49.jpg?x-cc=20&x-cu=28909&x-ct=1784098800&x-cs=bc3e5eccf8b4c746f806cff52f0cd60b""","https://b2bfiles1.gigab2b.cn/image/wkseller/301/20220627_7e309a2da5d1ec06eee0b9d56fe1edfa.jpg?x-cc=20&x-cu=28909&x-ct=1784098800&x-cs=e9235580b0f20fa9c69832db382657eb""","https://b2bfiles1.gigab2b.cn/image/wkseller/301/20221027_c06bc665867f8f72d52a5df30ad0d9b2.jpg?x-cc=20&x-cu=28909&x-ct=1784098800&x-cs=0a785bbe325e1d9eac83a4510150a22a""","https://b2bfiles1.gigab2b.cn/image/wkseller/301/20221027_9edfc47d9bc2664017e61e202f752f17.jpg?x-cc=20&x-cu=28909&x-ct=1784098800&x-cs=cc3707d42ab1cf4f7db2176fe12fbbea""","https://b2bfiles1.gigab2b.cn/image/wkseller/301/20221027_f453575667ce14fb7e266fa9af3e66e0.jpg?x-cc=20&x-cu=28909&x-ct=1784098800&x-cs=fbed521679b22d712788cbe6c443bca5""","https://b2bfiles1.gigab2b.cn/image/wkseller/301/20221027_0bab7ff1b03b00ad5d1f9c4152da149d.jpg?x-cc=20&x-cu=28909&x-ct=1784098800&x-cs=3d31d6aed9567e92ad77b7cee4f0bba6""","https://b2bfiles1.gigab2b.cn/image/wkseller/301/20221027_ab0b18041d67acf0dac30fce6d0a5d15.jpg?x-cc=20&x-cu=28909&x-ct=1784098800&x-cs=2021131f78c6a2614462f26654a4f372""","https://b2bfiles1.gigab2b.cn/image/wkseller/301/20221027_705b6d35bedddd31975aac0c4a3afe10.jpg?x-cc=20&x-cu=28909&x-ct=1784098800&x-cs=959f684a253e106ab3e5c5a82409640f""]",https://pub-606bcd6c031442e4959f73b5435fefd1.r2.dev/shipping-guide.png,,,,【WF301556KAAオフィスチェア+パソコンデスク セット】【ブラック】パソコンデスク L字　120cm　2段ラック付 デスク木製 ミシン台 書斎机  勉強机,"ホムブリスショップへようこそ
♪すべての商品は未開封の新品です
♪フォロー割あり
♪まとめ買い割あり：2点で2%OFF、3点で3%OFF、最大5%（一部商品適用外）
♪発送と送料：在庫品は1～2営業日以内に発送、再入荷商品は入荷後1～2営業日以内に発送いたします。北海道は基本的に追加送料不要です。沖縄への送料は別途お見積りが必須です。

【商品説明】

組立時重量: Not Applicable
組立時長さ: Not Applicable
組立時幅: Not Applicable
組立時高さ: Not Applicable
主要素材: Particle Board
主要カラー: Black",ブラック,0,ST295660AKA,,,,,,,,,,,,,,,,,,,,,,,,,,,,,,,,,,,,,,,11202,gRD8jKpyRewmy6DmW57T66,1,1,jp13,1,1,1,,,,,,,
"https://b2bfiles1.gigab2b.cn/image/wkseller/301/20221028_cb8c947761f37ef63976bc94b2a460da.jpg?x-cc=20&x-cu=28909&x-ct=1784098800&x-cs=ab0eb98f3d8a19a3a9b6020cdbbcc4f7""","https://b2bfiles1.gigab2b.cn/image/wkseller/301/20230515_d4ebb719ac101b3255a2ffe74bfa750e.jpg?x-cc=20&x-cu=28909&x-ct=1784098800&x-cs=50f5e0b9600cb5489c302ace3c847201""","https://b2bfiles1.gigab2b.cn/image/wkseller/301/20220919_edebb2ab443e7df0a49b0222e7245291.jpg?x-cc=20&x-cu=28909&x-ct=1784098800&x-cs=42b2181bb2b3f81f023dfa937be85373""","https://b2bfiles1.gigab2b.cn/image/wkseller/301/20220919_6ec40c2b66065391437b1a79d965a0fa.jpg?x-cc=20&x-cu=28909&x-ct=1784098800&x-cs=313269c01b41c13d58016226dd0e2901""","https://b2bfiles1.gigab2b.cn/image/wkseller/301/20220916_bb793a9ec584d6d934492a366a992138.jpeg?x-cc=20&x-cu=28909&x-ct=1784098800&x-cs=7ddd428327b297dd12e3f34d4c114109""","https://b2bfiles1.gigab2b.cn/image/wkseller/301/20220627_d0952b89476a03777ef0d890e1abbd74.jpg?x-cc=20&x-cu=28909&x-ct=1784098800&x-cs=3b58bc49a51f195a2d191dae4d8e4923""","https://b2bfiles1.gigab2b.cn/image/wkseller/301/20220627_7e309a2da5d1ec06eee0b9d56fe1edfa.jpg?x-cc=20&x-cu=28909&x-ct=1784098800&x-cs=e9235580b0f20fa9c69832db382657eb""","https://b2bfiles1.gigab2b.cn/image/wkseller/301/20220627_7ecb983c29ad4cc5310420507d243f8e.jpg?x-cc=20&x-cu=28909&x-ct=1784098800&x-cs=df51710791d445a51bd676a910d16b3f""","https://b2bfiles1.gigab2b.cn/image/wkseller/301/20221027_c06bc665867f8f72d52a5df30ad0d9b2.jpg?x-cc=20&x-cu=28909&x-ct=1784098800&x-cs=0a785bbe325e1d9eac83a4510150a22a""","https://b2bfiles1.gigab2b.cn/image/wkseller/301/20221027_9edfc47d9bc2664017e61e202f752f17.jpg?x-cc=20&x-cu=28909&x-ct=1784098800&x-cs=cc3707d42ab1cf4f7db2176fe12fbbea""","https://b2bfiles1.gigab2b.cn/image/wkseller/301/20221027_f453575667ce14fb7e266fa9af3e66e0.jpg?x-cc=20&x-cu=28909&x-ct=1784098800&x-cs=fbed521679b22d712788cbe6c443bca5""","https://b2bfiles1.gigab2b.cn/image/wkseller/301/20221027_0bab7ff1b03b00ad5d1f9c4152da149d.jpg?x-cc=20&x-cu=28909&x-ct=1784098800&x-cs=3d31d6aed9567e92ad77b7cee4f0bba6""","https://b2bfiles1.gigab2b.cn/image/wkseller/301/20221027_ab0b18041d67acf0dac30fce6d0a5d15.jpg?x-cc=20&x-cu=28909&x-ct=1784098800&x-cs=2021131f78c6a2614462f26654a4f372""","https://b2bfiles1.gigab2b.cn/image/wkseller/301/20221027_705b6d35bedddd31975aac0c4a3afe10.jpg?x-cc=20&x-cu=28909&x-ct=1784098800&x-cs=959f684a253e106ab3e5c5a82409640f""]",https://pub-606bcd6c031442e4959f73b5435fefd1.r2.dev/shipping-guide.png,,,,,,【WF301556JAAオフィスチェア+パソコンデスク セット】【ブラウン】パソコンデスク L字　120cm　2段ラック付 デスク木製 ミシン台 書斎机  勉強机　ブラウン,"ホムブリスショップへようこそ
♪すべての商品は未開封の新品です
♪フォロー割あり
♪まとめ買い割あり：2点で2%OFF、3点で3%OFF、最大5%（一部商品適用外）
♪発送と送料：在庫品は1～2営業日以内に発送、再入荷商品は入荷後1～2営業日以内に発送いたします。北海道は基本的に追加送料不要です。沖縄への送料は別途お見積りが必須です。

【商品説明】

組立時重量: Not Applicable
組立時長さ: Not Applicable
組立時幅: Not Applicable
組立時高さ: Not Applicable
主要素材: Particle Board
主要カラー: Brown",ブラウン,0,ST295660BJA,,,,,,,,,,,,,,,,,,,,,,,,,,,,,,,,,,,,,,,11202,gRD8jKpyRewmy6DmW57T66,1,1,jp13,1,1,1,,,,,,,
"https://b2bfiles1.gigab2b.cn/image/wkseller/301/20230324_f7aae7dd4da10c833d83999aaa531f9f.jpg?x-cc=20&x-cu=28909&x-ct=1784098800&x-cs=62a856258b385cf77c870e14e49905f0""","https://b2bfiles1.gigab2b.cn/image/wkseller/301/84aa1f61e1a61ad7c73d223b468d9b0f.jpg?x-cc=20&x-cu=28909&x-ct=1784098800&x-cs=1379038cdae6912623597608809aa054""","https://b2bfiles1.gigab2b.cn/image/wkseller/301/20220919_338fffeeeac6f0c44c7d80700259cdc6.jpg?x-cc=20&x-cu=28909&x-ct=1784098800&x-cs=033140a7cd223900f868e2aba6025778""","https://b2bfiles1.gigab2b.cn/image/wkseller/301/wf189982/20200330_889dbc1d255d1e5fc61e7ebcedbbd298.jpg?x-cc=20&x-cu=28909&x-ct=1784098800&x-cs=4ac940646c8a89dcda98c5d63c2c1488""","https://b2bfiles1.gigab2b.cn/image/wkseller/301/wf189982/20200330_aa8d8edbdef2c87e6973afaf56ce0834.jpg?x-cc=20&x-cu=28909&x-ct=1784098800&x-cs=8ddc97deb2fb913ddda284ce3c4c3c0f""","https://b2bfiles1.gigab2b.cn/image/wkseller/301/20220919_899dd3c4e4b50cb5668c79a544d0e9e4.jpg?x-cc=20&x-cu=28909&x-ct=1784098800&x-cs=e62f3267aea4d3985dd5c8fa77dacfd5""","https://b2bfiles1.gigab2b.cn/image/wkseller/301/20220919_545c08dcb35909069c24241a316a2422.jpg?x-cc=20&x-cu=28909&x-ct=1784098800&x-cs=a95d23285ef2f9dc83a0dc725d6dc749""","https://b2bfiles1.gigab2b.cn/image/wkseller/301/20220919_6ecb8271434a300ead1ee7ebee223f13.jpg?x-cc=20&x-cu=28909&x-ct=1784098800&x-cs=20cafc894522052f43a7e39cb3c5227e""","https://b2bfiles1.gigab2b.cn/image/wkseller/301/20220919_e90de024995c1980c11d8e95fd7b89a8.jpg?x-cc=20&x-cu=28909&x-ct=1784098800&x-cs=a54227ddc8c9a199ba8bd423a2165f51""","https://b2bfiles1.gigab2b.cn/image/wkseller/301/20220919_b8558858bad3ff56d050b351c6a974d8.jpg?x-cc=20&x-cu=28909&x-ct=1784098800&x-cs=dfbe8f2bf81bc63088f871b12ab26585""","https://b2bfiles1.gigab2b.cn/image/wkseller/301/20221027_01ecf7f777b79cfccef1b64f47a22640.jpg?x-cc=20&x-cu=28909&x-ct=1784098800&x-cs=f7de039b4138cc6e3d32303ac91a7e98""","https://b2bfiles1.gigab2b.cn/image/wkseller/301/20221027_52ac412d5762727e423eff52ea1a3daa.jpg?x-cc=20&x-cu=28909&x-ct=1784098800&x-cs=435981428ba8eba46d22c7c969f6b71f""","https://b2bfiles1.gigab2b.cn/image/wkseller/301/20221027_7d0efbc27c18a36ef2dfc59616bb76de.jpg?x-cc=20&x-cu=28909&x-ct=1784098800&x-cs=901ce0d3362034ddfff0d9e0960e7042""","https://b2bfiles1.gigab2b.cn/image/wkseller/301/20221027_d11cb8f5e7b25571ab9abe74c9526539.jpg?x-cc=20&x-cu=28909&x-ct=1784098800&x-cs=f1e4bb8a393bf0bfec589ca3f0246e93""","https://b2bfiles1.gigab2b.cn/image/wkseller/301/20221027_05b10eaef9a1bdfd4bd96f5b43cff9d4.jpg?x-cc=20&x-cu=28909&x-ct=1784098800&x-cs=b2082bbc16c54ffca82d4e5471954dbd""","https://b2bfiles1.gigab2b.cn/image/wkseller/301/20221027_9db4b9936db5ba74d88f5ceb4b870042.jpg?x-cc=20&x-cu=28909&x-ct=1784098800&x-cs=0f3f23bb93ebffdb0b2a5ed0411adbc5""]",https://pub-606bcd6c031442e4959f73b5435fefd1.r2.dev/shipping-guide.png,,,,【N512P455095Aオフィスチェア+パソコンデスク セット】【新品 グレー】パソコンデスク シンプル 極簡易デスク ワークデスク 木製 机,"ホムブリスショップへようこそ
♪すべての商品は未開封の新品です
♪フォロー割あり
♪まとめ買い割あり：2点で2%OFF、3点で3%OFF、最大5%（一部商品適用外）
♪発送と送料：在庫品は1～2営業日以内に発送、再入荷商品は入荷後1～2営業日以内に発送いたします。北海道は基本的に追加送料不要です。沖縄への送料は別途お見積りが必須です。

【商品説明】

組立時重量: Not Applicable
組立時長さ: Not Applicable
組立時幅: Not Applicable
組立時高さ: Not Applicable
主要素材: Particle Board
主要カラー: Gray",グレー,35,ST295683FAA,,,,,,,,,,,,,,,,,,,,,,,,,,,,,,,,,,,,,,,8902,gRD8jKpyRewmy6DmW57T66,1,1,jp13,1,1,1,,,,,,,
"https://b2bfiles1.gigab2b.cn/image/wkseller/301/20230331_390795a6cc50ebe9b88136241f1bec68.jpg?x-cc=20&x-cu=28909&x-ct=1784098800&x-cs=8843149b52cdb1d9da90e593f5a56be5""","https://b2bfiles1.gigab2b.cn/image/wkseller/301/20230331_fe56588197b45a95ca345fa5fc90a86a.jpg?x-cc=20&x-cu=28909&x-ct=1784098800&x-cs=ba79a20e072ff889ef6c4e28e1bf886a""","https://b2bfiles1.gigab2b.cn/image/wkseller/301/20230331_cc9f2e00a026b98a717324474e6b3f3a.jpg?x-cc=20&x-cu=28909&x-ct=1784098800&x-cs=7501f0c9c8b4df71df6984a2a16f7ab7""","https://b2bfiles1.gigab2b.cn/image/wkseller/301/20230331_2f4fdeb7b1cf60f01adac47498868566.jpg?x-cc=20&x-cu=28909&x-ct=1784098800&x-cs=41fc57584f3a09daf34bd7ecfb2e0d87""","https://b2bfiles1.gigab2b.cn/image/wkseller/301/20230331_e7b7883b28d71e55967f8406cbe3de42.jpg?x-cc=20&x-cu=28909&x-ct=1784098800&x-cs=783e2922e40a66f94429911562871f65""","https://b2bfiles1.gigab2b.cn/image/wkseller/301/20230331_27eac6157a9fe7536300b40974245519.jpg?x-cc=20&x-cu=28909&x-ct=1784098800&x-cs=fd6ffa65dbe7ee5262737932fe6cd198""","https://b2bfiles1.gigab2b.cn/image/wkseller/301/20230507_0fe6cbbd410299a69400e79cb067eff6.jpg?x-cc=20&x-cu=28909&x-ct=1784098800&x-cs=dcd344eeaebc409eee512b64bc7b969b""","https://b2bfiles1.gigab2b.cn/image/wkseller/301/20221027_230b5161395967f6603582d6ccd74b85.jpg?x-cc=20&x-cu=28909&x-ct=1784098800&x-cs=1c652b20ec77e7f941f3bb36435adf8b""","https://b2bfiles1.gigab2b.cn/image/wkseller/301/20221211_5533aeab0a01b6932bc2617d702f0f5c.jpg?x-cc=20&x-cu=28909&x-ct=1784098800&x-cs=f883fa3c044c0c60c3f11fab56767ddd""","https://b2bfiles1.gigab2b.cn/image/wkseller/301/20230105_f4128f835dc680a2df3e5ae2b43469f6.jpg?x-cc=20&x-cu=28909&x-ct=1784098800&x-cs=bab09e861c2137527126ea85bd588f88""","https://b2bfiles1.gigab2b.cn/image/wkseller/301/20230105_3c24dd9318977edf04439c1849421dbf.jpg?x-cc=20&x-cu=28909&x-ct=1784098800&x-cs=e49224b962373aa431762a4f83dd8bdc""","https://b2bfiles1.gigab2b.cn/image/wkseller/301/20230105_56fcbbb63f9f74e7bc3599efeddc6b84.jpg?x-cc=20&x-cu=28909&x-ct=1784098800&x-cs=ecbed5aadde1d6c4d88c1a7a281c1754""","https://b2bfiles1.gigab2b.cn/image/wkseller/301/20230105_9fb2a6429d188aef7fc065e0682faed0.jpg?x-cc=20&x-cu=28909&x-ct=1784098800&x-cs=f857a9a2bb93e0e90bd7c2dc9f67c312""","https://b2bfiles1.gigab2b.cn/image/wkseller/301/20230105_f44bc4213df0dc1b07828cfbf73262b8.jpg?x-cc=20&x-cu=28909&x-ct=1784098800&x-cs=fbae66d96a223467ebe7642fd243ef21""]",https://pub-606bcd6c031442e4959f73b5435fefd1.r2.dev/shipping-guide.png,,,,,,【WF301556LAAオフィスチェア+パソコンデスク セット】 【人気商品改良タイプ】【ダークブラウ】パソコンデスク L字 120cm 3段ラック付 ハイデスク付き デスク木製 ミシン台 書斎机  勉強机,"ホムブリスショップへようこそ
♪すべての商品は未開封の新品です
♪フォロー割あり
♪まとめ買い割あり：2点で2%OFF、3点で3%OFF、最大5%（一部商品適用外）
♪発送と送料：在庫品は1～2営業日以内に発送、再入荷商品は入荷後1～2営業日以内に発送いたします。北海道は基本的に追加送料不要です。沖縄への送料は別途お見積りが必須です。

【商品説明】

組立時重量: Not Applicable
組立時長さ: Not Applicable
組立時幅: Not Applicable
組立時高さ: Not Applicable
主要素材: Particle Board
主要カラー: Dark Brown",ダークブラウン,0,ST296965BLA,,,,,,,,,,,,,,,,,,,,,,,,,,,,,,,,,,,,,,,14502,gRD8jKpyRewmy6DmW57T66,1,1,jp13,1,1,1,,,,,,,
"https://b2bfiles1.gigab2b.cn/image/wkseller/14300/1ccd255b277c29c2bc61c871cdccbd7d.jpg?x-cc=20&x-cu=28909&x-ct=1784098800&x-cs=ce55ed6ecdc28da4c468193476c1a4e1""","https://b2bfiles1.gigab2b.cn/image/wkseller/14300/5fe1b48f6965b119bd6aa81d7490700b.jpg?x-cc=20&x-cu=28909&x-ct=1784098800&x-cs=f8a21fbd243611085caf98b4560efe23""","https://b2bfiles1.gigab2b.cn/image/wkseller/14300/9c35b19450271b71f9d87e45162d05bb.jpg?x-cc=20&x-cu=28909&x-ct=1784098800&x-cs=bcc2a3af9ba257596b420ca192935567""","https://b2bfiles1.gigab2b.cn/image/wkseller/14300/03f306829afc542c527964154a644ff0.jpg?x-cc=20&x-cu=28909&x-ct=1784098800&x-cs=6ee025977a1c0fc18a04a24c74c3e4dc""","https://b2bfiles1.gigab2b.cn/image/wkseller/14300/0c1a82238e8ee1f261b0f7fdd4358e4d.jpg?x-cc=20&x-cu=28909&x-ct=1784098800&x-cs=d13bc1eecc95b34b7c1cfc01c901813e""","https://b2bfiles1.gigab2b.cn/image/wkseller/14300/70117d87c6cd349aef8e535d007ddbf7.jpg?x-cc=20&x-cu=28909&x-ct=1784098800&x-cs=ace15c5e37e31ccd6f0860343459298a""","https://b2bfiles1.gigab2b.cn/image/wkseller/14300/8ecf4e180edb4c55cfe0e85bf698f511.jpg?x-cc=20&x-cu=28909&x-ct=1784098800&x-cs=8c0b34362a07119edbd7ec36b425f615""","https://b2bfiles1.gigab2b.cn/image/wkseller/14300/4bbdc676311f407ce298853afe043daa.jpg?x-cc=20&x-cu=28909&x-ct=1784098800&x-cs=8e042648a72ec2448f52d04417f6024c""","https://b2bfiles1.gigab2b.cn/image/wkseller/14300/77f1198952f9c9226c35b032b113fa16.jpg?x-cc=20&x-cu=28909&x-ct=1784098800&x-cs=b3c326103c211f15af8c074c36eb886d""","https://b2bfiles1.gigab2b.cn/image/wkseller/14300/b3ec6d7c8418bb23269ec0cf20be1f6f.jpg?x-cc=20&x-cu=28909&x-ct=1784098800&x-cs=1758d661289c7ec5b8a4e26499b16c57""","https://b2bfiles1.gigab2b.cn/image/wkseller/14300/3b8fa1f0f1e1a939d5d29c855f50d569.jpg?x-cc=20&x-cu=28909&x-ct=1784098800&x-cs=123af575658d6518700a3f50727c8192""","https://b2bfiles1.gigab2b.cn/image/wkseller/14300/7a211e4de4d95379453d4329a5d8b949.jpg?x-cc=20&x-cu=28909&x-ct=1784098800&x-cs=c4aed6680ccb267bdc169630cedaca8c""","https://b2bfiles1.gigab2b.cn/image/wkseller/14300/a7ee713748c96905cee53df0341df29c.jpg?x-cc=20&x-cu=28909&x-ct=1784098800&x-cs=8e633e64cc3adba38d869259ffad1504""","https://b2bfiles1.gigab2b.cn/image/wkseller/14300/647df8a17cc475d81ed8f28789c495f8.jpg?x-cc=20&x-cu=28909&x-ct=1784098800&x-cs=69d5a5eab94b3d07f1de0db44242f174""","https://b2bfiles1.gigab2b.cn/image/wkseller/14300/dab59ef3563b2d7ef126178fa85a61bb.jpg?x-cc=20&x-cu=28909&x-ct=1784098800&x-cs=5235c429fd20d7d46c371887345b964c""","https://b2bfiles1.gigab2b.cn/image/wkseller/14300/baf72e84a3b6e8bebf59e3e6d0ab42b9.jpg?x-cc=20&x-cu=28909&x-ct=1784098800&x-cs=d49d2257ecb23250197f41246923b7ba""]",https://pub-606bcd6c031442e4959f73b5435fefd1.r2.dev/shipping-guide.png,,,,『数量限定セール』 テラス屋根 ベランダ  屋根  ひさし大型  重量型 バルコニー 雨よけ サイクルポート 2本の柱  パーゴラ  幅237*奥行き150*高208  ポリカーボネート 屋根 裏庭とバルコニーに適用   壁面取り付け基準に適合,"ホムブリスショップへようこそ
♪すべての商品は未開封の新品です
♪フォロー割あり
♪まとめ買い割あり：2点で2%OFF、3点で3%OFF、最大5%（一部商品適用外）
♪発送と送料：在庫品は1～2営業日以内に発送、再入荷商品は入荷後1～2営業日以内に発送いたします。北海道は基本的に追加送料不要です。沖縄への送料は別途お見積りが必須です。

【商品説明】

重量(kg): 45.5
長さ(cm): 183
幅(cm): 51
高さ(cm): 13.5
組立時重量: 40.00
組立時長さ: 237.00
組立時幅: 150.00
組立時高さ: 208.00
主要素材: PC
主要カラー: Black",ブラック,0,W1266P516855,,,,,,,,,,,,,,,,,,,,,,,,,,,,,,,,,,,,,,,42983,DkjqZAKBXaZN8FB2Kb6zhX,1,1,jp13,1,1,1,,,,,,,
"https://b2bfiles1.gigab2b.cn/image/wkseller/14300/d70f0b392d23eec0e459cd22759c06b5.jpg?x-cc=20&x-cu=28909&x-ct=1784098800&x-cs=9d01d6150cb91aa9428d85f47cd3c169""","https://b2bfiles1.gigab2b.cn/image/wkseller/14300/6000d4bd6daba639338c92f96e63d70a.jpg?x-cc=20&x-cu=28909&x-ct=1784098800&x-cs=04a776e8ec1ff27db66e9c27ee2397f9""","https://b2bfiles1.gigab2b.cn/image/wkseller/14300/f87f0b16db8b7b4cb10a3d5f32deb5b3.jpg?x-cc=20&x-cu=28909&x-ct=1784098800&x-cs=44e5ab611c42cba11c058847b7b8d18d""","https://b2bfiles1.gigab2b.cn/image/wkseller/14300/4bf88e1ba07b4ccef7dca2a17cb6738e.jpg?x-cc=20&x-cu=28909&x-ct=1784098800&x-cs=8d01ed1dd94e0b65915ea2cb902168ac""","https://b2bfiles1.gigab2b.cn/image/wkseller/14300/aaa7afb4332524579c7bc05791c6c4aa.jpg?x-cc=20&x-cu=28909&x-ct=1784098800&x-cs=fd06548d8e41bd7c5e70542f3b8ef76a""","https://b2bfiles1.gigab2b.cn/image/wkseller/14300/583069279b5e8a505ef219a73972205b.jpg?x-cc=20&x-cu=28909&x-ct=1784098800&x-cs=beb9a230155746febcc4b8e6ed1fadae""","https://b2bfiles1.gigab2b.cn/image/wkseller/14300/33e105c10d55806f059b66e0a2cc4710.jpg?x-cc=20&x-cu=28909&x-ct=1784098800&x-cs=ef902d56820fb6675a9bbdc75a16dbbc""","https://b2bfiles1.gigab2b.cn/image/wkseller/14300/4f922d9c1236ec45e3213089557a22c2.jpg?x-cc=20&x-cu=28909&x-ct=1784098800&x-cs=f342bcea6776743b95c1f0af04b6dc03""","https://b2bfiles1.gigab2b.cn/image/wkseller/14300/9db844488563b9890d73fda775442bfe.jpg?x-cc=20&x-cu=28909&x-ct=1784098800&x-cs=e27204fdd4b9c44541e622464d2e7a91""","https://b2bfiles1.gigab2b.cn/image/wkseller/14300/0b9335ed9e2d42a0e83b8026e366e109.jpg?x-cc=20&x-cu=28909&x-ct=1784098800&x-cs=05ca26025d4027416ed86835b7978c89""","https://b2bfiles1.gigab2b.cn/image/wkseller/14300/ea2dbe8591c3820b2577ea7e892209df.jpg?x-cc=20&x-cu=28909&x-ct=1784098800&x-cs=9a8a2502d0eac7ac04241c9fb81e2027""","https://b2bfiles1.gigab2b.cn/image/wkseller/14300/7a579962341ccbe29c299eda74913405.jpg?x-cc=20&x-cu=28909&x-ct=1784098800&x-cs=f83d5fc2a2d7c8492235372f9dc5f941""","https://b2bfiles1.gigab2b.cn/image/wkseller/14300/1373636f2b8410948ad0877d86222db3.jpg?x-cc=20&x-cu=28909&x-ct=1784098800&x-cs=25d84bced04551f5d66d37d65ef8ee3b""","https://b2bfiles1.gigab2b.cn/image/wkseller/14300/70099856ddf067266c255969fe37c0b1.jpg?x-cc=20&x-cu=28909&x-ct=1784098800&x-cs=4f5fe0151de288b49f0ac40b8eae4238""","https://b2bfiles1.gigab2b.cn/image/wkseller/14300/c5eb980c8a009821c3ee59ab6d0a075d.jpg?x-cc=20&x-cu=28909&x-ct=1784098800&x-cs=d125116ec593b603b2e314c19d97fb8c""","https://b2bfiles1.gigab2b.cn/image/wkseller/14300/38b3fb934303c38744aa1573a66dc753.jpg?x-cc=20&x-cu=28909&x-ct=1784098800&x-cs=d823d8d402344980dfec191afa77ff14""","https://b2bfiles1.gigab2b.cn/image/wkseller/14300/5a1ab9dab80b59e83906a82196f26209.jpg?x-cc=20&x-cu=28909&x-ct=1784098800&x-cs=4f8c013ddc9dc4132e8808fdc8df3811""","https://b2bfiles1.gigab2b.cn/image/wkseller/14300/3ac5832226f59eaf0916bb53b5bb3c9e.jpg?x-cc=20&x-cu=28909&x-ct=1784098800&x-cs=6add6688510c6f944ad3821c0505d574""","https://b2bfiles1.gigab2b.cn/image/wkseller/14300/daf3305686e89c32ec7738f2a94ab585.jpg?x-cc=20&x-cu=28909&x-ct=1784098800&x-cs=73a85624a25d4bc6a7d651f9c27d38dc""]",https://pub-606bcd6c031442e4959f73b5435fefd1.r2.dev/shipping-guide.png,物置 屋外  戸外収納庫  スチール  幅239*奥行き174*高185    換気口付き  防さび ベランダ 防水  ガーデニング 庭,"ホムブリスショップへようこそ
♪すべての商品は未開封の新品です
♪フォロー割あり
♪まとめ買い割あり：2点で2%OFF、3点で3%OFF、最大5%（一部商品適用外）
♪発送と送料：在庫品は1～2営業日以内に発送、再入荷商品は入荷後1～2営業日以内に発送いたします。北海道は基本的に追加送料不要です。沖縄への送料は別途お見積りが必須です。

【商品説明】

重量(kg): 48
長さ(cm): 168
幅(cm): 61
高さ(cm): 10
組立時重量: 40.20
組立時長さ: 239.00
組立時幅: 174.00
組立時高さ: 185.00
主要素材: Metal
主要カラー: Grey",グレー,0,W1266P531698,,,,,,,,,,,,,,,,,,,,,,,,,,,,,,,,,,,,,,,35966,DkjqZAKBXaZN8FB2Kb6zhX,1,1,jp13,1,1,1,,,,,,,
"https://b2bfiles1.gigab2b.cn/image/wkseller/14300/15fff5a6a8a58fd90d6364c648cad701.jpg?x-cc=20&x-cu=28909&x-ct=1784098800&x-cs=315dcca597f80a55e420211795a5896b""","https://b2bfiles1.gigab2b.cn/image/wkseller/14300/b74ce532de14189b2b3ffdeeebcdc6c6.jpg?x-cc=20&x-cu=28909&x-ct=1784098800&x-cs=a0574754b10b965a538c6b8421e090da""","https://b2bfiles1.gigab2b.cn/image/wkseller/14300/e9b1bc765fecb973a33b6acc94599cd6.jpg?x-cc=20&x-cu=28909&x-ct=1784098800&x-cs=41f059af1861601fd3d03fc9c7bcdf36""","https://b2bfiles1.gigab2b.cn/image/wkseller/14300/e0ba94ee853d12f68d4820770983a422.jpg?x-cc=20&x-cu=28909&x-ct=1784098800&x-cs=d2e4960ef8bd8dce1e2d428ecd6bee50""","https://b2bfiles1.gigab2b.cn/image/wkseller/14300/bed1206c6bdabbc71cedf0b5a0aba364.jpg?x-cc=20&x-cu=28909&x-ct=1784098800&x-cs=4b94a99ae49eb8695800cb9126ff285a""","https://b2bfiles1.gigab2b.cn/image/wkseller/14300/8580ad9648491a8d680b315827cbee4b.jpg?x-cc=20&x-cu=28909&x-ct=1784098800&x-cs=8e9d14ab2ffaea07e6a78b762c05b384""","https://b2bfiles1.gigab2b.cn/image/wkseller/14300/fc0c5eb9a8beb12c404e764a796bc593.jpg?x-cc=20&x-cu=28909&x-ct=1784098800&x-cs=43f1e2716aa61a1180f5deea5597c500""","https://b2bfiles1.gigab2b.cn/image/wkseller/14300/41ecf8c9be1b1c0580ed7555ab41b956.jpg?x-cc=20&x-cu=28909&x-ct=1784098800&x-cs=e0586e690b3f46f1ed9bc0b7bdc48f76""","https://b2bfiles1.gigab2b.cn/image/wkseller/14300/fea01c4024d023003a66222c46d831e8.jpg?x-cc=20&x-cu=28909&x-ct=1784098800&x-cs=67a204b226d9e25da86269e7b217d570""","https://b2bfiles1.gigab2b.cn/image/wkseller/14300/ecc53dd52ac957d6772156e203117ff2.jpg?x-cc=20&x-cu=28909&x-ct=1784098800&x-cs=8519f36afd681ea8910fe6f7078fabc8""","https://b2bfiles1.gigab2b.cn/image/wkseller/14300/60ab90a46d0cf48a6624c5987157d96d.jpg?x-cc=20&x-cu=28909&x-ct=1784098800&x-cs=9cb7152f964745fa8bd2165bef8045a6""","https://b2bfiles1.gigab2b.cn/image/wkseller/14300/36611f2d51d36bbf3b8f97748ef1229e.jpg?x-cc=20&x-cu=28909&x-ct=1784098800&x-cs=b1fbb28004406542f08c6e62250cf618""","https://b2bfiles1.gigab2b.cn/image/wkseller/14300/000fc0624aaedd3454b72347f47c9854.jpg?x-cc=20&x-cu=28909&x-ct=1784098800&x-cs=3b622dc5f2eb13edc3220c52cec7eb75""","https://b2bfiles1.gigab2b.cn/image/wkseller/14300/a8466800d5e490b572c85d6eced7dbad.jpg?x-cc=20&x-cu=28909&x-ct=1784098800&x-cs=ff5618cb8b752842c5bf2b24d7180c61""","https://b2bfiles1.gigab2b.cn/image/wkseller/14300/bbf3a0f40140bdf628c17598f23d3fb7.jpg?x-cc=20&x-cu=28909&x-ct=1784098800&x-cs=687e51599bf3bb34caf2277a8841e20c""","https://b2bfiles1.gigab2b.cn/image/wkseller/14300/a3a4f71b5d6df2870cac38cc29d58262.jpg?x-cc=20&x-cu=28909&x-ct=1784098800&x-cs=85ef7084b508a69d6222eb6453342b99""","https://b2bfiles1.gigab2b.cn/image/wkseller/14300/376ae46ce0b4e37046d8f083f5970048.jpg?x-cc=20&x-cu=28909&x-ct=1784098800&x-cs=4fd1081d013f14855d5c1f72d28e673b""","https://b2bfiles1.gigab2b.cn/image/wkseller/14300/6e0edcbf51b93c052118621891ebfb42.jpg?x-cc=20&x-cu=28909&x-ct=1784098800&x-cs=496eaa1b168c0f648188b993a0e05f67""","https://b2bfiles1.gigab2b.cn/image/wkseller/14300/02c224e589b7ae52240d9281fd39499a.jpg?x-cc=20&x-cu=28909&x-ct=1784098800&x-cs=a0aeee69de9d8f54ddb101b6f7a7c74f""]",https://pub-606bcd6c031442e4959f73b5435fefd1.r2.dev/shipping-guide.png,物置 屋外  戸外収納庫  スチール  幅121*奥行き281*高180 サイドドア 片開き戸 換気口付き  防さび ベランダ 防水  ガーデニング 庭,"ホムブリスショップへようこそ
♪すべての商品は未開封の新品です
♪フォロー割あり
♪まとめ買い割あり：2点で2%OFF、3点で3%OFF、最大5%（一部商品適用外）
♪発送と送料：在庫品は1～2営業日以内に発送、再入荷商品は入荷後1～2営業日以内に発送いたします。北海道は基本的に追加送料不要です。沖縄への送料は別途お見積りが必須です。

【商品説明】

重量(kg): 47
長さ(cm): 167
幅(cm): 61
高さ(cm): 10.5
組立時重量: 40.20
組立時長さ: 121.00
組立時幅: 281.00
組立時高さ: 180.00
主要素材: Metal
主要カラー: Grey",グレー,0,W1266P531699,,,,,,,,,,,,,,,,,,,,,,,,,,,,,,,,,,,,,,,31966,DkjqZAKBXaZN8FB2Kb6zhX,1,1,jp13,1,1,1,,,,,,,
"https://b2bfiles1.gigab2b.cn/image/wkseller/14300/806334a007ddf480553a63e5c2af43c2.jpg?x-cc=20&x-cu=28909&x-ct=1784098800&x-cs=677b568294eafdef22e884864bdf1658""","https://b2bfiles1.gigab2b.cn/image/wkseller/14300/be31ba369d55f90be2e08f31bb3f8233.jpg?x-cc=20&x-cu=28909&x-ct=1784098800&x-cs=a47e979ad303ace14bd006bdd12c8501""","https://b2bfiles1.gigab2b.cn/image/wkseller/14300/34c1b680f4f57ac848faa0fb103fb963.jpg?x-cc=20&x-cu=28909&x-ct=1784098800&x-cs=8cb098aff83a176a99d23caf4b58e440""","https://b2bfiles1.gigab2b.cn/image/wkseller/14300/34963ea3f65d002fc0226a1f706036c7.jpg?x-cc=20&x-cu=28909&x-ct=1784098800&x-cs=b7f4fabef5a08df5eb7bfd040a38f48b""","https://b2bfiles1.gigab2b.cn/image/wkseller/14300/76eb45663e29e433c36bee3e57d057df.jpg?x-cc=20&x-cu=28909&x-ct=1784098800&x-cs=2500936f8d4e72ec5495d7b29bb1646a""","https://b2bfiles1.gigab2b.cn/image/wkseller/14300/6a1e2369d8ba9c1a2fd41bc3009c9f27.jpg?x-cc=20&x-cu=28909&x-ct=1784098800&x-cs=124af70bd1393ee3121117ffeed6865f""","https://b2bfiles1.gigab2b.cn/image/wkseller/14300/894ba3151b6999e5402f401f658b4d96.jpg?x-cc=20&x-cu=28909&x-ct=1784098800&x-cs=2edab3ba660faff6a7b5af1ec90ad8ca""","https://b2bfiles1.gigab2b.cn/image/wkseller/14300/faa9c44e23c5bb46e88c062ca54c0052.jpg?x-cc=20&x-cu=28909&x-ct=1784098800&x-cs=8902e1449b705709831d53ea977bfa19""","https://b2bfiles1.gigab2b.cn/image/wkseller/14300/e4ebd0be6dd373e5a5730f0556fea133.jpg?x-cc=20&x-cu=28909&x-ct=1784098800&x-cs=1501a183cd61547338450732caa693df""","https://b2bfiles1.gigab2b.cn/image/wkseller/14300/333bf5b46d270965abbc8f0d68a55dab.jpg?x-cc=20&x-cu=28909&x-ct=1784098800&x-cs=3a723a7e4be4344ea0cab7994340b71d""","https://b2bfiles1.gigab2b.cn/image/wkseller/14300/4b26314e02ede24095e31116d5f7ec14.jpg?x-cc=20&x-cu=28909&x-ct=1784098800&x-cs=30c42df849f1a4f7b3813e2d0366150e""","https://b2bfiles1.gigab2b.cn/image/wkseller/14300/fa0ed6d9331f0ad61808db5a78608042.jpg?x-cc=20&x-cu=28909&x-ct=1784098800&x-cs=1413f966b9cb41825e6df27d3a509f88""","https://b2bfiles1.gigab2b.cn/image/wkseller/14300/14fd3423e3acddbac51996e5762b1d07.jpg?x-cc=20&x-cu=28909&x-ct=1784098800&x-cs=e4d1d14aa6fba071595f26437b28c26a""","https://b2bfiles1.gigab2b.cn/image/wkseller/14300/aae7c88612e3d5781f7452f5e723b400.jpg?x-cc=20&x-cu=28909&x-ct=1784098800&x-cs=dbbcaff78bce2c881b92a69729ac25ea""","https://b2bfiles1.gigab2b.cn/image/wkseller/14300/99ee7812079f4e14496db5a810e6f623.jpg?x-cc=20&x-cu=28909&x-ct=1784098800&x-cs=82494a691e4e1a1f1e4cbf871489b189""","https://b2bfiles1.gigab2b.cn/image/wkseller/14300/00a7cf9ebeee025fc5e64737bee67e0c.jpg?x-cc=20&x-cu=28909&x-ct=1784098800&x-cs=2141a165cd308f776671b0f586bd97af""","https://b2bfiles1.gigab2b.cn/image/wkseller/14300/84bbac32a7ebf58b393458115d030fca.jpg?x-cc=20&x-cu=28909&x-ct=1784098800&x-cs=3a5ba1181b8c88f4a3791bce63ba4551""]",https://pub-606bcd6c031442e4959f73b5435fefd1.r2.dev/shipping-guide.png,,,物置 屋外 樹脂製 大型 戸外収納庫  幅154*奥行き96*高174  窓付き 床板付き 頑丈 大容量 サビ防止 防水 ガーデニング 庭,"ホムブリスショップへようこそ
♪すべての商品は未開封の新品です
♪フォロー割あり
♪まとめ買い割あり：2点で2%OFF、3点で3%OFF、最大5%（一部商品適用外）
♪発送と送料：在庫品は1～2営業日以内に発送、再入荷商品は入荷後1～2営業日以内に発送いたします。北海道は基本的に追加送料不要です。沖縄への送料は別途お見積りが必須です。

【商品説明】

組立時重量: 40.00
組立時長さ: 154.00
組立時幅: 96.00
組立時高さ: 174.00
主要素材: Polypropylene
主要カラー: Black",ブラック,0,W1266S00016,,,,,,,,,,,,,,,,,,,,,,,,,,,,,,,,,,,,,,,40970,DkjqZAKBXaZN8FB2Kb6zhX,1,1,jp13,1,1,1,,,,,,,
"https://b2bfiles1.gigab2b.cn/image/wkseller/14300/2b22207286fd4fb57d770f249e9b8480.jpg?x-cc=20&x-cu=28909&x-ct=1784098800&x-cs=aef63c3c65b6b87878f3eb0c42bfc014""","https://b2bfiles1.gigab2b.cn/image/wkseller/14300/fa1b539844883ca3926bb482bf18edbe.jpg?x-cc=20&x-cu=28909&x-ct=1784098800&x-cs=4fb04622aaa69d18b7595b75a40a8e9a""","https://b2bfiles1.gigab2b.cn/image/wkseller/14300/606a7385f3b015b581f368947e647128.jpg?x-cc=20&x-cu=28909&x-ct=1784098800&x-cs=713d43427d2c5f45fc4ce920d9a66710""","https://b2bfiles1.gigab2b.cn/image/wkseller/14300/9e6680ec066a15e1139f1f1185122e1e.jpg?x-cc=20&x-cu=28909&x-ct=1784098800&x-cs=0c89ff15caa470c7ea110c2bf8b551e1""","https://b2bfiles1.gigab2b.cn/image/wkseller/14300/90cb1056fb559ddd585b1e488f86323b.jpg?x-cc=20&x-cu=28909&x-ct=1784098800&x-cs=64357986dcf5570d79db6674240f9ae5""","https://b2bfiles1.gigab2b.cn/image/wkseller/14300/784d082d27473912643f319774f5eecc.jpg?x-cc=20&x-cu=28909&x-ct=1784098800&x-cs=b8b4352f718d314f20bd2a2b9c06fdb8""","https://b2bfiles1.gigab2b.cn/image/wkseller/14300/686b09294eda1df125d2074584e8736e.jpg?x-cc=20&x-cu=28909&x-ct=1784098800&x-cs=4b75d887ff8ee1631180054dc2d64aa8""","https://b2bfiles1.gigab2b.cn/image/wkseller/14300/bbcfa99e8fd114cb8bc5eada6c0ef6f5.jpg?x-cc=20&x-cu=28909&x-ct=1784098800&x-cs=129ff2820920d82d6dd09b00748054c0""","https://b2bfiles1.gigab2b.cn/image/wkseller/14300/58e9e8e95e2b34bca876cc081a820721.jpg?x-cc=20&x-cu=28909&x-ct=1784098800&x-cs=efc20076169bfd6bc4e823661d3561d4""","https://b2bfiles1.gigab2b.cn/image/wkseller/14300/3f47b7d900b1554c1d14e49a9ab0b612.jpg?x-cc=20&x-cu=28909&x-ct=1784098800&x-cs=158a2657d47215ced570ac56182a8a31""","https://b2bfiles1.gigab2b.cn/image/wkseller/14300/1dce1163b6b42164c1e4da2337eeb72d.jpg?x-cc=20&x-cu=28909&x-ct=1784098800&x-cs=d66b1e89d26801dfcc8b3a75f768800f""","https://b2bfiles1.gigab2b.cn/image/wkseller/14300/a304287e414d49c940272e5240ec3903.jpg?x-cc=20&x-cu=28909&x-ct=1784098800&x-cs=6da282a61b5b221d2901263b650b2454""","https://b2bfiles1.gigab2b.cn/image/wkseller/14300/2ff849044dec9f547e4cbae390eebe78.jpg?x-cc=20&x-cu=28909&x-ct=1784098800&x-cs=23f7c2a26973ab569a80efb8bf52f211""","https://b2bfiles1.gigab2b.cn/image/wkseller/14300/ddd577cd8ec0254a097e6188f9297c31.jpg?x-cc=20&x-cu=28909&x-ct=1784098800&x-cs=2b4271fee95cb2597b804bbee5527375""","https://b2bfiles1.gigab2b.cn/image/wkseller/14300/c1d0cfe6398495c87bc9f3710db2369e.jpg?x-cc=20&x-cu=28909&x-ct=1784098800&x-cs=61c1b8f3fac87fa28cacb27e522a7714""","https://b2bfiles1.gigab2b.cn/image/wkseller/14300/83bec2c4f8d567d607bff395d088347f.jpg?x-cc=20&x-cu=28909&x-ct=1784098800&x-cs=b40c213f985cf9cf52f6c4790f3297ed""","https://b2bfiles1.gigab2b.cn/image/wkseller/14300/f7030ccb02c002108e5f9b11780a5340.jpg?x-cc=20&x-cu=28909&x-ct=1784098800&x-cs=9f8b166f357fa3ba69ca5fead90082b9""","https://b2bfiles1.gigab2b.cn/image/wkseller/14300/4ca5c4974b787eb45c2041f4c3d1878d.jpg?x-cc=20&x-cu=28909&x-ct=1784098800&x-cs=a23ffd4efc2c82cfae4cce03fa2521dd""]",https://pub-606bcd6c031442e4959f73b5435fefd1.r2.dev/shipping-guide.png,,物置 屋外  戸外収納庫  スチール  幅236*奥行き174*高190  床材補強フレーム付   引き戸両開きタイプ  換気口付き  防さび ベランダ 防水  ガーデニング 庭,"ホムブリスショップへようこそ
♪すべての商品は未開封の新品です
♪フォロー割あり
♪まとめ買い割あり：2点で2%OFF、3点で3%OFF、最大5%（一部商品適用外）
♪発送と送料：在庫品は1～2営業日以内に発送、再入荷商品は入荷後1～2営業日以内に発送いたします。北海道は基本的に追加送料不要です。沖縄への送料は別途お見積りが必須です。

【商品説明】

組立時重量: 61.00
組立時長さ: 236.00
組立時幅: 174.00
組立時高さ: 190.00
主要素材: Metal
主要カラー: Coffee",コーヒー,0,W1266S00033,,,,,,,,,,,,,,,,,,,,,,,,,,,,,,,,,,,,,,,41467,DkjqZAKBXaZN8FB2Kb6zhX,1,1,jp13,1,1,1,,,,,,,
"https://b2bfiles1.gigab2b.cn/image/wkseller/14300/ce11370d253c742320445db7cd12253e.png?x-cc=20&x-cu=28909&x-ct=1784098800&x-cs=3487b122d705504ba7139768da59dbb1""","https://b2bfiles1.gigab2b.cn/image/wkseller/14300/5c6cf972fdfa5a72b36d458eb34d1421.jpg?x-cc=20&x-cu=28909&x-ct=1784098800&x-cs=7abd9668df2ddce5494b9fd2aa637372""","https://b2bfiles1.gigab2b.cn/image/wkseller/14300/3b19583f588a3ee88f2b5c779f2b42b1.jpg?x-cc=20&x-cu=28909&x-ct=1784098800&x-cs=91648016009b9f9f46b27d3a380ee1e6""","https://b2bfiles1.gigab2b.cn/image/wkseller/14300/501c060dc9e4ee8be5dcf5f54cbe9c1e.jpg?x-cc=20&x-cu=28909&x-ct=1784098800&x-cs=60e4ae64c7b71df4e89c4b800803caa6""","https://b2bfiles1.gigab2b.cn/image/wkseller/14300/4275755844ad7d4b604b56bdca91e232.jpg?x-cc=20&x-cu=28909&x-ct=1784098800&x-cs=a5d415682f3a8edc41487799b663bef0""","https://b2bfiles1.gigab2b.cn/image/wkseller/14300/b017c0117f0094fc9229232f986fc976.jpg?x-cc=20&x-cu=28909&x-ct=1784098800&x-cs=2c86991c03f7dc22f530de730f00084d""","https://b2bfiles1.gigab2b.cn/image/wkseller/14300/2d4510ffca49ed8ecfe354e45f4278ea.jpg?x-cc=20&x-cu=28909&x-ct=1784098800&x-cs=41a7d56811f2bbd9ef65fd984a8c5302""","https://b2bfiles1.gigab2b.cn/image/wkseller/14300/1e3bf7a06af12e2f9e7803dbd57664e0.jpg?x-cc=20&x-cu=28909&x-ct=1784098800&x-cs=f17cb5b4e43e2846254b5ae035072fe8""","https://b2bfiles1.gigab2b.cn/image/wkseller/14300/d7aee9712d6976367d7b5d90fa353c03.jpg?x-cc=20&x-cu=28909&x-ct=1784098800&x-cs=3e26453488c41752c7dff662af4e65f9""","https://b2bfiles1.gigab2b.cn/image/wkseller/14300/2c3ac599fa71c9b950db83c33e07a50c.jpg?x-cc=20&x-cu=28909&x-ct=1784098800&x-cs=20c8a456b600b106f345a0b7323a2cd5""","https://b2bfiles1.gigab2b.cn/image/wkseller/14300/ce101bda25f8f4903b206c57d31a3d65.jpg?x-cc=20&x-cu=28909&x-ct=1784098800&x-cs=3c9b6c70c40cdf9bc0ff932e59547143""","https://b2bfiles1.gigab2b.cn/image/wkseller/14300/8c8eb5f9963fd34ddb193bd4faa9e0f0.jpg?x-cc=20&x-cu=28909&x-ct=1784098800&x-cs=56a2c4e10790bad697d79c6cf4f751e4""","https://b2bfiles1.gigab2b.cn/image/wkseller/14300/24d198c773320a807f82eb20469410ea.jpg?x-cc=20&x-cu=28909&x-ct=1784098800&x-cs=28ff253fb7ca4db759dd882457255f92""","https://b2bfiles1.gigab2b.cn/image/wkseller/14300/2fd0470f816125eabeb7a58f7cda5ed3.jpg?x-cc=20&x-cu=28909&x-ct=1784098800&x-cs=e43c5cc6bff2bfc03fc96f62fe3a38b7""","https://b2bfiles1.gigab2b.cn/image/wkseller/14300/41ea92c35271612a06a826264b714189.jpg?x-cc=20&x-cu=28909&x-ct=1784098800&x-cs=86e7e85233ceb60d1e74a950ba0d9710""","https://b2bfiles1.gigab2b.cn/image/wkseller/14300/200960db095dc0cffd0f83d6173cd829.png?x-cc=20&x-cu=28909&x-ct=1784098800&x-cs=c9a2dbb4a457eb31077ff77b69dd6657""","https://b2bfiles1.gigab2b.cn/image/wkseller/14300/80e49450d46c6d78d1f3610673013e22.png?x-cc=20&x-cu=28909&x-ct=1784098800&x-cs=f6069602dcfb33518d2b9f8ca83538f5""","https://b2bfiles1.gigab2b.cn/image/wkseller/14300/40c780231a8aa289d54ad7be141c4747.png?x-cc=20&x-cu=28909&x-ct=1784098800&x-cs=8a7cf91063a472ddf1da906f053737f7""","https://b2bfiles1.gigab2b.cn/image/wkseller/14300/e2e944843e8799e3a900d6f83c722649.jpg?x-cc=20&x-cu=28909&x-ct=1784098800&x-cs=5b8cd6c827a17ec3e0a070f034cd6aad""",https://pub-606bcd6c031442e4959f73b5435fefd1.r2.dev/shipping-guide.png,物置 屋外  戸外収納庫  スチール  幅236*奥行き174*高190 床材補強フレーム付  引き戸両開きタイプ  換気口付き  防さび ベランダ 防水  ガーデニング 庭,"ホムブリスショップへようこそ
♪すべての商品は未開封の新品です
♪フォロー割あり
♪まとめ買い割あり：2点で2%OFF、3点で3%OFF、最大5%（一部商品適用外）
♪発送と送料：在庫品は1～2営業日以内に発送、再入荷商品は入荷後1～2営業日以内に発送いたします。北海道は基本的に追加送料不要です。沖縄への送料は別途お見積りが必須です。

【商品説明】

組立時重量: 60.00
組立時長さ: 236.00
組立時幅: 174.00
組立時高さ: 190.00
主要素材: Metal
主要カラー: Grey",グレー,0,W1266S00034,,,,,,,,,,,,,,,,,,,,,,,,,,,,,,,,,,,,,,,41467,DkjqZAKBXaZN8FB2Kb6zhX,1,1,jp13,1,1,1,,,,,,,
"https://b2bfiles1.gigab2b.cn/image/wkseller/14300/887d63b8334531f0c656529fb3512965.jpg?x-cc=20&x-cu=28909&x-ct=1784098800&x-cs=85db3a446351faaf971d008fb5e8efaf""","https://b2bfiles1.gigab2b.cn/image/wkseller/14300/018a5e402aad9df559af8a6c9160cc53.jpg?x-cc=20&x-cu=28909&x-ct=1784098800&x-cs=9b52b2e28433d0d53fb1838c07f64faf""","https://b2bfiles1.gigab2b.cn/image/wkseller/14300/13d7d3c5fb64f18f51a7a7b59ea6a70d.jpg?x-cc=20&x-cu=28909&x-ct=1784098800&x-cs=dd8456528cfc7d945a723f49cf98043b""","https://b2bfiles1.gigab2b.cn/image/wkseller/14300/f9e6bc66ad4ec72af8fd03ff45ee3b7c.jpg?x-cc=20&x-cu=28909&x-ct=1784098800&x-cs=f12fd47e571d07759d1b7ba4e287e9e3""","https://b2bfiles1.gigab2b.cn/image/wkseller/14300/59620bc29aa0dd219ab1f12ba30584b8.jpg?x-cc=20&x-cu=28909&x-ct=1784098800&x-cs=422e7479d232d9411a6ac0205d011dde""","https://b2bfiles1.gigab2b.cn/image/wkseller/14300/4af777b87186cd274d08191774dcfa12.jpg?x-cc=20&x-cu=28909&x-ct=1784098800&x-cs=020f4757f055bb51c0bb5e9f49c8db66""","https://b2bfiles1.gigab2b.cn/image/wkseller/14300/dfe8976eeaa64b558df757a01862cca1.jpg?x-cc=20&x-cu=28909&x-ct=1784098800&x-cs=34ed5216718515e7afeb365ce14fad67""","https://b2bfiles1.gigab2b.cn/image/wkseller/14300/9bc036d6910c6db2135bd6af28c3e0b4.jpg?x-cc=20&x-cu=28909&x-ct=1784098800&x-cs=05ccc4d5c2e0f2463da05bf58c400ca0""","https://b2bfiles1.gigab2b.cn/image/wkseller/14300/e119d8cd685006a3324d503e6d40dd1a.jpg?x-cc=20&x-cu=28909&x-ct=1784098800&x-cs=9eae162f8802a28cf1b42b1b1caef1b6""","https://b2bfiles1.gigab2b.cn/image/wkseller/14300/9b80fa7c143c37658ce9c22be973ac61.jpg?x-cc=20&x-cu=28909&x-ct=1784098800&x-cs=f8af2e8eb5becc5702faf85b5802c5c0""","https://b2bfiles1.gigab2b.cn/image/wkseller/14300/f20c8364ef388c1605f1db2590dd2263.jpg?x-cc=20&x-cu=28909&x-ct=1784098800&x-cs=44af701b067974699610d7a858d2697c""","https://b2bfiles1.gigab2b.cn/image/wkseller/14300/105abc4aca756892bf892650b58e29ff.jpg?x-cc=20&x-cu=28909&x-ct=1784098800&x-cs=2e8e5dddcd7b18bcf1650d9e5bfef04c""","https://b2bfiles1.gigab2b.cn/image/wkseller/14300/fc9899c2c584e0fbf819d47ff2ba95ff.jpg?x-cc=20&x-cu=28909&x-ct=1784098800&x-cs=381e95901a21e4618f9a0841e985e96f""","https://b2bfiles1.gigab2b.cn/image/wkseller/14300/5ab3422a579a690acec0eafed4087abb.jpg?x-cc=20&x-cu=28909&x-ct=1784098800&x-cs=33f6e4a87d6f972fb1907e25780f8ef1""","https://b2bfiles1.gigab2b.cn/image/wkseller/14300/5fe778dd7e79d76c958e707eac848562.jpg?x-cc=20&x-cu=28909&x-ct=1784098800&x-cs=fafff6a6fee58fe426724b9ea0beca09""","https://b2bfiles1.gigab2b.cn/image/wkseller/14300/e934d519737187a0e512be0a1c08d437.jpg?x-cc=20&x-cu=28909&x-ct=1784098800&x-cs=646588192d08fadd297924504efb783a""","https://b2bfiles1.gigab2b.cn/image/wkseller/14300/3269e0a4d71b097adda14ed87e0e39a0.jpg?x-cc=20&x-cu=28909&x-ct=1784098800&x-cs=e932de11aeaaaafdabc414d4aa168baa""","https://b2bfiles1.gigab2b.cn/image/wkseller/14300/20652c9101d735566da197f2ebe15cef.png?x-cc=20&x-cu=28909&x-ct=1784098800&x-cs=70eff0009e06e3327521bab184c80281""","https://b2bfiles1.gigab2b.cn/image/wkseller/14300/fff60b30ae5eabf847e058acf8cf309b.png?x-cc=20&x-cu=28909&x-ct=1784098800&x-cs=39949bebd0e0cb30ab5bf8404953dd64""",https://pub-606bcd6c031442e4959f73b5435fefd1.r2.dev/shipping-guide.png,物置 屋外  戸外収納庫  スチール  幅238*奥行き174*高196 床材補強フレーム付  引き戸両開きタイプ  換気口付き  防さび ベランダ 防水  ガーデニング 庭,"ホムブリスショップへようこそ
♪すべての商品は未開封の新品です
♪フォロー割あり
♪まとめ買い割あり：2点で2%OFF、3点で3%OFF、最大5%（一部商品適用外）
♪発送と送料：在庫品は1～2営業日以内に発送、再入荷商品は入荷後1～2営業日以内に発送いたします。北海道は基本的に追加送料不要です。沖縄への送料は別途お見積りが必須です。

【商品説明】

組立時重量: 62.00
組立時長さ: 238.00
組立時幅: 174.00
組立時高さ: 196.00
主要素材: Metal
主要カラー: Grey",グレー,0,W1266S00044,,,,,,,,,,,,,,,,,,,,,,,,,,,,,,,,,,,,,,,43970,DkjqZAKBXaZN8FB2Kb6zhX,1,1,jp13,1,1,1,,,,,,,
"https://b2bfiles1.gigab2b.cn/image/wkseller/14300/f41e3cc9880f2514fa61f3c892d20590.jpg?x-cc=20&x-cu=28909&x-ct=1784098800&x-cs=473e0b030d7cbaa25e08ec23ddcf9fb7""","https://b2bfiles1.gigab2b.cn/image/wkseller/14300/798d0b2d951c0fc82e80850e718d591e.jpg?x-cc=20&x-cu=28909&x-ct=1784098800&x-cs=da7c30fdac46897d6bcf5c1291747341""","https://b2bfiles1.gigab2b.cn/image/wkseller/14300/59620bc29aa0dd219ab1f12ba30584b8.jpg?x-cc=20&x-cu=28909&x-ct=1784098800&x-cs=422e7479d232d9411a6ac0205d011dde""","https://b2bfiles1.gigab2b.cn/image/wkseller/14300/d1f9319f71683d34ef6368dd724f52de.jpg?x-cc=20&x-cu=28909&x-ct=1784098800&x-cs=44406db2f0f0724f47cc88191e6c0381""","https://b2bfiles1.gigab2b.cn/image/wkseller/14300/f3da7ecae2b6852b7ce22fd609ff0955.jpg?x-cc=20&x-cu=28909&x-ct=1784098800&x-cs=a46b4f9446c3e68f247359218f643abf""","https://b2bfiles1.gigab2b.cn/image/wkseller/14300/6a9a306e038cd0c376bc6e47880c6317.jpg?x-cc=20&x-cu=28909&x-ct=1784098800&x-cs=59fe1e1b1f95f86f8cb9a93c4c39f40c""","https://b2bfiles1.gigab2b.cn/image/wkseller/14300/b24b1d7f8ac5866e68dd7608f1619c76.jpg?x-cc=20&x-cu=28909&x-ct=1784098800&x-cs=cd3a764dce2b3e85698f0d7285593fc7""","https://b2bfiles1.gigab2b.cn/image/wkseller/14300/18aa2a28c13fae6c9c9c96ecdb8a076d.jpg?x-cc=20&x-cu=28909&x-ct=1784098800&x-cs=acd76e572b30e44213225578c2867812""","https://b2bfiles1.gigab2b.cn/image/wkseller/14300/5fed62a5bd7441db78ece95f153a6207.jpg?x-cc=20&x-cu=28909&x-ct=1784098800&x-cs=50c57877543005ff8b249df29d8afce8""","https://b2bfiles1.gigab2b.cn/image/wkseller/14300/5a24fad68d5ab6e2be6d06c64e8ba6d8.jpg?x-cc=20&x-cu=28909&x-ct=1784098800&x-cs=b6ea441ca263fdaa12104a6dd4f7b7d6""","https://b2bfiles1.gigab2b.cn/image/wkseller/14300/f83fc776fd48fab388ca83aac6bbe4b4.jpg?x-cc=20&x-cu=28909&x-ct=1784098800&x-cs=3774a2aa79aa6dbab573b882e06f3101""","https://b2bfiles1.gigab2b.cn/image/wkseller/14300/14db69aaebb9acbdf8d31d3dfa422ddd.jpg?x-cc=20&x-cu=28909&x-ct=1784098800&x-cs=daa2cb632c85c4b89c8e2c265a37cf80""","https://b2bfiles1.gigab2b.cn/image/wkseller/14300/813c32616ceef05725b64eae05188eca.jpg?x-cc=20&x-cu=28909&x-ct=1784098800&x-cs=31a4c1f0296c2a6727070897ca2ddeba""","https://b2bfiles1.gigab2b.cn/image/wkseller/14300/3149fc0666e4dc18dbd4e9a0862bbdf0.jpg?x-cc=20&x-cu=28909&x-ct=1784098800&x-cs=428b31b13243fa13f399549c37686834""","https://b2bfiles1.gigab2b.cn/image/wkseller/14300/1365cf49de7a67df8762f76c84c22698.jpg?x-cc=20&x-cu=28909&x-ct=1784098800&x-cs=83503d018eba0943cfa7674b7f96fff7""","https://b2bfiles1.gigab2b.cn/image/wkseller/14300/9b71890fb222d89f92c38a8b2b3b0f35.jpg?x-cc=20&x-cu=28909&x-ct=1784098800&x-cs=662fa8e0e0c82c9484b0a0bc3979f405""","https://b2bfiles1.gigab2b.cn/image/wkseller/14300/a0132282344eae21f514094d0b6c84ba.jpg?x-cc=20&x-cu=28909&x-ct=1784098800&x-cs=fe9ae4ecbe70533b47d3ae1183335a57""","https://b2bfiles1.gigab2b.cn/image/wkseller/14300/3e55d45e65329467eb119c8fa3693408.jpg?x-cc=20&x-cu=28909&x-ct=1784098800&x-cs=488ed301a37317f80dd1eeed026a4025""]",https://pub-606bcd6c031442e4959f73b5435fefd1.r2.dev/shipping-guide.png,,物置 屋外  戸外収納庫  スチール  幅238*奥行き174*高196 床材補強フレーム付  引き戸両開きタイプ  換気口付き  防さび ベランダ 防水  ガーデニング 庭,"ホムブリスショップへようこそ
♪すべての商品は未開封の新品です
♪フォロー割あり
♪まとめ買い割あり：2点で2%OFF、3点で3%OFF、最大5%（一部商品適用外）
♪発送と送料：在庫品は1～2営業日以内に発送、再入荷商品は入荷後1～2営業日以内に発送いたします。北海道は基本的に追加送料不要です。沖縄への送料は別途お見積りが必須です。

【商品説明】

組立時重量: 62.00
組立時長さ: 238.00
組立時幅: 174.00
組立時高さ: 196.00
主要素材: Metal
主要カラー: Coffee",コーヒー,0,W1266S00045,,,,,,,,,,,,,,,,,,,,,,,,,,,,,,,,,,,,,,,45470,DkjqZAKBXaZN8FB2Kb6zhX,1,1,jp13,1,1,1,,,,,,,
"https://b2bfiles1.gigab2b.cn/image/wkseller/14300/2a61157476ffb11c4a192f8da17435b2.jpg?x-cc=20&x-cu=28909&x-ct=1784098800&x-cs=94dcd6c7b9dd0376a960e3462601d736""","https://b2bfiles1.gigab2b.cn/image/wkseller/14300/902520290391164024ddb9db4943db66.jpg?x-cc=20&x-cu=28909&x-ct=1784098800&x-cs=3ba79d7477eb67fb2505be24e1c2e0fc""","https://b2bfiles1.gigab2b.cn/image/wkseller/14300/c69898ddcc564fe408d2ee421e13784b.jpg?x-cc=20&x-cu=28909&x-ct=1784098800&x-cs=3d40718b64ab4965e20be56ee5a76648""","https://b2bfiles1.gigab2b.cn/image/wkseller/14300/55f5b97431ef1298b2d1b800345ecb40.jpg?x-cc=20&x-cu=28909&x-ct=1784098800&x-cs=4941822cee83ba168ae6cbee04836999""","https://b2bfiles1.gigab2b.cn/image/wkseller/14300/b90ce8be3607446f51c7700d04cc96ed.jpg?x-cc=20&x-cu=28909&x-ct=1784098800&x-cs=733443e032b42bb6cddae50f9465cdc2""","https://b2bfiles1.gigab2b.cn/image/wkseller/14300/8f2402d78dc45314adaa11b5ccb858a6.jpg?x-cc=20&x-cu=28909&x-ct=1784098800&x-cs=05bc2c09ebb036f424dd11baf8c2cec5""","https://b2bfiles1.gigab2b.cn/image/wkseller/14300/7905d92a79e69f6d2170f9b263c24307.jpg?x-cc=20&x-cu=28909&x-ct=1784098800&x-cs=71a3a433a38432f8b261c2938dcc4af2""","https://b2bfiles1.gigab2b.cn/image/wkseller/14300/7ddf714cecd1261a9e94176c2628e11a.jpg?x-cc=20&x-cu=28909&x-ct=1784098800&x-cs=95300ef83633e75b3d6378f7ff949f18""","https://b2bfiles1.gigab2b.cn/image/wkseller/14300/00f3ff19633e172d02c2f7fbbabce161.jpg?x-cc=20&x-cu=28909&x-ct=1784098800&x-cs=a39ab95d23c79aded501d8a64a51ee9f""","https://b2bfiles1.gigab2b.cn/image/wkseller/14300/0fadc6738d89b1fe6a92138ea5d357c0.jpg?x-cc=20&x-cu=28909&x-ct=1784098800&x-cs=105868caf6df1242489efbe1800ae5f7""","https://b2bfiles1.gigab2b.cn/image/wkseller/14300/d08849c9b2d7a1cc434f2d61f92aeba1.jpg?x-cc=20&x-cu=28909&x-ct=1784098800&x-cs=fbeedd1849783bc253e9106cd2f0f777""","https://b2bfiles1.gigab2b.cn/image/wkseller/14300/89382d6e4df50d903aa1d6e642c10d70.jpg?x-cc=20&x-cu=28909&x-ct=1784098800&x-cs=8141ffa42a0407b4f90e5642181b12c7""","https://b2bfiles1.gigab2b.cn/image/wkseller/14300/34a319ef63eea2e240c50c326d7b330c.jpg?x-cc=20&x-cu=28909&x-ct=1784098800&x-cs=24dacc78364bfc00b844525c1496c063""","https://b2bfiles1.gigab2b.cn/image/wkseller/14300/2619ddd207afddd8798d7da00faf0f15.jpg?x-cc=20&x-cu=28909&x-ct=1784098800&x-cs=cf612ae1403f9b2dab41f900d45ed8d9""","https://b2bfiles1.gigab2b.cn/image/wkseller/14300/c4a57952685d7434b30d96ddc93e2063.jpg?x-cc=20&x-cu=28909&x-ct=1784098800&x-cs=99b9820aaa86688542f278b7d5f07433""","https://b2bfiles1.gigab2b.cn/image/wkseller/14300/8a38b950aa29dfe2fb1a88a7af0a0d65.jpg?x-cc=20&x-cu=28909&x-ct=1784098800&x-cs=c861c02d741b69ccb8ba5f963b8cffc2""","https://b2bfiles1.gigab2b.cn/image/wkseller/14300/9f3435bd1d95f2f495b33389ee64bec5.jpg?x-cc=20&x-cu=28909&x-ct=1784098800&x-cs=6450a59ab7aa950688bd11b54820cdef""","https://b2bfiles1.gigab2b.cn/image/wkseller/14300/1bfe4e489f93ec9451430c8aa99a8239.jpg?x-cc=20&x-cu=28909&x-ct=1784098800&x-cs=97229203335ae993b31a9446e6041d41""","https://b2bfiles1.gigab2b.cn/image/wkseller/14300/36067d82945c6ff536885957e3dbc72f.jpg?x-cc=20&x-cu=28909&x-ct=1784098800&x-cs=546d19fd5bd46155e1f98ad1f6908d7a""",https://pub-606bcd6c031442e4959f73b5435fefd1.r2.dev/shipping-guide.png,物置 屋外  戸外収納庫  スチール  幅238*奥行き174*高196 床材補強フレーム付  引き戸両開きタイプ  換気口付き  防さび ベランダ 防水  ガーデニング 庭,"ホムブリスショップへようこそ
♪すべての商品は未開封の新品です
♪フォロー割あり
♪まとめ買い割あり：2点で2%OFF、3点で3%OFF、最大5%（一部商品適用外）
♪発送と送料：在庫品は1～2営業日以内に発送、再入荷商品は入荷後1～2営業日以内に発送いたします。北海道は基本的に追加送料不要です。沖縄への送料は別途お見積りが必須です。

【商品説明】

組立時重量: 62.00
組立時長さ: 238.00
組立時幅: 174.00
組立時高さ: 196.00
主要素材: Metal
主要カラー: Grey",グレー,0,W1266S00047,,,,,,,,,,,,,,,,,,,,,,,,,,,,,,,,,,,,,,,44470,DkjqZAKBXaZN8FB2Kb6zhX,1,1,jp13,1,1,1,,,,,,,
"https://b2bfiles1.gigab2b.cn/image/wkseller/14300/cb9b2c0564c0d78e5ebf04dcb96605ba.jpg?x-cc=20&x-cu=28909&x-ct=1784098800&x-cs=bb7127925a0edab620465e9b0f6d63b8""","https://b2bfiles1.gigab2b.cn/image/wkseller/14300/3686191a1b061aaf813f797a6e59b945.jpg?x-cc=20&x-cu=28909&x-ct=1784098800&x-cs=3270680747b5d24d444fd585a32132ec""","https://b2bfiles1.gigab2b.cn/image/wkseller/14300/23ea0a297a4ce0766602cc2d2ccaa600.jpg?x-cc=20&x-cu=28909&x-ct=1784098800&x-cs=dacddfe6bb185a706db4aaa7c588f2be""","https://b2bfiles1.gigab2b.cn/image/wkseller/14300/9d583e96e59c2d1d59182e931831edbb.jpg?x-cc=20&x-cu=28909&x-ct=1784098800&x-cs=aa119b89807eac278ac6998e07871ca1""","https://b2bfiles1.gigab2b.cn/image/wkseller/14300/2826ece47d42536ded244756ef7c02b5.jpg?x-cc=20&x-cu=28909&x-ct=1784098800&x-cs=6a6f83074dba5052a3287f7a982af964""","https://b2bfiles1.gigab2b.cn/image/wkseller/14300/3af7645d179b949267af89a32cfaf3af.jpg?x-cc=20&x-cu=28909&x-ct=1784098800&x-cs=169437b6a4cd089bc616b4f94cf30572""","https://b2bfiles1.gigab2b.cn/image/wkseller/14300/eb1a87aa3004e6c2de7f140078f86799.jpg?x-cc=20&x-cu=28909&x-ct=1784098800&x-cs=234302f9f20110d54ebda935a2a8276e""","https://b2bfiles1.gigab2b.cn/image/wkseller/14300/113b49830e512a0555bbfb2c6f84cdcd.jpg?x-cc=20&x-cu=28909&x-ct=1784098800&x-cs=d29dd7fe82071bfa6940125420bc4cfe""","https://b2bfiles1.gigab2b.cn/image/wkseller/14300/039612aea64119c6c437552bfe37089e.jpg?x-cc=20&x-cu=28909&x-ct=1784098800&x-cs=a28fdba8e4eabe4604ce1f74f607e1da""","https://b2bfiles1.gigab2b.cn/image/wkseller/14300/a0203b8918180aa562f65bfd0e32f4b7.jpg?x-cc=20&x-cu=28909&x-ct=1784098800&x-cs=652e6bffbc3555dcb0bc6ac3ba79432b""","https://b2bfiles1.gigab2b.cn/image/wkseller/14300/96c19881ba539adf94f48ed0832d62ee.jpg?x-cc=20&x-cu=28909&x-ct=1784098800&x-cs=983947080b51d35959973931fdbb9c6a""","https://b2bfiles1.gigab2b.cn/image/wkseller/14300/409dc21f70a538b9635cfde662680a4b.jpg?x-cc=20&x-cu=28909&x-ct=1784098800&x-cs=806ecebebc461a1e7438783d0d9c607c""","https://b2bfiles1.gigab2b.cn/image/wkseller/14300/c61efccd3c969b478f87e9d0f57604ea.jpg?x-cc=20&x-cu=28909&x-ct=1784098800&x-cs=d55dc2439db558281f345bfd6cc23d3b""","https://b2bfiles1.gigab2b.cn/image/wkseller/14300/104b6fb3f3d8cd0b0f350f6f996a2983.jpg?x-cc=20&x-cu=28909&x-ct=1784098800&x-cs=19445eca060ca3f159109efa35f1794b""","https://b2bfiles1.gigab2b.cn/image/wkseller/14300/bb1a3dcdc66338638cef512442ef0b20.jpg?x-cc=20&x-cu=28909&x-ct=1784098800&x-cs=2e57a7d0d1b8dfb9952ac3e5a9f097ba""","https://b2bfiles1.gigab2b.cn/image/wkseller/14300/6542651b7d6d3b60871c34c0b60a8c26.jpg?x-cc=20&x-cu=28909&x-ct=1784098800&x-cs=b4f939f483f96bded40a66a8b3ab2f8f""]",https://pub-606bcd6c031442e4959f73b5435fefd1.r2.dev/shipping-guide.png,,,,『数量限定セール』 テラス屋根 ベランダ  屋根  ひさし大型  重量型 バルコニー 雨よけ サイクルポート 2本の柱  パーゴラ  幅242*奥行き255*高242  ポリカーボネート 屋根  裏庭とバルコニーに適用   壁面取り付け基準に適合,"ホムブリスショップへようこそ
♪すべての商品は未開封の新品です
♪フォロー割あり
♪まとめ買い割あり：2点で2%OFF、3点で3%OFF、最大5%（一部商品適用外）
♪発送と送料：在庫品は1～2営業日以内に発送、再入荷商品は入荷後1～2営業日以内に発送いたします。北海道は基本的に追加送料不要です。沖縄への送料は別途お見積りが必須です。

【商品説明】

組立時重量: 62.00
組立時長さ: 242.00
組立時幅: 255.00
組立時高さ: 242.00
主要素材: PC
主要カラー: Black",ブラック,0,W1266S00050,,,,,,,,,,,,,,,,,,,,,,,,,,,,,,,,,,,,,,,55970,DkjqZAKBXaZN8FB2Kb6zhX,1,1,jp13,1,1,1,,,,,,,
"https://b2bfiles1.gigab2b.cn/image/wkseller/14300/70047558fa7e564bd273c2b79e0a9053.png?x-cc=20&x-cu=28909&x-ct=1784098800&x-cs=4054d2169652e9d27edbb6c3e296c717""","https://b2bfiles1.gigab2b.cn/image/wkseller/14300/80058f02ed970ae3106fdaa29ee31eea.jpg?x-cc=20&x-cu=28909&x-ct=1784098800&x-cs=1a252daca9c938c73225bd58c9a5dcc7""","https://b2bfiles1.gigab2b.cn/image/wkseller/14300/cf2fe7dc8cf00087f166feccdf975a3c.jpg?x-cc=20&x-cu=28909&x-ct=1784098800&x-cs=f469c6b50d82fd2d278ba8bee60abebc""","https://b2bfiles1.gigab2b.cn/image/wkseller/14300/5dfa86c576253d681be94395bf2df96b.jpg?x-cc=20&x-cu=28909&x-ct=1784098800&x-cs=0e8efd588d819f8aee3dc844bd3cea2b""","https://b2bfiles1.gigab2b.cn/image/wkseller/14300/e2d9eb5faf29c7b4bdd70a7043a98768.jpg?x-cc=20&x-cu=28909&x-ct=1784098800&x-cs=6a0ebc4bdd1b3362585bba55208c09ee""","https://b2bfiles1.gigab2b.cn/image/wkseller/14300/32ee4af99f0613b5a70d08814a424f33.jpg?x-cc=20&x-cu=28909&x-ct=1784098800&x-cs=82c2adf2c1444314ba66a80d1e368a3d""","https://b2bfiles1.gigab2b.cn/image/wkseller/14300/157fd3494ed0128e58b04473826c13ce.jpg?x-cc=20&x-cu=28909&x-ct=1784098800&x-cs=0a7c8b57b12207880162b7b795f09dfc""","https://b2bfiles1.gigab2b.cn/image/wkseller/14300/f1eeff7fcd1294d4131b8f2ed53aec53.jpg?x-cc=20&x-cu=28909&x-ct=1784098800&x-cs=ec1d41474c0ee97ae8b2650fbb8cc8e2""","https://b2bfiles1.gigab2b.cn/image/wkseller/14300/14abbe235c96af0e7b26cfa695c5d975.jpg?x-cc=20&x-cu=28909&x-ct=1784098800&x-cs=b878220d90da78454ab48778bc02e010""","https://b2bfiles1.gigab2b.cn/image/wkseller/14300/209b6964d7117e925f63e30efebf82c2.jpg?x-cc=20&x-cu=28909&x-ct=1784098800&x-cs=69b492c20918e7acdf97c3ead0dcd255""","https://b2bfiles1.gigab2b.cn/image/wkseller/14300/59aa4fb4098f7c7482912489fceb7fae.jpg?x-cc=20&x-cu=28909&x-ct=1784098800&x-cs=0cb310420e155bae711142bb4096446f""","https://b2bfiles1.gigab2b.cn/image/wkseller/14300/72d7937d548f513757166286bf22b512.jpg?x-cc=20&x-cu=28909&x-ct=1784098800&x-cs=ffd111a7ed513c4b32e8f6034a5212b9""","https://b2bfiles1.gigab2b.cn/image/wkseller/14300/9dbade8eb813417335911e8112a41e4c.jpg?x-cc=20&x-cu=28909&x-ct=1784098800&x-cs=8cfde0f76f13e0563dd6c3c5be24d6ee""","https://b2bfiles1.gigab2b.cn/image/wkseller/14300/403745838703737e3c9ae107d5bb706b.png?x-cc=20&x-cu=28909&x-ct=1784098800&x-cs=8c103559af3b4f6af25dacc89bc094f8""","https://b2bfiles1.gigab2b.cn/image/wkseller/14300/972db5a71d1bf6858cabbe47923fea81.png?x-cc=20&x-cu=28909&x-ct=1784098800&x-cs=34d83a88dcdc4ef50b4aa43113942205""","https://b2bfiles1.gigab2b.cn/image/wkseller/14300/82b8058b0b48c7b0c8d6c8f748f2263b.jpg?x-cc=20&x-cu=28909&x-ct=1784098800&x-cs=c7631af48e852735be1064b1b6020227""","https://b2bfiles1.gigab2b.cn/image/wkseller/14300/eda4119bd5c70ef3fc74c8616ad3dc2c.jpg?x-cc=20&x-cu=28909&x-ct=1784098800&x-cs=87b3df7e6e1dceb98fcec76a20bb174a""]",https://pub-606bcd6c031442e4959f73b5435fefd1.r2.dev/shipping-guide.png,,,『数量限定セール』 テラス屋根 ベランダ  屋根  ひさし大型  重量型 バルコニー 雨よけ サイクルポート 2本の柱  パーゴラ  幅302*奥行き300*高253  ポリカーボネート 屋根  裏庭とバルコニーに適用   壁面取り付け基準に適合,"ホムブリスショップへようこそ
♪すべての商品は未開封の新品です
♪フォロー割あり
♪まとめ買い割あり：2点で2%OFF、3点で3%OFF、最大5%（一部商品適用外）
♪発送と送料：在庫品は1～2営業日以内に発送、再入荷商品は入荷後1～2営業日以内に発送いたします。北海道は基本的に追加送料不要です。沖縄への送料は別途お見積りが必須です。

【商品説明】

組立時重量: 72.00
組立時長さ: 302.00
組立時幅: 300.00
組立時高さ: 253.00
主要素材: PC
主要カラー: Black",ブラック,0,W1266S00051,,,,,,,,,,,,,,,,,,,,,,,,,,,,,,,,,,,,,,,64949,DkjqZAKBXaZN8FB2Kb6zhX,1,1,jp13,1,1,1,,,,,,,
"https://b2bfiles1.gigab2b.cn/image/wkseller/113955/e578164325de3fecf4d63254442bbfb4.png?x-cc=20&x-cu=28909&x-ct=1784098800&x-cs=3287d2bd2cb8b81d897544b9c4d97594""","https://b2bfiles1.gigab2b.cn/image/wkseller/113955/7a0a9c4f1d8b41c2d5e6a3c2cc6d8237.png?x-cc=20&x-cu=28909&x-ct=1784098800&x-cs=d2ff14f3255c4e9373907c16b76d3eee""","https://b2bfiles1.gigab2b.cn/image/wkseller/113955/0cef6d9872a552437d5c397d7bd9dc1b.png?x-cc=20&x-cu=28909&x-ct=1784098800&x-cs=79a64cabf91b3ca599a7ab5872d2e7a5""","https://b2bfiles1.gigab2b.cn/image/wkseller/113955/b7c7e75363feb7b1de0086377cf27d54.png?x-cc=20&x-cu=28909&x-ct=1784098800&x-cs=3168258327a590d64679bf850b4c8549""","https://b2bfiles1.gigab2b.cn/image/wkseller/113955/9d54598e66c7f408ff549f4608ae78d9.png?x-cc=20&x-cu=28909&x-ct=1784098800&x-cs=1c65347df6640dbb63f6a353fcf51556""","https://b2bfiles1.gigab2b.cn/image/wkseller/113955/bf6b60bf861badf5193375313ae7ea0f.png?x-cc=20&x-cu=28909&x-ct=1784098800&x-cs=255562014932053a26e08b172d2fe846""]",https://pub-606bcd6c031442e4959f73b5435fefd1.r2.dev/shipping-guide.png,,,,,,,,,,,,,,手すり付き4段脚立、滑り止め付きワイドペダル付き折りたたみステップスツール,"ホムブリスショップへようこそ
♪すべての商品は未開封の新品です
♪フォロー割あり
♪まとめ買い割あり：2点で2%OFF、3点で3%OFF、最大5%（一部商品適用外）
♪発送と送料：在庫品は1～2営業日以内に発送、再入荷商品は入荷後1～2営業日以内に発送いたします。北海道は基本的に追加送料不要です。沖縄への送料は別途お見積りが必須です。

【商品説明】

重量(kg): 9.35
長さ(cm): 162
幅(cm): 53
高さ(cm): 10.5
組立時重量: 3.49
組立時長さ: 78.74
組立時幅: 52.07
組立時高さ: 149.86
主要素材: Carbon steel
主要カラー: Yellow",イエロー,0,W6077P508994,,,,,,,,,,,,,,,,,,,,,,,,,,,,,,,,,,,,,,,11466,mj3ot2dY5CAWU8XwvWKW3A,1,1,jp13,1,1,1,,,,,,,
"https://b2bfiles1.gigab2b.cn/image/wkseller/113955/60f0904e8c3477568a28fca555411585.png?x-cc=20&x-cu=28909&x-ct=1784098800&x-cs=47318e5d36c164579bc20bd6902476ac""","https://b2bfiles1.gigab2b.cn/image/wkseller/113955/7c286170cf0672f2c170b2fce30e4b22.png?x-cc=20&x-cu=28909&x-ct=1784098800&x-cs=7d71d3b7a0056e5e7272709a6c4713a5""","https://b2bfiles1.gigab2b.cn/image/wkseller/113955/fb0963b1ebbca478377e219a218afcc5.jpg?x-cc=20&x-cu=28909&x-ct=1784098800&x-cs=85781ec784e323758fab065cc5b87975""","https://b2bfiles1.gigab2b.cn/image/wkseller/113955/d31784c3e5706c0f8484e0a3dce56906.png?x-cc=20&x-cu=28909&x-ct=1784098800&x-cs=b93c99c6e6c1ab179ea141de186a8971""","https://b2bfiles1.gigab2b.cn/image/wkseller/113955/ece8f3ff935e19b2e3dcac5744aa9477.png?x-cc=20&x-cu=28909&x-ct=1784098800&x-cs=9d7c1a218b4e7ff47c543c873de2993e""","https://b2bfiles1.gigab2b.cn/image/wkseller/113955/bf6b60bf861badf5193375313ae7ea0f.png?x-cc=20&x-cu=28909&x-ct=1784098800&x-cs=255562014932053a26e08b172d2fe846""]",https://pub-606bcd6c031442e4959f73b5435fefd1.r2.dev/shipping-guide.png,,,,,,,,,,,,,,手すり付き5段脚立、滑り止め付きワイドペダル付き折りたたみ式ステップスツール,"ホムブリスショップへようこそ
♪すべての商品は未開封の新品です
♪フォロー割あり
♪まとめ買い割あり：2点で2%OFF、3点で3%OFF、最大5%（一部商品適用外）
♪発送と送料：在庫品は1～2営業日以内に発送、再入荷商品は入荷後1～2営業日以内に発送いたします。北海道は基本的に追加送料不要です。沖縄への送料は別途お見積りが必須です。

【商品説明】

重量(kg): 11.1
長さ(cm): 188
幅(cm): 53
高さ(cm): 10.5
組立時重量: Not Applicable
組立時長さ: Not Applicable
組立時幅: Not Applicable
組立時高さ: Not Applicable
主要素材: Carbon steel
主要カラー: Yellow",イエロー,0,W6077P509006,,,,,,,,,,,,,,,,,,,,,,,,,,,,,,,,,,,,,,,14483,mj3ot2dY5CAWU8XwvWKW3A,1,1,jp13,1,1,1,,,,,,,
"https://b2bfiles1.gigab2b.cn/image/wkseller/113955/d7164d52c72f991109b130b82cc464ab.jpg?x-cc=20&x-cu=28909&x-ct=1784098800&x-cs=b10f640b86907ab5f6fe835912eaf12e""","https://b2bfiles1.gigab2b.cn/image/wkseller/113955/ecbc22a4b9e69a126896b83033742cc6.png?x-cc=20&x-cu=28909&x-ct=1784098800&x-cs=a8d1e8991cb1abfd3adcc4d18936bd4d""","https://b2bfiles1.gigab2b.cn/image/wkseller/113955/6fca8739b033220095da22e10e32e6d4.png?x-cc=20&x-cu=28909&x-ct=1784098800&x-cs=04a3df3121690bdf0485879421b965d9""","https://b2bfiles1.gigab2b.cn/image/wkseller/113955/17213c65648d49c7ff99f5382870e9a1.png?x-cc=20&x-cu=28909&x-ct=1784098800&x-cs=1229debcdaaf93e4099afba2770315a4""","https://b2bfiles1.gigab2b.cn/image/wkseller/113955/80aea68a0ab0be0034d7d04fba8cad38.png?x-cc=20&x-cu=28909&x-ct=1784098800&x-cs=da555c4f5641b8bbb39c1bb86e919ed4""","https://b2bfiles1.gigab2b.cn/image/wkseller/113955/5005567013fe8b0d3351e58eef3c5a32.jpg?x-cc=20&x-cu=28909&x-ct=1784098800&x-cs=6d33309f296a84d6e5db9a40428f0c15""]",https://pub-606bcd6c031442e4959f73b5435fefd1.r2.dev/shipping-guide.png,,,,,,,,,,,,,,m×15mの黒色ビニールコーティング金属網、16号5/7cmの黒色PVC金属網、黒色溶接金属網用支持架、家禽用ケージの防護柵,"ホムブリスショップへようこそ
♪すべての商品は未開封の新品です
♪フォロー割あり
♪まとめ買い割あり：2点で2%OFF、3点で3%OFF、最大5%（一部商品適用外）
♪発送と送料：在庫品は1～2営業日以内に発送、再入荷商品は入荷後1～2営業日以内に発送いたします。北海道は基本的に追加送料不要です。沖縄への送料は別途お見積りが必須です。

【商品説明】

重量(kg): 8.71
長さ(cm): 101.6
幅(cm): 22.86
高さ(cm): 22.86
組立時重量: 8.62
組立時長さ: 1499.00
組立時幅: Not Applicable
組立時高さ: 101.60
主要素材: Iron
主要カラー: Carbon Black",,0,W6077P509019,,,,,,,,,,,,,,,,,,,,,,,,,,,,,,,,,,,,,,,11001,DkjqZAKBXaZN8FB2Kb6zhX,1,1,jp13,1,1,1,,,,,,,
"https://b2bfiles1.gigab2b.cn/image/wkseller/113955/ececd95270f2cdefd67c0935a4abc97b.png?x-cc=20&x-cu=28909&x-ct=1784098800&x-cs=11c7a2f92632f02114fd63d7a8aa26cf""","https://b2bfiles1.gigab2b.cn/image/wkseller/113955/94a8ee004e64a910fad1b58986d60197.png?x-cc=20&x-cu=28909&x-ct=1784098800&x-cs=f505aa499a0302ea672956a9cf5d4ac3""","https://b2bfiles1.gigab2b.cn/image/wkseller/113955/2dba0b609aff753755a4a89ba5f6392d.png?x-cc=20&x-cu=28909&x-ct=1784098800&x-cs=b697a46d6e49c437d4bb9bbbf155e597""","https://b2bfiles1.gigab2b.cn/image/wkseller/113955/12d46b64545c7c06ff6fec1fb3ec9a53.png?x-cc=20&x-cu=28909&x-ct=1784098800&x-cs=4c426f382a13d40355cd69b6da7b7677""","https://b2bfiles1.gigab2b.cn/image/wkseller/113955/1ddc029bf84bf5b149833c97173cb955.jpg?x-cc=20&x-cu=28909&x-ct=1784098800&x-cs=14c5f55e6879efc49b3aaccb982356a7""","https://b2bfiles1.gigab2b.cn/image/wkseller/113955/836ec3e2ef8b7d8f3363451a8c2a11ce.jpg?x-cc=20&x-cu=28909&x-ct=1784098800&x-cs=4d543ee1648bda00f21ee5bf0ec359f6""","https://b2bfiles1.gigab2b.cn/image/wkseller/113955/e02c40e435e02fbfaa16fa1960f73a62.jpg?x-cc=20&x-cu=28909&x-ct=1784098800&x-cs=0fcc72c9196a068c2ca7fb9c058b0575""","https://b2bfiles1.gigab2b.cn/image/wkseller/113955/ae68aab1438b7eec0064de571c862a5d.jpg?x-cc=20&x-cu=28909&x-ct=1784098800&x-cs=f913c17e384dcb57cbe9a0d0d2894036""","https://b2bfiles1.gigab2b.cn/image/wkseller/113955/b95fd53d4fecea85d67d718888367e7d.png?x-cc=20&x-cu=28909&x-ct=1784098800&x-cs=7dc35c5020dffce1ea7b8eded7e14035""","https://b2bfiles1.gigab2b.cn/image/wkseller/113955/23d32f6ec2e9decc6dd11a219172bc23.png?x-cc=20&x-cu=28909&x-ct=1784098800&x-cs=283aaf4e6fa570f7e2b5e7a9347de37c""]",https://pub-606bcd6c031442e4959f73b5435fefd1.r2.dev/shipping-guide.png,,,,,,,,,,[単線]、有刺鉄線フェンス、100mの有刺鉄線フェンス、有刺鉄線フェンス1ロール、有刺鉄線、亜鉛メッキ有刺鉄線フェンス、庭用有刺鉄線ロール,"ホムブリスショップへようこそ
♪すべての商品は未開封の新品です
♪フォロー割あり
♪まとめ買い割あり：2点で2%OFF、3点で3%OFF、最大5%（一部商品適用外）
♪発送と送料：在庫品は1～2営業日以内に発送、再入荷商品は入荷後1～2営業日以内に発送いたします。北海道は基本的に追加送料不要です。沖縄への送料は別途お見積りが必須です。

【商品説明】

重量(kg): 10.21
長さ(cm): 50.8
幅(cm): 50.8
高さ(cm): 10.16
組立時重量: Not Applicable
組立時長さ: Not Applicable
組立時幅: Not Applicable
組立時高さ: Not Applicable
主要素材: Iron
主要カラー: Silver",シルバー,0,W6077P509028,,,,,,,,,,,,,,,,,,,,,,,,,,,,,,,,,,,,,,,5001,DkjqZAKBXaZN8FB2Kb6zhX,1,1,jp13,1,1,1,,,,,,,
"https://b2bfiles1.gigab2b.cn/image/wkseller/113955/aa80cd216601fb233ca64fe72c614270.jpg?x-cc=20&x-cu=28909&x-ct=1784098800&x-cs=a07a4ed0b0e9196359ec260e1c60ece1""","https://b2bfiles1.gigab2b.cn/image/wkseller/113955/7eb1cacc406a265216527838e4e0fcf1.png?x-cc=20&x-cu=28909&x-ct=1784098800&x-cs=85ab6ff054fd90887742d670d0cf6cda""","https://b2bfiles1.gigab2b.cn/image/wkseller/113955/b8d148ccc12c233acb8f8e1c125824c8.png?x-cc=20&x-cu=28909&x-ct=1784098800&x-cs=626a771f9ff55299514ac841acf7c092""","https://b2bfiles1.gigab2b.cn/image/wkseller/113955/94ed794854627e3c7e66f2c3b15f8fba.png?x-cc=20&x-cu=28909&x-ct=1784098800&x-cs=f200ba52ef7dc1807b68d1829b8091db""","https://b2bfiles1.gigab2b.cn/image/wkseller/113955/1c5ada2701b15377c648ac630cad0a87.png?x-cc=20&x-cu=28909&x-ct=1784098800&x-cs=c31995b089e2e18ac0685f20b66e6897""","https://b2bfiles1.gigab2b.cn/image/wkseller/113955/c7cea786e2dc2f5f8474ec60b6287738.png?x-cc=20&x-cu=28909&x-ct=1784098800&x-cs=983313753ce40d64e2d3defaddeaa4db""","https://b2bfiles1.gigab2b.cn/image/wkseller/113955/11f665776590ea03fe1655436f8400bf.png?x-cc=20&x-cu=28909&x-ct=1784098800&x-cs=14d6deba98b7b0424c9d2eead53c3155""]",https://pub-606bcd6c031442e4959f73b5435fefd1.r2.dev/shipping-guide.png,,,,,,,,,,,,,ガーデンフェンス用支柱6本セット。金属メッシュフェンスに適した、高さ約122cmの頑丈なU字型金属支柱。掘削不要の仮設フェンス用支柱、黒色,"ホムブリスショップへようこそ
♪すべての商品は未開封の新品です
♪フォロー割あり
♪まとめ買い割あり：2点で2%OFF、3点で3%OFF、最大5%（一部商品適用外）
♪発送と送料：在庫品は1～2営業日以内に発送、再入荷商品は入荷後1～2営業日以内に発送いたします。北海道は基本的に追加送料不要です。沖縄への送料は別途お見積りが必須です。

【商品説明】

重量(kg): 4.45
長さ(cm): 119.38
幅(cm): 10.16
高さ(cm): 10.16
組立時重量: Not Applicable
組立時長さ: Not Applicable
組立時幅: Not Applicable
組立時高さ: Not Applicable
主要素材: Iron
主要カラー: Black",ブラック,0,W6077P509042,,,,,,,,,,,,,,,,,,,,,,,,,,,,,,,,,,,,,,,5201,DkjqZAKBXaZN8FB2Kb6zhX,1,1,jp13,1,1,1,,,,,,,
"https://b2bfiles1.gigab2b.cn/image/wkseller/113955/5911e7c84ce9b1dda9f9193647f3d106.jpg?x-cc=20&x-cu=28909&x-ct=1784098800&x-cs=5d6f25731dab9490e9cf05ec97d0788d""","https://b2bfiles1.gigab2b.cn/image/wkseller/113955/0b973a5e358f26fb997dc75a8861ef67.png?x-cc=20&x-cu=28909&x-ct=1784098800&x-cs=13e000d07663bec5a17a331884f37073""","https://b2bfiles1.gigab2b.cn/image/wkseller/113955/2dba0b609aff753755a4a89ba5f6392d.png?x-cc=20&x-cu=28909&x-ct=1784098800&x-cs=b697a46d6e49c437d4bb9bbbf155e597""","https://b2bfiles1.gigab2b.cn/image/wkseller/113955/12d46b64545c7c06ff6fec1fb3ec9a53.png?x-cc=20&x-cu=28909&x-ct=1784098800&x-cs=4c426f382a13d40355cd69b6da7b7677""","https://b2bfiles1.gigab2b.cn/image/wkseller/113955/1ddc029bf84bf5b149833c97173cb955.jpg?x-cc=20&x-cu=28909&x-ct=1784098800&x-cs=14c5f55e6879efc49b3aaccb982356a7""","https://b2bfiles1.gigab2b.cn/image/wkseller/113955/ac6f8ad94bf752d545bf90542d39e2ce.jpg?x-cc=20&x-cu=28909&x-ct=1784098800&x-cs=a0bb7fc36634a1b14816ebb7da95924c""","https://b2bfiles1.gigab2b.cn/image/wkseller/113955/e02c40e435e02fbfaa16fa1960f73a62.jpg?x-cc=20&x-cu=28909&x-ct=1784098800&x-cs=0fcc72c9196a068c2ca7fb9c058b0575""","https://b2bfiles1.gigab2b.cn/image/wkseller/113955/ae68aab1438b7eec0064de571c862a5d.jpg?x-cc=20&x-cu=28909&x-ct=1784098800&x-cs=f913c17e384dcb57cbe9a0d0d2894036""","https://b2bfiles1.gigab2b.cn/image/wkseller/113955/b95fd53d4fecea85d67d718888367e7d.png?x-cc=20&x-cu=28909&x-ct=1784098800&x-cs=7dc35c5020dffce1ea7b8eded7e14035""","https://b2bfiles1.gigab2b.cn/image/wkseller/113955/23d32f6ec2e9decc6dd11a219172bc23.png?x-cc=20&x-cu=28909&x-ct=1784098800&x-cs=283aaf4e6fa570f7e2b5e7a9347de37c""]",https://pub-606bcd6c031442e4959f73b5435fefd1.r2.dev/shipping-guide.png,,,,,,,,,,[2本線] 有刺鉄線フェンス、15m有刺鉄線フェンス、有刺鉄線フェンス1巻、有刺鉄線フェンス、亜鉛メッキ有刺鉄線フェンス、庭用有刺鉄線フェンス（ロール）,"ホムブリスショップへようこそ
♪すべての商品は未開封の新品です
♪フォロー割あり
♪まとめ買い割あり：2点で2%OFF、3点で3%OFF、最大5%（一部商品適用外）
♪発送と送料：在庫品は1～2営業日以内に発送、再入荷商品は入荷後1～2営業日以内に発送いたします。北海道は基本的に追加送料不要です。沖縄への送料は別途お見積りが必須です。

【商品説明】

重量(kg): 10
長さ(cm): 50
幅(cm): 50
高さ(cm): 10.17
組立時重量: Not Applicable
組立時長さ: Not Applicable
組立時幅: Not Applicable
組立時高さ: Not Applicable
主要素材: Iron
主要カラー: Silver",シルバー,0,W6077P509934,,,,,,,,,,,,,,,,,,,,,,,,,,,,,,,,,,,,,,,5001,DkjqZAKBXaZN8FB2Kb6zhX,1,1,jp13,1,1,1,,,,,,,
"https://b2bfiles1.gigab2b.cn/image/wkseller/6313/b7953e9220946aee59a06dbd1bf03052.jpg?x-cc=20&x-cu=28909&x-ct=1784098800&x-cs=a598016ec738f86f013b5e4a2b826254""","https://b2bfiles1.gigab2b.cn/image/wkseller/6313/d3030c11f68bac6a25848f50b76bf085.jpg?x-cc=20&x-cu=28909&x-ct=1784098800&x-cs=e3149584f9a1db8112ac78b001fe7746""","https://b2bfiles1.gigab2b.cn/image/wkseller/6313/668f48077a4849617fbb496d4a5a795c.jpg?x-cc=20&x-cu=28909&x-ct=1784098800&x-cs=35846fc301917799e3313c070baa2b52""","https://b2bfiles1.gigab2b.cn/image/wkseller/6313/76e911c5be7471f858c4011733692e68.jpg?x-cc=20&x-cu=28909&x-ct=1784098800&x-cs=4ff2b896ef1ad9d2c379cbb834883fd9""","https://b2bfiles1.gigab2b.cn/image/wkseller/6313/9a26c6cf63d2012bd586e052155a056f.jpg?x-cc=20&x-cu=28909&x-ct=1784098800&x-cs=bb452160f2b615c5cb7e20a431793286""","https://b2bfiles1.gigab2b.cn/image/wkseller/6313/7e9276b9faef39bcdde3ad1e082389fb.jpg?x-cc=20&x-cu=28909&x-ct=1784098800&x-cs=a46ab2fabb91e37637489b9821b36d01""","https://b2bfiles1.gigab2b.cn/image/wkseller/6313/09293cc2334801c021c551b9d7c35a4e.jpg?x-cc=20&x-cu=28909&x-ct=1784098800&x-cs=7e412fcc87052779a7dda8f6ef49046f""","https://b2bfiles1.gigab2b.cn/image/wkseller/6313/0a7fee499a28fc910e9ebed5cefdb04b.jpg?x-cc=20&x-cu=28909&x-ct=1784098800&x-cs=1e5811aa7db1a8269c5c98a882010db6""","https://b2bfiles1.gigab2b.cn/image/wkseller/6313/6446d680f5589429fe53f0e6ee858528.jpg?x-cc=20&x-cu=28909&x-ct=1784098800&x-cs=688c61eba9c7d74f00dfbc108645e138""","https://b2bfiles1.gigab2b.cn/image/wkseller/6313/88d1d61ed1a0de868a7d2b0fe6ac6661.jpg?x-cc=20&x-cu=28909&x-ct=1784098800&x-cs=5bbc46e08264aab9922479129d37f221""","https://b2bfiles1.gigab2b.cn/image/wkseller/6313/a7a47509677fb183f967c3d5b2e7d085.jpg?x-cc=20&x-cu=28909&x-ct=1784098800&x-cs=2b28a7fbbbbd19c8659beb6a9c2d3102""","https://b2bfiles1.gigab2b.cn/image/wkseller/6313/5e2c8915e99c5544ea89d750ba613706.jpg?x-cc=20&x-cu=28909&x-ct=1784098800&x-cs=c231da03cfbf221b466d4998fd2732d6""","https://b2bfiles1.gigab2b.cn/image/wkseller/6313/2eb22a059b4a44f564be591758f22cb2.jpg?x-cc=20&x-cu=28909&x-ct=1784098800&x-cs=777598557325f3636ca762732eddab96""","https://b2bfiles1.gigab2b.cn/image/wkseller/6313/8b4590bca32e8086629b80fbe6ebecf6.jpg?x-cc=20&x-cu=28909&x-ct=1784098800&x-cs=5ebef3b8492ecaf2f3a8da5e7b897c36""","https://b2bfiles1.gigab2b.cn/image/wkseller/6313/6980cb61146853ab8dab6db1367bf63b.jpg?x-cc=20&x-cu=28909&x-ct=1784098800&x-cs=a15e6466ca96348b885e4589935036e3""","https://b2bfiles1.gigab2b.cn/image/wkseller/6313/e0a551dff00c4acf767171a7c0b13170.jpg?x-cc=20&x-cu=28909&x-ct=1784098800&x-cs=4e8504850b81c688c4defa14f7334e77""","https://b2bfiles1.gigab2b.cn/image/wkseller/6313/430b7122b44d598279bdef0d890bf185.jpg?x-cc=20&x-cu=28909&x-ct=1784098800&x-cs=b663d9b8014b81387cd93fc929048894""","https://b2bfiles1.gigab2b.cn/image/wkseller/6313/018317ce860854950e07096da885f781.jpg?x-cc=20&x-cu=28909&x-ct=1784098800&x-cs=dcf97729a79ff2c711d40724a8e4dbfe""","https://b2bfiles1.gigab2b.cn/image/wkseller/6313/8595573c7486f52c951cb011d21c09e4.jpg?x-cc=20&x-cu=28909&x-ct=1784098800&x-cs=e8bdea9fc73ef3696dca63fc033c0b2b""",https://pub-606bcd6c031442e4959f73b5435fefd1.r2.dev/shipping-guide.png,照明＆引き出し付き ガラスディスプレイキャビネット｜鍵付き強化ガラス収納棚｜リビング・寝室用 1ドア4段 ブラック,"ホムブリスショップへようこそ
♪すべての商品は未開封の新品です
♪フォロー割あり
♪まとめ買い割あり：2点で2%OFF、3点で3%OFF、最大5%（一部商品適用外）
♪発送と送料：在庫品は1～2営業日以内に発送、再入荷商品は入荷後1～2営業日以内に発送いたします。北海道は基本的に追加送料不要です。沖縄への送料は別途お見積りが必須です。

【商品説明】

重量(kg): 46.8
長さ(cm): 154
幅(cm): 47.8
高さ(cm): 13.5
組立時重量: 44.20
組立時長さ: 42.50
組立時幅: 37.00
組立時高さ: 167.50
主要素材: MDF,Tempered Glass
主要カラー: Clear+Black",クリア+ブラック,0,W770P449830,,,,,,,,,,,,,,,,,,,,,,,,,,,,,,,,,,,,,,,16787,nrCpawxs5bctcfDGwjS7Qf,1,1,jp13,1,1,1,,,,,,,
"https://b2bfiles1.gigab2b.cn/image/wkseller/6313/9c7deaf388debbce85dbcb43a856ff89.jpg?x-cc=20&x-cu=28909&x-ct=1784098800&x-cs=48ecfff442ed8f14b44f755473f4226f""","https://b2bfiles1.gigab2b.cn/image/wkseller/6313/d7464d104ce4f374fcaeb9786b5eb216.jpg?x-cc=20&x-cu=28909&x-ct=1784098800&x-cs=3a6ac341fc61ca8ec797f4116424121a""","https://b2bfiles1.gigab2b.cn/image/wkseller/6313/239afb0ad0bd58f62fe2390990dce190.jpg?x-cc=20&x-cu=28909&x-ct=1784098800&x-cs=49b79892bc9f54283c9a7085c68a7684""","https://b2bfiles1.gigab2b.cn/image/wkseller/6313/85160aa846b26791ffe3948c975e4778.jpg?x-cc=20&x-cu=28909&x-ct=1784098800&x-cs=ccc10dbabc8ea484756fb6458fb30626""","https://b2bfiles1.gigab2b.cn/image/wkseller/6313/74278e2a1bcea9da734c266530143e83.jpg?x-cc=20&x-cu=28909&x-ct=1784098800&x-cs=480707ed12d0494f93828e212e5d6127""","https://b2bfiles1.gigab2b.cn/image/wkseller/6313/c1f968b73736b7e47976329cb481834a.jpg?x-cc=20&x-cu=28909&x-ct=1784098800&x-cs=54b088b2bcb8c131d5e3baf1a3ce71fd""","https://b2bfiles1.gigab2b.cn/image/wkseller/6313/da9bc2c39c17a82922155511389c005d.jpg?x-cc=20&x-cu=28909&x-ct=1784098800&x-cs=4202f95fc84c282ca40052ce5faea712""","https://b2bfiles1.gigab2b.cn/image/wkseller/6313/8fbc0774119da62377a56e6465e6d69f.jpg?x-cc=20&x-cu=28909&x-ct=1784098800&x-cs=c0885165c2b614d1c297aa046af8901e""","https://b2bfiles1.gigab2b.cn/image/wkseller/6313/f98881d35a3c0eb07a1efba5ca06cc66.jpg?x-cc=20&x-cu=28909&x-ct=1784098800&x-cs=0527d9b08b6ab77360f467c3fcba34dc""","https://b2bfiles1.gigab2b.cn/image/wkseller/6313/d4f37cadc13c502d8f6587e3114f7997.jpg?x-cc=20&x-cu=28909&x-ct=1784098800&x-cs=b394828ddd542279b09d58dbf603049a""","https://b2bfiles1.gigab2b.cn/image/wkseller/6313/70839640d173fbeda99bc749edee53eb.jpg?x-cc=20&x-cu=28909&x-ct=1784098800&x-cs=67a09ebc8147e85249b0049112a6ccd5""","https://b2bfiles1.gigab2b.cn/image/wkseller/6313/1f19ed705cf616cdc53e0128e843720c.jpg?x-cc=20&x-cu=28909&x-ct=1784098800&x-cs=72100217b528dd0dfcacb2d2a7f44a0b""","https://b2bfiles1.gigab2b.cn/image/wkseller/6313/ea99bef6af186ac19146ba5434f17737.jpg?x-cc=20&x-cu=28909&x-ct=1784098800&x-cs=5d3ad09488ed5dda676d693bf2950136""","https://b2bfiles1.gigab2b.cn/image/wkseller/6313/5f7ecad00dfaa0a3004162fb02a93fe8.jpg?x-cc=20&x-cu=28909&x-ct=1784098800&x-cs=c98c0c32e476718f3b1d3c61cd0e5b85""","https://b2bfiles1.gigab2b.cn/image/wkseller/6313/6ef5d6f39ac3203397c075460c6a48e5.jpg?x-cc=20&x-cu=28909&x-ct=1784098800&x-cs=04672fd4fe28e6e09d02db8b2e25345c""]",https://pub-606bcd6c031442e4959f73b5435fefd1.r2.dev/shipping-guide.png,,,,,二段ラウンドコーヒーテーブル 強化ガラス天板+型くずれガラス収納棚 ミニマリストデザイン リビング専用 クリア,"ホムブリスショップへようこそ
♪すべての商品は未開封の新品です
♪フォロー割あり
♪まとめ買い割あり：2点で2%OFF、3点で3%OFF、最大5%（一部商品適用外）
♪発送と送料：在庫品は1～2営業日以内に発送、再入荷商品は入荷後1～2営業日以内に発送いたします。北海道は基本的に追加送料不要です。沖縄への送料は別途お見積りが必須です。

【商品説明】

重量(kg): 14.6
長さ(cm): 85.2
幅(cm): 86.1
高さ(cm): 7.5
組立時重量: 12.65
組立時長さ: 80.00
組立時幅: 80.00
組立時高さ: 37.00
主要素材: Tempered Glass
主要カラー: Transparent",クリア,0,W770P529851,,,,,,,,,,,,,,,,,,,,,,,,,,,,,,,,,,,,,,,7817,9F9UQUdqrevazC22do3gx7,1,1,jp13,1,1,1,,,,,,,
"https://b2bfiles1.gigab2b.cn/image/wkseller/6313/875b68c5b3c0327c070db323a74f7e9f.jpg?x-cc=20&x-cu=28909&x-ct=1784098800&x-cs=518b26db166c6f77932abeb37b1087ef""","https://b2bfiles1.gigab2b.cn/image/wkseller/6313/3b216388a0726acc3f6b4d84ca1b7443.jpg?x-cc=20&x-cu=28909&x-ct=1784098800&x-cs=ba83313dd22fe800ddca0cd31121c0d1""","https://b2bfiles1.gigab2b.cn/image/wkseller/6313/214ed5e87245eeb5f46a240b17694917.jpg?x-cc=20&x-cu=28909&x-ct=1784098800&x-cs=3a4d2b38707d8a5ac53b565dceb1e4c3""","https://b2bfiles1.gigab2b.cn/image/wkseller/6313/6cd697a5115389a72645a18e49938466.jpg?x-cc=20&x-cu=28909&x-ct=1784098800&x-cs=f88bdf2cee956e6619638ca660a37b44""","https://b2bfiles1.gigab2b.cn/image/wkseller/6313/6ec571916518dfe02c1036d881a79c2d.jpg?x-cc=20&x-cu=28909&x-ct=1784098800&x-cs=3b5c15f80e4d27b443412310337c8dd0""","https://b2bfiles1.gigab2b.cn/image/wkseller/6313/ee276131f0e3d48264f4cafa1d89d635.jpg?x-cc=20&x-cu=28909&x-ct=1784098800&x-cs=72d748aa18e7cee0802d10d14bd389a4""","https://b2bfiles1.gigab2b.cn/image/wkseller/6313/7867fd46d372a0c380b6bf394a6fff38.jpg?x-cc=20&x-cu=28909&x-ct=1784098800&x-cs=94b92bd71f9f9bc4af9bf8ce0f8f57d1""","https://b2bfiles1.gigab2b.cn/image/wkseller/6313/677c1e2d4d23f547374016fa06ebcf1d.jpg?x-cc=20&x-cu=28909&x-ct=1784098800&x-cs=bd5e8848b91e9cc2bd86dc99d93d875c""","https://b2bfiles1.gigab2b.cn/image/wkseller/6313/eddef734befe82ff347bf490d025e658.jpg?x-cc=20&x-cu=28909&x-ct=1784098800&x-cs=ec40b9117a9a56abc8d0ac61b2264066""","https://b2bfiles1.gigab2b.cn/image/wkseller/6313/2adae4704ad8aaa314d5944b078a64cb.jpg?x-cc=20&x-cu=28909&x-ct=1784098800&x-cs=d86bedba80b1a28193ec5b06e37e9c74""","https://b2bfiles1.gigab2b.cn/image/wkseller/6313/31ceb277e2d3e7ba8139487e4f577593.jpg?x-cc=20&x-cu=28909&x-ct=1784098800&x-cs=efe4a9c949cc5780d3bd4e4560a7afe0""","https://b2bfiles1.gigab2b.cn/image/wkseller/6313/ef5eb595c3c78dafa16c323e3c78ceb4.jpg?x-cc=20&x-cu=28909&x-ct=1784098800&x-cs=8e65c46aaf907239e80530e81c2ad56c""","https://b2bfiles1.gigab2b.cn/image/wkseller/6313/449168d0cc04dc179d79cfe030f2ed6d.jpg?x-cc=20&x-cu=28909&x-ct=1784098800&x-cs=663f1fdf8cbbf19e5b98a8ad6c79989f""","https://b2bfiles1.gigab2b.cn/image/wkseller/6313/22c97630bb22f7dd5b4d745d0eb98b5f.jpg?x-cc=20&x-cu=28909&x-ct=1784098800&x-cs=b0217eb8eed14cee01d9dda5c07f1207""","https://b2bfiles1.gigab2b.cn/image/wkseller/6313/083e35f750f9d94c6e4be094a57ce901.jpg?x-cc=20&x-cu=28909&x-ct=1784098800&x-cs=2904cf3fef6cad1a97e7a070657a80ac""]",https://pub-606bcd6c031442e4959f73b5435fefd1.r2.dev/shipping-guide.png,,,,,二段ラウンドコーヒーテーブル 強化ガラス天板+MDF収納棚 ミニマリストデザイン リビング専用 ホワイト,"ホムブリスショップへようこそ
♪すべての商品は未開封の新品です
♪フォロー割あり
♪まとめ買い割あり：2点で2%OFF、3点で3%OFF、最大5%（一部商品適用外）
♪発送と送料：在庫品は1～2営業日以内に発送、再入荷商品は入荷後1～2営業日以内に発送いたします。北海道は基本的に追加送料不要です。沖縄への送料は別途お見積りが必須です。

【商品説明】

重量(kg): 14.1
長さ(cm): 85
幅(cm): 86.1
高さ(cm): 7.8
組立時重量: 11.95
組立時長さ: 80.00
組立時幅: 80.00
組立時高さ: 37.00
主要素材: Tempered Glass
主要カラー: White",ホワイト,0,W770P529856,,,,,,,,,,,,,,,,,,,,,,,,,,,,,,,,,,,,,,,8557,9F9UQUdqrevazC22do3gx7,1,1,jp13,1,1,1,,,,,,,
"https://b2bfiles1.gigab2b.cn/image/wkseller/6313/148615d13a25503eefb67f696923f51f.jpg?x-cc=20&x-cu=28909&x-ct=1784098800&x-cs=32f91cdf775442ed0a37bacced1dd33d""","https://b2bfiles1.gigab2b.cn/image/wkseller/6313/b273b0897a964567944439f820fdd47e.jpg?x-cc=20&x-cu=28909&x-ct=1784098800&x-cs=ad4e0bd11c9744ffd1679984d4c7b3bd""","https://b2bfiles1.gigab2b.cn/image/wkseller/6313/4a8063a33fe33c17703deaa863965ec1.jpg?x-cc=20&x-cu=28909&x-ct=1784098800&x-cs=43afbc2bdb82ca60e0141754cbc1ba31""","https://b2bfiles1.gigab2b.cn/image/wkseller/6313/9de3764c5150fc7f8554ed4af69956c6.jpg?x-cc=20&x-cu=28909&x-ct=1784098800&x-cs=839cf6e30957c7410f07b5a0935bee59""","https://b2bfiles1.gigab2b.cn/image/wkseller/6313/aaf1b3fdc7cdb9681305b73678f75867.jpg?x-cc=20&x-cu=28909&x-ct=1784098800&x-cs=c5abfed463ee8a4c05efa1493dc02fe5""","https://b2bfiles1.gigab2b.cn/image/wkseller/6313/f0620b61337a58bc4a6221835664f1f3.jpg?x-cc=20&x-cu=28909&x-ct=1784098800&x-cs=a74e5eef07dca7e890e8a6c3376ea1f3""","https://b2bfiles1.gigab2b.cn/image/wkseller/6313/7c94a2dc92ca9b2101d0212b43600b65.jpg?x-cc=20&x-cu=28909&x-ct=1784098800&x-cs=5b931c4ce7c50a7b7959088bfbec1ec1""","https://b2bfiles1.gigab2b.cn/image/wkseller/6313/dd5f7e2065e9829b8fc3f998351d3dfd.jpg?x-cc=20&x-cu=28909&x-ct=1784098800&x-cs=3bc67ea2640cf11885b0e9796f41865d""","https://b2bfiles1.gigab2b.cn/image/wkseller/6313/c026ea7855297d39dd1347a8aaec9625.jpg?x-cc=20&x-cu=28909&x-ct=1784098800&x-cs=59193ee0e661608000b41c90a4bf6e21""","https://b2bfiles1.gigab2b.cn/image/wkseller/6313/c3e45f8d98f4ed76341b872e1c659b6b.jpg?x-cc=20&x-cu=28909&x-ct=1784098800&x-cs=c774b76b2b013a863f6d1600168ed3e5""","https://b2bfiles1.gigab2b.cn/image/wkseller/6313/7522a4238fe349052691980847950867.jpg?x-cc=20&x-cu=28909&x-ct=1784098800&x-cs=574f1bed49b689763dc7675beb8fa80f""","https://b2bfiles1.gigab2b.cn/image/wkseller/6313/21537fe54ae8b9b83c04debde2f3ddb6.jpg?x-cc=20&x-cu=28909&x-ct=1784098800&x-cs=c842e7429b5e5ebb09f610d813137b34""","https://b2bfiles1.gigab2b.cn/image/wkseller/6313/0d493b15351b620bf4ed4fc60d7d7bc4.jpg?x-cc=20&x-cu=28909&x-ct=1784098800&x-cs=4bde7b1a67e9e44d73a2ab83c29dfb67""","https://b2bfiles1.gigab2b.cn/image/wkseller/6313/6e4b5b495d1ae2a84455eb4a4df95092.jpg?x-cc=20&x-cu=28909&x-ct=1784098800&x-cs=678190217aa4c759ac83d3d337d7fd1f""","https://b2bfiles1.gigab2b.cn/image/wkseller/6313/b999b99b9969207ea7434e4aff6bc3e2.jpg?x-cc=20&x-cu=28909&x-ct=1784098800&x-cs=084f85b9f537cda0a009459ae6fada34""","https://b2bfiles1.gigab2b.cn/image/wkseller/6313/0cd191ec780499928a7fa9e0763a3c54.jpg?x-cc=20&x-cu=28909&x-ct=1784098800&x-cs=d9797f47321a2690888513d6c9dfaab0""","https://b2bfiles1.gigab2b.cn/image/wkseller/6313/dc888d0ae56fac0ee4c03f6bb630d105.jpg?x-cc=20&x-cu=28909&x-ct=1784098800&x-cs=a45ff7cb64d7d2908d92bd990dbddd69""","https://b2bfiles1.gigab2b.cn/image/wkseller/6313/a2584c2c11c697517de4676afa2ac31e.jpg?x-cc=20&x-cu=28909&x-ct=1784098800&x-cs=a026ee9bcb0219dedf3e3765db627085""","https://b2bfiles1.gigab2b.cn/image/wkseller/6313/ee5136e49da3b8ca6cd04e4847ce2443.jpg?x-cc=20&x-cu=28909&x-ct=1784098800&x-cs=5a0d7a14b2f070a1a99f54676f3e9809""",https://pub-606bcd6c031442e4959f73b5435fefd1.r2.dev/shipping-guide.png,照明・引き出し付き ガラス収納キャビネット｜ロック付き強化ガラス 4段 展示ケース｜リビング・寝室用 両開きドア ブラック,"ホムブリスショップへようこそ
♪すべての商品は未開封の新品です
♪フォロー割あり
♪まとめ買い割あり：2点で2%OFF、3点で3%OFF、最大5%（一部商品適用外）
♪発送と送料：在庫品は1～2営業日以内に発送、再入荷商品は入荷後1～2営業日以内に発送いたします。北海道は基本的に追加送料不要です。沖縄への送料は別途お見積りが必須です。

【商品説明】

組立時重量: 71.00
組立時長さ: 81.50
組立時幅: 37.00
組立時高さ: 167.50
主要素材: MDF,Tempered Glass
主要カラー: Clear+Black",クリア+ブラック,0,W770S00006,,,,,,,,,,,,,,,,,,,,,,,,,,,,,,,,,,,,,,,24192,nrCpawxs5bctcfDGwjS7Qf,1,1,jp13,1,1,1,,,,,,,
